hourOfDay,dayOfWeek,bayOccupied,recentAvgCurrent,sessionElapsedMin,neighborBaysOccupied,arrivedWithinWindow,actualDurationMin
2,4,1,13.393235342153883,109.4209432994543,1,0,93.03429744113016
18,5,1,5.942480544460533,103.6499597695435,1,1,80.75232257510187
15,1,0,9.974994228014975,0.0,0,0,54.02008685670908
10,2,1,8.809527661629895,94.39285844448915,0,1,86.78832419872553
10,6,1,7.070111582903761,116.2566377729306,0,1,82.21918942763874
20,5,0,12.177208648531638,0.0,0,1,39.43673506439848
2,2,0,0.0,0.0,2,0,69.42482137373847
16,1,0,10.422557590406514,0.0,1,0,37.72577226524197
4,2,1,11.548550123250125,109.75124113205446,2,1,79.30193257308389
2,3,1,5.203617267969937,82.81778416781759,2,0,95.54932201435962
12,3,0,19.56609360724692,0.0,2,0,34.796170749231365
23,1,1,9.027708126013426,110.05591246350188,2,0,97.12133011693676
17,0,0,10.812578787675815,0.0,0,0,38.173804419559296
18,3,1,9.038904180426487,48.21972160768776,2,1,65.7519193468934
17,5,0,11.59216939784707,0.0,2,0,54.41362778064123
18,1,1,18.540720467530246,86.60151994026563,2,1,66.73822883491813
12,2,0,24.365079019617372,0.0,0,0,36.305827284856335
3,1,1,15.728196018503294,113.17998710998042,0,0,87.98592892978272
20,1,0,17.439968834858856,0.0,1,0,33.83207975766907
10,4,1,20.58213740738541,92.93038128440143,0,0,88.9827635097641
12,2,0,13.244355383832286,0.0,2,0,52.70631105907795
8,1,1,19.85125436805935,104.28900154785298,1,0,72.76188894438971
4,6,1,15.962005661952016,105.46750271198795,0,0,77.26543880731106
22,1,1,12.71993679655786,99.43421646032311,0,0,94.91979227251667
18,1,0,13.75170517225734,0.0,1,0,41.16011933028622
15,6,1,2.892915183160879,95.31394015499193,1,0,82.26827896795349
9,3,0,13.46059630223075,0.0,1,1,53.400846153624414
19,0,0,4.2812623977685185,0.0,1,1,40.37052852267024
13,2,0,3.873654241944463,0.0,1,0,51.27441925545428
10,3,0,12.964393445126124,0.0,2,1,45.301759174882676
10,1,1,6.429607023999729,77.52077709895903,1,1,71.35887622785347
5,3,0,11.964431243483112,0.0,1,0,32.90366259486714
2,4,1,12.692172596749323,29.529364692785734,0,0,55.73434311519172
13,1,1,12.915248004085674,73.8043300861908,1,0,76.00476300438758
21,5,0,7.479392964789493,0.0,0,0,43.58404177917409
1,3,1,16.493411912405996,119.43225679987401,2,1,74.16810223573185
20,6,0,11.553823817669604,0.0,0,1,55.80559159345772
19,0,0,14.20537840085581,0.0,1,1,47.86072024392694
6,2,1,6.017801930265017,97.01466807584103,2,0,81.24646879094014
15,5,1,11.108362216020065,19.740600103000595,0,0,60.38935680534183
3,6,1,17.4864724163506,12.168059895192185,0,0,47.2035606393869
18,1,0,16.850888159043507,0.0,2,1,55.83300907718038
16,6,1,8.01353658537803,87.21429935266713,1,1,84.42753103019365
8,1,0,9.272209047125774,0.0,1,0,36.46330893064209
1,2,0,7.056566349680906,0.0,2,0,44.08483320151152
23,2,1,8.717935408695592,64.47215723069685,0,0,65.70366431973976
10,2,0,5.004662296467355,0.0,0,0,53.47275048550756
21,6,0,11.30912063795763,0.0,1,0,43.524789132327015
16,5,0,15.165691990914219,0.0,1,0,33.8491502878862
18,5,0,8.074735680994607,0.0,2,1,53.253330797076124
18,1,1,11.546968586694115,37.88117956750568,1,1,67.02177555768971
4,6,0,10.897507961843216,0.0,0,0,45.46011807032176
8,3,1,17.275593657991095,0.900991046276931,2,0,43.170539130997795
11,4,0,8.942040815977894,0.0,1,0,40.10591386911536
11,4,1,9.123919461745743,90.10391985853893,2,1,75.05693725594425
1,4,1,7.769894358538194,53.390625895937596,0,0,63.617739340001926
13,4,0,6.312452399607562,0.0,2,0,54.418730094478704
3,3,1,14.645924957234849,111.96332331864805,1,1,84.51863409130169
17,4,1,11.324446018347606,94.50459821264691,1,1,76.37951455923364
16,6,1,12.274049299116509,13.723762961981766,2,1,47.029018862205604
22,2,0,18.373205780976985,0.0,0,1,24.558889507856623
17,3,1,18.660403629639358,101.9329779031555,0,0,88.59521443555188
8,1,1,3.7688284608259828,83.09180013569042,0,1,64.38350027403149
23,2,0,15.239173365477836,0.0,2,0,46.183705171062186
9,5,0,13.128234628555946,0.0,2,1,44.79908994762756
7,4,1,9.692045004270318,93.04934675024761,2,1,77.68817692695879
21,1,1,13.638418435139712,9.169369901227737,0,1,47.23300344953159
8,3,0,3.3680838238960717,0.0,0,1,47.00166853670181
1,5,0,19.313211713881998,0.0,1,1,44.77195368731461
11,0,0,14.574720485359538,0.0,2,1,32.83168016034502
19,0,1,7.674011275836705,0.2541387768292003,2,0,51.57225668153155
4,2,1,9.072948890902381,24.233151942072553,2,1,50.801136346380495
11,4,1,3.4842676222627986,93.42884118642735,2,0,81.49725636574178
3,2,0,10.43021375081873,0.0,2,0,43.45657441154912
16,5,0,9.586340113797085,0.0,0,0,46.00808340033326
11,5,0,5.3744480643812045,0.0,1,1,54.717668370378746
7,3,1,15.88351116854889,13.374544249277518,1,1,46.6879177102779
5,2,0,18.38398594847238,0.0,0,0,47.75664697221915
13,0,0,11.863197549777611,0.0,2,0,53.868615227456104
16,5,1,10.47176558576816,64.32599379875089,0,1,71.60682855926481
22,6,1,14.174923010658969,83.12046140510894,2,0,78.2129448581379
10,3,0,11.901805187524785,0.0,0,1,61.67800122172834
3,3,0,6.589103918844069,0.0,0,0,38.42208493556013
19,5,0,8.736610067063694,0.0,1,1,56.61980359832579
15,4,1,10.517819966259847,100.02542685289141,1,0,93.95341303832846
16,0,1,13.24093297238348,95.71915466614868,1,1,81.3783246559356
2,4,1,12.04668358938234,95.26860446599756,2,0,93.93903111796699
7,6,0,13.05184689993558,0.0,2,1,58.748566386586006
18,5,0,4.375860083580391,0.0,1,1,48.80303938053652
19,3,1,15.326088720424645,75.59784048132308,2,1,67.11483241110602
10,3,1,12.017079420042561,45.44202783618291,2,1,65.53590430180034
19,1,0,24.763545270750768,0.0,0,1,30.196249476055726
20,4,1,10.061828149117936,8.018269521448516,1,1,71.44669852471698
9,1,1,13.617292475546861,30.168196132605857,2,1,60.97571732717398
21,2,0,26.14609581104251,0.0,2,1,34.45542797263453
6,1,1,12.970458147515894,111.30339497365729,0,0,72.29821005167479
5,2,0,11.661847303619917,0.0,0,0,47.685871675389556
16,2,1,7.065390526246743,17.240861694021635,0,0,45.89679306649198
15,0,0,19.641331836044927,0.0,1,0,45.366273459627216
3,5,1,6.2044920691171495,84.78480140223003,2,0,59.6935160376664
19,3,1,14.13560458424061,59.832980203982956,1,1,75.70285755146102
4,6,0,9.632223393458093,0.0,0,0,43.901061400552344
19,1,0,11.053318687109888,0.0,1,1,32.62357730433234
0,4,1,4.880338656949709,71.23854265428912,0,0,75.89809628668135
19,1,1,18.715636108669475,25.143211682370147,2,0,48.96219880155903
18,3,1,10.611013470408617,29.33327422449478,2,1,56.263293436688414
18,3,1,5.9245517055348325,109.38020832794946,1,0,99.58124578523646
15,3,1,18.26345298520046,25.80465374335029,2,1,52.46789888231703
11,4,1,9.479315934813481,3.876721715358955,1,1,55.1421077021828
16,5,1,13.673036458653606,31.947251746145497,2,1,53.2533043528234
6,2,0,16.207081910671832,0.0,2,0,45.450326361845114
18,5,1,14.3701716528716,45.835771287858975,0,1,49.078478878847434
13,1,0,1.0168222475048232,0.0,1,0,56.25136488152885
11,2,1,15.476783504888935,50.22888533286018,0,1,54.1330129506293
12,2,0,11.49693118667436,0.0,0,0,56.359547538547424
13,6,0,10.354856515983336,0.0,0,0,47.32015616483911
0,0,1,11.454625255123888,62.89496068942229,0,1,73.15248291454935
3,2,1,3.949836030294591,19.223475918527168,0,0,60.666928368952746
5,2,1,12.960854573309014,32.52382965362671,0,0,70.46506846651258
2,5,1,5.178043131453449,104.06001321828332,2,0,74.79566961184196
10,3,0,10.570801452216843,0.0,1,1,45.6329840998132
16,6,1,12.781322157691054,53.69080373388975,0,0,55.88602687347539
15,5,0,17.37018543993807,0.0,1,0,24.706788191354764
11,4,0,7.901934200701428,0.0,2,0,40.47821888452298
20,5,0,19.257936859229943,0.0,1,1,48.96993574625668
13,1,1,16.734266267575737,72.71165925627636,0,0,66.82026515449581
1,3,1,9.85295128754732,95.86118480889708,0,0,78.91088472215692
18,4,1,6.456253667986986,97.00129535210093,1,1,89.97345972087963
13,1,0,4.780919088847894,0.0,2,0,52.098724210888065
15,0,1,13.358769257665697,26.95334034364337,0,0,58.65331909813106
13,0,0,8.31357925229593,0.0,2,0,50.93188939801587
13,5,0,17.996784026408577,0.0,0,0,44.944189413542446
2,4,0,8.602380850858648,0.0,1,0,44.52059700907209
13,1,0,7.496645099740139,0.0,0,1,57.379383190023475
19,5,0,13.168131756221568,0.0,1,1,34.76843751659371
7,4,0,8.569765714202884,0.0,2,0,47.456349435607756
14,5,1,12.042749966844017,70.36583955324922,0,1,78.76921579055805
0,6,0,16.929946650292607,0.0,1,0,40.22352940045636
8,6,0,12.58614665834362,0.0,0,1,41.48425429198905
10,1,1,12.60482230351362,95.10215562484643,1,1,96.50942329332948
23,5,0,13.02573354454209,0.0,0,0,55.92814756394165
5,2,0,3.5345050485730347,0.0,0,1,53.30545921759063
6,2,0,13.959188749652451,0.0,2,0,36.068827854190154
9,4,1,12.79965788362948,107.01093361531144,2,1,65.9334209606371
23,4,1,16.464486634917105,72.82587655247275,2,0,72.98676095012543
20,2,0,15.029054005685595,0.0,2,1,53.10370517991451
0,6,0,10.99025684197243,0.0,0,0,49.37395995381346
5,1,0,17.161964457553452,0.0,1,0,27.58482691036484
19,0,1,10.536846511936396,101.21317822602678,2,0,83.27768851827672
1,0,1,13.235785520388525,58.91167910394651,2,0,61.135653621858175
20,5,0,10.44425284760322,0.0,1,0,47.93784969093357
6,2,0,14.308789024616058,0.0,2,1,59.10038995729843
22,3,1,10.11755108681119,7.754937458525819,0,0,55.93539999607345
7,4,0,20.23775804470784,0.0,2,0,43.41839062549544
10,3,1,22.086813686128195,22.037102466678455,0,1,44.68077934272693
15,4,0,16.369691270930026,0.0,2,0,45.22004368331896
3,0,1,19.706483247070143,33.768497047458006,2,0,45.269641517131554
13,1,1,4.3039275957047645,98.04567605427174,1,0,90.31233119097848
12,6,1,4.893111283625027,2.32965364793305,1,1,50.35394193938606
18,3,1,10.392197166843935,38.61780733178409,0,0,53.62442964158429
23,1,1,12.206154826294387,108.74309195832535,0,0,89.8151723675593
15,2,0,11.00896290950167,0.0,0,1,28.340396492119734
9,2,1,3.789323751835232,34.08282244961713,2,1,59.54053462226781
9,1,1,17.757958531618232,99.18178580556582,0,1,80.41382134356445
10,2,0,22.770991166784682,0.0,2,0,46.57988446827739
19,5,0,18.404938395863113,0.0,0,1,44.04967325423313
7,0,1,17.427616343932357,115.91721059846931,2,1,76.25223543901701
4,2,1,13.130598025728016,48.57501104246112,1,0,61.08931643560111
8,3,1,7.7850131463643155,78.94455237337384,2,1,78.7327791577607
0,3,0,12.362640263179838,0.0,2,0,57.594162996067205
2,6,1,22.527940184207516,26.421287744023594,2,0,53.589882512720195
2,6,1,10.24005943746472,55.19769097919087,1,0,73.55058042383494
18,2,1,9.725213760880292,81.01838609145332,1,1,76.09961840232285
17,3,1,17.53651829551957,35.189749335190974,1,1,44.71930711156839
16,0,0,17.86843025372798,0.0,0,1,29.45692510959884
11,4,0,7.760490971125982,0.0,2,1,46.38147971150345
17,1,1,10.692576933812887,66.18694690302465,2,1,75.20681519342014
3,0,0,9.490472520492828,0.0,0,0,43.39253338410386
21,4,0,12.348446895305452,0.0,0,1,49.69863970843077
12,1,0,17.518433354757462,0.0,0,0,34.6277699029273
22,3,0,7.979862394359545,0.0,2,0,43.49274298806412
3,0,0,17.44832406118468,0.0,1,0,52.30541999224329
11,5,1,12.508256244606542,58.72833403892942,0,1,71.683289670355
16,5,0,23.630960681571388,0.0,1,0,33.64332167943154
11,4,0,13.594154421854368,0.0,1,0,37.480267763702706
10,5,0,11.515407151853674,0.0,1,0,53.37899359207977
3,3,1,14.873573635579962,46.137717092267636,1,0,66.26102392175771
9,1,1,10.314268810563949,63.146809589551836,2,1,73.96354679252335
5,1,0,3.0236343832408714,0.0,2,0,51.15846476634475
7,1,0,10.797394128644509,0.0,0,0,37.605355101406644
16,1,0,10.718531954653875,0.0,2,1,46.306486896667856
15,2,1,4.038412697250941,74.69792276339074,1,0,89.17434178714021
14,1,0,11.634824051027536,0.0,0,1,38.419829759973396
8,4,0,1.6644488769530135,0.0,2,1,54.04806831613845
23,1,1,10.261565824222604,1.2102649175692282,1,0,60.3006766973923
2,4,1,13.217979960223362,116.70807394781306,1,0,82.83957856331646
8,2,0,12.484980885691161,0.0,2,0,43.99215893746304
2,4,0,9.944652635565909,0.0,1,0,36.24105784264758
8,3,0,11.572347990259642,0.0,0,1,50.72772670418618
23,6,1,8.079677812610846,72.76692448728399,0,0,68.07989764711257
8,3,1,12.054082597112673,4.443191004047722,2,0,34.47502296818671
21,2,0,12.290432032958854,0.0,1,1,37.539185489687064
11,4,1,7.498750110492451,36.06907598387667,0,0,63.29274608413755
16,4,0,13.338496002545488,0.0,0,1,31.688362437582228
10,3,0,13.307263275402269,0.0,2,0,33.267666698771286
6,3,1,11.168950432094645,84.98516668316682,1,0,80.28392121424828
18,3,0,24.10523518143409,0.0,1,1,35.13673701439123
23,2,1,11.296488066578457,47.07460039190194,1,0,55.12700466159781
6,2,0,10.603828773134909,0.0,1,1,43.946798603590466
18,6,1,9.888034453961335,12.84249159194411,2,1,65.48980913513304
6,4,0,7.145303884618001,0.0,1,1,59.5376107557869
17,0,0,15.429486799217017,0.0,1,0,41.796942457235694
18,6,1,8.56876515990275,29.850936892024936,2,0,65.12227399831342
10,4,0,9.160259265011236,0.0,0,1,48.63981729566302
17,0,1,9.30879220230701,99.19150117216283,0,1,68.07643746030604
6,5,1,7.0752824207574445,108.8142341019312,2,1,71.79950789883918
1,4,0,3.244583337276385,0.0,0,1,45.129671060205204
2,6,1,9.685300664204032,111.75398094729046,0,1,73.75962738217389
10,3,0,16.366676563561455,0.0,0,1,44.07919340659827
21,3,1,12.98489902732622,61.00881409413286,2,1,61.56564943666273
3,2,1,19.802876350940625,93.40711582330616,2,0,75.2528218174017
10,2,0,15.754781524945919,0.0,0,1,45.921742870780704
16,4,1,14.619824051370223,97.50962778491568,2,0,82.95273014484951
4,5,0,21.413245113263574,0.0,2,0,30.424436446859673
17,6,1,11.514272024983944,95.92393546144203,2,1,83.48733345902356
7,5,1,12.315378367524762,102.6866634059351,2,1,73.44433048795608
19,4,0,11.942677891699311,0.0,1,1,51.13657713885802
13,3,1,19.71893365591775,4.408212961016309,0,1,50.54896088895236
13,2,1,12.012576582295456,35.729719215799854,2,0,63.680569050011286
4,5,0,8.758613129614478,0.0,1,0,46.57648915266936
11,2,1,14.93837768981426,75.2347813152837,1,1,73.91561733694832
20,1,1,7.9187009447148595,106.80676351446924,1,1,73.78124698037179
0,6,0,14.667357563069626,0.0,1,0,29.19646890043241
18,4,1,14.069204670709174,60.56729469687895,0,0,68.67755806883963
11,2,1,11.05298666096752,103.51109306050967,0,0,92.84836876918702
17,6,0,14.829057860434133,0.0,1,0,33.28516402548051
15,6,0,4.561050348458242,0.0,1,0,51.472636560447654
10,2,0,12.81481060662493,0.0,2,0,48.25905992813863
7,3,0,9.68617307666634,0.0,0,1,42.33464678965285
15,3,1,26.311317886422607,94.36282157793833,0,0,64.26287138294083
3,4,0,12.779125348201038,0.0,2,0,49.682646000200776
14,6,0,9.018039751082814,0.0,0,0,48.65105958706207
2,3,1,5.108491319734591,24.51744205608656,2,0,60.394769445099804
15,5,1,18.52703098397133,49.45213078030423,2,0,49.62823375168331
15,4,1,10.24983640238111,19.583451241374462,0,0,53.405144009974705
2,6,1,8.043239664622904,25.268348830900315,1,0,54.226023748847034
18,2,1,13.681496070045299,101.5643391988113,1,1,76.8472665873712
9,2,0,15.248594157028268,0.0,0,1,38.46989209569481
18,2,1,15.169764666047644,97.76679875116335,0,1,76.86432639181764
0,6,1,12.098752115296808,56.86798368573339,2,0,58.278570311341475
4,4,0,12.795950684433599,0.0,2,0,44.85995767186598
11,1,0,13.160185378403513,0.0,2,0,41.551599068355124
4,0,0,13.681981328144367,0.0,0,0,36.59766525402503
7,3,0,14.12442597950741,0.0,2,0,28.11173038107959
15,5,1,17.47226375652773,109.36728561809633,1,0,86.88046654410016
3,3,1,12.282074310129252,91.56906769360127,1,0,83.19399254350758
16,3,0,7.91598367084819,0.0,1,0,42.228380177662565
2,5,1,11.278541484479828,103.42398560325196,0,0,87.62890622752458
4,3,1,15.768904093674983,93.19975809382979,0,0,66.80649366070332
14,6,0,3.0673602080757725,0.0,0,1,50.0890789956643
19,4,1,3.0962390231401944,85.71315473520029,2,1,78.28037467660607
4,5,1,16.59138060696162,49.91457046751912,2,0,56.97626786803725
7,5,1,19.60061408425664,8.494557107855218,2,0,47.46204327839627
22,4,1,5.673999824902632,84.66957544137448,2,0,76.88015874029033
23,0,0,12.502296354164475,0.0,0,0,42.28104724774543
13,2,1,10.002274435414925,26.84671085148068,2,0,62.340346974940864
10,0,0,10.69584943879188,0.0,2,1,46.9369842626024
8,3,1,13.527655043782078,6.301371916739185,1,1,41.64905218016029
14,1,1,5.535648854946255,88.31508579334601,1,1,83.40689482082672
14,3,0,6.463912497537994,0.0,1,0,57.77016599091926
7,2,0,10.493744135393875,0.0,2,0,55.052336932244685
0,0,0,11.2731220105292,0.0,2,0,35.38447454714967
3,0,0,6.370224471579142,0.0,1,0,39.70746810880087
23,3,1,15.948238373945921,89.29313583254813,0,1,81.48668046697145
10,0,0,9.912195134444833,0.0,2,1,44.77008830001745
11,5,0,9.890911969665773,0.0,1,0,29.487222908254818
11,5,0,13.413293951149504,0.0,2,1,38.43015154164852
18,4,1,11.355458619662503,81.08172261624787,2,1,70.78190030932082
1,1,0,16.187384064529066,0.0,1,0,39.549537410292395
1,5,0,7.332887310996667,0.0,2,0,55.25311761930246
6,4,0,5.0130670146826315,0.0,0,1,43.55620381689852
11,2,0,10.451062181006963,0.0,1,0,54.123409354643066
16,0,0,12.301180864675064,0.0,0,0,47.44011510558873
11,3,0,5.796220279512398,0.0,2,0,40.07069788550166
10,5,0,5.0612321914987035,0.0,0,0,48.39522474991516
22,0,0,12.911488911689927,0.0,0,1,48.6281455444685
3,0,1,8.21109716342519,68.57181143711443,2,0,72.74775377600558
13,2,0,4.737441414965401,0.0,0,0,54.24183326953894
13,3,1,16.826706461570314,21.125705346640427,0,1,44.23330317791109
11,3,1,8.841026635364539,69.7953843323327,0,0,76.79370782450465
19,2,1,17.74905801932679,43.53154083813451,1,0,52.84909724418814
6,1,1,12.142353955547136,113.08877231593853,1,0,105.23651242122097
22,0,1,13.473794310276517,30.624264027085964,1,0,44.383841277380185
7,0,0,10.942501269515736,0.0,1,1,67.82960633995779
13,0,1,0.0,107.62267539752654,2,0,85.05875043970607
12,4,0,6.316067544731479,0.0,1,0,60.1169429286485
20,5,0,11.371452701406378,0.0,2,0,52.52236362864698
10,3,1,13.823645686463523,31.24428820397624,1,0,47.600062852856354
6,0,1,3.051629888059397,116.53414385636906,0,1,98.14141819957786
0,2,0,11.731991460697694,0.0,1,1,41.64792891066736
8,6,1,6.388679563929843,14.050308864495126,0,0,57.00546108738669
19,1,1,13.173100825448271,117.42836812536278,1,1,86.74438652830439
0,3,0,11.902996071500874,0.0,0,0,42.683124282245466
21,3,1,15.717508012147867,89.5660621272253,2,0,70.31467550365991
13,2,1,17.334114650937593,19.22493133748404,1,1,50.58841330517577
3,3,1,14.294949496370144,58.67265978317028,0,0,56.868893344188834
7,3,1,16.301967944852873,100.89151229814742,2,1,70.3416952577389
13,3,1,10.248287620380808,39.464484145106724,1,0,68.25374857306906
7,5,0,26.115587056335727,0.0,0,1,37.534620028311274
2,4,1,5.905904517525594,1.3134381321759614,0,1,40.281642158950824
15,0,0,9.361221110453393,0.0,0,0,39.484784514324204
16,0,1,16.506792913734465,35.25723723381534,0,1,37.04251191136194
2,2,0,15.763606524304963,0.0,1,0,49.66663333755925
6,6,1,14.436945095711744,34.022170411144835,1,0,60.86681203579435
5,0,1,15.37659328996554,18.1890974621404,1,1,40.35485277048196
15,0,0,1.5822142269697963,0.0,2,1,58.93143603603678
17,4,1,19.94649347268917,115.77324147054114,2,1,95.447449439345
17,3,0,10.980545205666925,0.0,0,0,33.90085465059217
22,1,0,18.22947091135426,0.0,1,1,35.49561715393669
18,1,0,1.8323671051602197,0.0,1,0,41.04457463410616
7,4,1,13.282842517405955,55.24090319643531,0,1,71.29639319825007
2,3,0,9.182488604275758,0.0,0,0,46.88554793370563
14,4,1,14.860600757906518,57.45399098340349,1,0,60.03557697021026
21,1,1,13.585352262344228,94.94135984961667,0,1,79.18053858033053
23,3,0,13.830238987495893,0.0,2,0,39.4803375320065
5,6,0,6.705291558842543,0.0,2,0,46.422708406218554
5,2,0,11.715154395906945,0.0,1,0,47.82597620803674
0,2,0,11.099164760353295,0.0,1,0,41.240045594923586
3,1,1,14.476550208537162,70.71779541780421,2,0,64.41810418581161
13,4,0,16.946484977167334,0.0,2,0,40.19065122586075
13,0,0,12.752379610043073,0.0,1,0,45.528817920667215
8,1,1,5.619138558057006,38.70764959605514,2,1,68.86552127507042
7,4,1,12.53789404783384,53.71181160365213,0,0,68.434641608618
19,0,1,25.05538114204631,53.338396030996265,1,1,41.62742138584649
11,6,1,20.23002663493893,60.82359662369563,0,1,71.36784800012181
19,2,1,0.0,55.74072086307879,0,1,74.98218738047005
23,2,1,12.316715768474223,61.933642194778095,1,0,64.17011481431254
7,3,0,16.660597626276722,0.0,2,0,34.44319628347647
4,4,0,11.088364937160103,0.0,2,0,62.04264488122839
22,3,0,9.699545399280582,0.0,2,0,66.11926913927852
15,6,1,10.665178924582559,106.19298770903617,0,0,98.56484790318362
6,6,1,14.76094742717326,94.8998764081901,1,0,77.3775243386424
14,1,1,6.257650128124956,13.218437029387662,0,0,57.37317487852401
12,4,1,17.943443258046855,59.379715049201764,1,1,73.35643583699328
21,2,0,11.720035041509654,0.0,2,1,43.69796502489114
6,6,1,7.324878629442253,57.74270914021076,1,1,73.68046591508318
23,1,0,17.621750806993475,0.0,0,0,42.72035320305985
22,2,1,4.274345474441794,119.67157897074254,0,1,108.81571879733093
4,4,0,9.22394951499208,0.0,1,0,59.11146269612827
3,5,0,9.141624673574178,0.0,2,0,46.58292713320224
12,0,1,22.719709691180654,61.484575555506396,1,0,70.54423851322457
1,3,1,8.574896156802785,67.48545572768187,0,0,71.72925079861778
7,2,1,1.2251738974994737,20.036094717954924,1,0,56.666271552934845
10,4,1,9.090924423604292,76.6029349187063,0,0,72.2555951226809
23,3,0,14.277751737023891,0.0,0,0,44.75708882749257
23,6,1,15.92042273291802,88.93481843181861,1,0,67.11044737891471
3,6,1,23.38269846721386,79.57914307681347,2,0,60.00559113820149
21,4,1,19.034487854929406,39.65084020951957,1,0,42.10313668975314
2,4,0,12.93961296957576,0.0,0,0,38.06844894142927
17,6,0,7.542922662126112,0.0,2,1,50.8420370608671
20,1,1,20.120137156736792,64.74427620528279,0,0,69.90149304948811
21,5,0,10.157182248368843,0.0,1,1,54.186510628676324
5,5,1,8.709213818926976,99.6108772473936,1,1,86.3351547330524
21,0,1,9.91463098922965,16.557273616393765,2,1,40.62914770423286
2,6,1,5.738558805515952,70.92727250273126,2,0,68.34567787106496
12,4,1,9.674899544145122,69.70291640195394,0,0,70.0765591180434
11,2,0,10.834458350107923,0.0,2,1,54.03509816358773
7,3,0,15.65328302906059,0.0,1,1,38.02253938667215
0,3,1,10.059558324494907,59.043829596701144,1,0,57.859647577996284
18,6,0,5.662703790807424,0.0,0,1,62.056142401353185
8,6,0,3.9811392237165,0.0,1,0,45.935624664611694
15,5,1,13.04784873761558,94.53532642981715,1,1,68.62612120225356
9,4,1,12.363129267346123,43.03305297522601,1,1,61.98974780022475
8,0,0,9.22843644393416,0.0,2,0,47.21665371507054
21,6,1,9.662717697539646,36.389186628797134,2,1,56.00503110639592
2,0,0,13.94243466399585,0.0,0,0,43.848995437733734
17,1,0,18.952731268446737,0.0,0,1,32.430291131935086
17,0,1,8.09927707928006,45.11577704270982,2,0,60.21845380272922
9,6,0,12.444514181077164,0.0,1,0,44.75535289683773
6,3,1,16.79135202002662,57.1114310077427,1,0,45.26906984155843
0,1,0,8.119428549013751,0.0,2,1,56.14498147223416
22,0,1,11.921839427183473,13.084437001165238,2,1,39.058847984221536
22,2,1,11.810021984561669,83.73585503142033,2,0,67.3486818314345
5,5,1,5.443523824782405,18.96019063644129,1,0,65.28247548928836
0,6,0,12.842493973828114,0.0,0,0,49.28049681518969
2,3,0,12.157723393022158,0.0,2,0,45.97240622823824
1,4,1,14.77542124798029,5.231257387901822,2,0,31.345076422345073
19,5,1,6.0655676266964385,3.959115456023139,1,1,46.68778995034069
21,6,1,12.049851926306124,51.77355227365279,1,1,61.75160696331251
3,1,1,18.908670318279043,43.81145798694712,0,0,54.058933528631826
17,6,0,22.387499159561433,0.0,0,0,46.221350655860405
4,3,1,18.400646344858046,119.21815407482981,2,0,97.9601837519929
8,6,1,6.114642471748788,52.16477952309502,0,0,73.28478722111551
14,0,1,14.255263410218133,69.12700529486297,1,1,63.515108560698195
17,0,1,9.584267125194431,110.30923514148319,1,1,95.65612517893797
20,6,0,13.419502965649604,0.0,1,1,39.54784089421876
1,4,0,8.138916471115381,0.0,2,0,27.499313183604393
4,1,0,3.4326327907384986,0.0,2,1,42.257627209753174
6,6,1,10.277413806500837,76.46486973883852,2,0,54.56539471630451
7,0,0,15.613013483050075,0.0,0,0,39.4389525567172
23,4,0,13.439998777369055,0.0,2,1,42.82173100264617
18,1,0,14.014739299571767,0.0,2,1,31.0468389608859
7,0,0,13.08175161489689,0.0,2,1,37.70167921714312
23,5,1,14.022637374228555,72.81172430898648,1,0,57.85513948874845
11,5,1,14.647558795433511,54.00695663550137,0,0,61.16836384957595
12,0,0,10.626592855226908,0.0,2,1,39.670840583117865
10,0,1,12.414452807098082,7.920862814030776,2,1,55.92025604498922
3,4,1,20.716291874348453,113.41508513799236,0,0,79.47972282909961
22,0,1,12.710155145005695,74.86514475296832,0,0,83.87297507092558
0,5,0,12.21281748226959,0.0,2,0,41.591625863357976
4,6,1,12.514422536131997,34.896993966585576,1,0,74.35734014977456
5,5,0,10.910457408418901,0.0,2,0,46.29179367792811
6,1,1,9.823220181395985,40.29413336487474,1,0,57.0166513163033
3,1,0,13.043392621827158,0.0,2,0,63.83517269985795
0,4,1,9.471423990204244,59.75648560615579,0,0,53.709582279591984
16,0,0,11.272425352613922,0.0,2,0,41.56063075988624
23,3,1,8.047426467368563,105.12752059559783,0,0,72.03629931912778
2,3,1,12.540059022671587,59.41205447543876,2,0,51.055968862845475
7,5,0,14.920974720880137,0.0,1,0,26.526132785495236
12,1,1,10.940425700445424,73.40253633162699,1,0,76.87260433230482
22,5,1,1.9581078155534204,73.47097601748506,2,0,68.51593618747145
16,4,0,14.951857720277358,0.0,0,0,41.00030883018061
18,1,0,12.600919213798802,0.0,0,0,52.054593750112346
13,2,1,7.033842749932701,3.210631224804299,1,0,54.203408045746954
10,0,1,15.866351211616365,9.125582081675208,1,0,48.8122320527037
4,3,1,5.007873996420764,116.85299824858058,1,0,101.6028210594794
20,1,1,17.22703807662234,89.54823541598248,1,0,85.43569150577348
19,0,1,11.713166901763936,113.78962783226669,0,0,75.4419545128666
0,3,0,0.655674623113347,0.0,2,0,58.341082175184994
17,3,0,12.891647936316188,0.0,2,1,42.508949075853025
2,0,0,9.96903815954532,0.0,1,0,45.85136785665644
17,1,0,9.215753540884318,0.0,0,0,35.535596531074866
19,0,1,8.311371192718909,34.528005979931194,0,1,56.1801184516001
3,4,1,11.363921045700636,83.25735646457834,1,0,71.66697704378845
10,2,0,9.574056594164293,0.0,0,0,58.78278600542863
2,0,1,2.716548784058073,12.63017412920072,1,0,48.004894112705465
13,1,0,18.360339433386024,0.0,2,0,21.228088904007382
22,6,0,10.778211720190974,0.0,2,1,46.328627166831296
1,1,1,8.340324920608683,101.34492486110359,1,0,73.74433901202943
9,4,1,6.3578815872733445,119.9135670207487,0,0,90.76683122017198
23,3,1,15.853660337264607,74.72196525933366,0,0,73.75580524171559
7,1,0,5.507840154517376,0.0,0,0,49.795203187555494
3,2,1,12.669936509289833,94.42591085582072,0,0,74.46315978371268
11,0,1,9.081754990632094,7.649304306547058,1,1,49.15936529773989
12,5,0,9.37290169718834,0.0,2,0,54.280872474643644
15,2,0,6.4822023451205,0.0,1,1,40.57690302790634
7,3,0,8.8984028373917,0.0,2,1,53.70913304111453
22,1,1,12.04406195753429,2.758437089568009,0,0,38.294675637129814
12,5,0,13.176561131744965,0.0,1,0,49.27531510284338
6,1,0,8.072037593585108,0.0,1,0,36.1976490140251
23,3,0,11.54532798781293,0.0,0,0,50.10382053101208
22,6,0,16.44227215485211,0.0,2,1,41.03121067867846
11,4,1,3.686857215254637,61.2111135898592,2,1,74.24683809861668
0,4,1,11.968655132040702,58.61117044869777,2,0,73.61053315144565
14,6,0,7.246080272989134,0.0,2,1,42.63438154389727
13,1,0,6.736579139417342,0.0,0,0,49.410327192750394
3,6,0,13.305057564990504,0.0,0,0,46.78235927369909
15,3,1,9.273742656662204,81.24519693477247,0,0,73.6247345074904
20,2,0,5.9159843688245,0.0,0,1,56.00152748536126
2,1,1,18.62141596034994,39.07114043781079,1,0,56.416335352348895
17,5,0,16.600447571659146,0.0,2,0,37.080213054874605
3,6,0,2.3384702182041543,0.0,2,0,63.215078431267145
17,4,1,4.62785935998966,110.60430357685524,2,0,94.50438775779918
10,0,0,14.967285356593408,0.0,2,0,36.285632782354575
0,3,1,10.575630834812651,118.93059971676736,1,0,81.34444156925456
23,5,1,19.502873221774784,115.74585551167951,0,0,78.15264977870802
3,2,0,15.08168199270505,0.0,2,0,46.514480131431924
14,5,1,13.49732761926999,45.67175504169422,1,0,42.47972821116025
4,4,1,6.890686540872814,83.79095883600874,1,0,72.41021157235342
22,0,1,14.457201474322357,1.901508306387818,2,0,39.47994289101789
17,3,0,5.621180226247666,0.0,2,1,39.00182230109219
19,1,0,18.526222667050344,0.0,0,1,32.004883990205265
10,3,1,14.110692945091209,63.778311012277356,2,1,67.13226451132068
11,2,1,7.875847116212038,80.24403745564445,2,1,72.87343743809558
15,5,0,16.023387140661573,0.0,0,0,38.89867966252636
18,6,1,23.207624445681677,77.2963584933732,1,1,52.45850755473359
20,3,1,10.911914500952745,71.63625596440814,0,1,69.63502433644865
0,3,1,14.752065948456464,36.043115898036866,2,0,43.78092463163342
15,4,1,9.840853401544992,70.91056739544436,0,0,83.61825320989496
2,4,0,12.426761088091727,0.0,1,1,59.00521318577504
6,4,1,4.463827199842763,61.871001474621096,1,0,69.29846317949682
19,5,0,11.997352432470674,0.0,2,1,36.422597081163275
6,6,0,12.217886649153057,0.0,0,0,52.062510099586454
19,5,1,20.99498888422374,40.24529411995134,2,1,57.028772104959025
11,0,0,3.024984436483251,0.0,0,0,67.5779739478414
5,3,1,10.595582704461103,38.81332956787534,0,1,77.23682084286943
8,3,0,18.440586089155175,0.0,0,0,24.0330705758632
12,3,0,10.791142521006218,0.0,2,1,55.63636166977605
18,3,0,11.143292335075012,0.0,1,1,44.30530254749488
14,5,1,7.833704875589129,19.532625168726263,0,1,59.96216194163682
22,2,0,7.336973098686212,0.0,2,0,55.35320823036395
20,1,0,2.8707311708342385,0.0,0,1,58.590732393869324
18,3,0,8.853923761779228,0.0,2,0,55.91981821490967
14,5,0,7.053224724439383,0.0,1,0,44.87526355442536
6,2,1,12.590194168285368,47.388047038942624,0,1,53.89061528724816
9,0,0,8.061658987881342,0.0,1,1,58.045977833568344
2,6,0,9.602045074757466,0.0,2,0,40.34454007956372
8,1,0,9.7389730347117,0.0,1,1,62.10001125345956
22,4,0,11.75917408854814,0.0,2,0,39.47765834121593
10,5,0,9.357388717975795,0.0,0,1,44.467402116118954
2,1,1,6.69106955031434,65.64096073238339,0,0,71.09819828789676
15,2,0,12.428832219739192,0.0,0,0,32.72845124684972
23,1,0,17.337416081323056,0.0,0,0,28.824662269800186
20,1,0,12.642330978953872,0.0,0,1,52.182411129040275
6,1,1,8.95089780880689,79.08860551275613,1,0,61.759983264646976
10,1,1,11.384267974531875,13.757690661891623,0,1,70.8650799817441
12,3,1,1.7468361482173052,113.09161314649997,1,1,92.43158780037336
5,3,1,11.302986252305676,79.31212301443603,0,0,65.48210003247455
6,0,0,9.998228154547636,0.0,0,0,50.36316340325955
5,5,1,7.33269820996744,50.96852949383617,2,0,47.27756622921685
23,4,1,8.23950823834016,56.965962946874086,1,0,65.67793732274089
17,0,0,9.948827492301767,0.0,0,1,45.39820711822549
20,5,1,16.962291380032454,93.1684783598458,1,1,63.9094962495936
19,0,1,17.460302083900466,9.415045197845968,2,1,39.27277566576627
23,3,1,7.359374192210947,48.88114002312531,0,1,78.42908454693351
2,3,0,9.409613133783033,0.0,0,0,48.938311336389866
21,3,1,9.537050213557109,119.0683116175573,2,1,92.24000759359535
1,6,1,16.04772757775062,1.3970941435503947,1,1,36.3561921049277
11,6,0,12.727532763158084,0.0,2,0,34.23077883020056
14,1,1,12.463949313205209,55.781829828456836,0,0,62.623999656573595
8,4,1,14.681313067105949,26.753004212193506,2,1,32.95752205003588
3,6,0,9.017932957945341,0.0,0,0,39.01114691580535
4,5,0,18.81943287177029,0.0,0,0,29.924454118316874
19,6,0,11.991276712898992,0.0,1,1,29.096848594414737
7,3,1,7.7204377690404336,49.92744731977358,1,0,71.49199595205899
7,1,1,10.8517987810108,44.385369562600715,1,0,60.809390732276064
22,3,0,18.15964162103936,0.0,2,0,35.514925399940516
3,5,1,9.87428932008114,57.30342278642033,1,1,72.5248971902068
21,6,1,16.74778899522416,95.76833438900263,2,0,61.9665154584089
22,4,1,8.873271036142391,34.460900663496254,1,0,49.214066762477785
14,4,1,8.17168151611347,99.62259036861985,1,0,92.26916588040052
3,3,1,15.29798705297146,98.84396270398763,2,0,95.60825335783615
3,2,1,7.630137196771296,32.124254573162794,1,0,65.61319178467058
6,2,1,16.112701250808477,78.70259425700465,1,0,73.42832125735156
13,3,1,13.758129995116747,81.8417972024821,2,1,67.98325664236259
3,5,0,7.63203032766204,0.0,0,0,44.42346262475581
10,3,1,11.64278628002833,92.85360754529263,1,0,80.00268767310736
2,5,1,9.256128547202312,36.82623134363871,0,0,71.46746361008593
12,0,1,13.744882783345298,58.112620694113886,1,0,67.75585557210057
0,5,0,21.438991224777098,0.0,1,1,45.51247120283349
17,3,1,10.146476985562888,21.441080598359925,1,1,47.05736864812361
1,6,0,14.668881369292535,0.0,2,1,48.20029725068255
4,3,0,12.122203208337579,0.0,2,0,39.9314839649182
4,3,0,12.1202885153159,0.0,0,0,46.42498343351417
19,0,0,11.17397439634238,0.0,1,1,50.987387447655266
1,5,1,7.71291276824223,22.82870841983288,0,0,52.569853062141554
10,4,1,13.675699746412274,83.37439024889069,2,0,65.10385446810581
14,6,1,10.556291250403056,91.13959497658696,1,1,81.35459215924705
12,0,1,7.47599958130637,63.24735665593956,2,0,70.07759884793087
16,1,0,17.070866311241495,0.0,2,1,42.43234895890452
19,6,1,12.495048113511714,4.669065638549248,0,1,51.895284913342955
9,0,0,10.859505213283803,0.0,0,1,56.7706842756727
19,3,1,18.70028307373149,72.77631832819405,0,1,70.81760733874832
7,2,0,2.8195923223350103,0.0,2,0,56.99984971337804
23,6,1,18.364104018645442,107.93285640934172,0,0,74.08219956552128
12,5,1,7.599060254318914,66.34580473261043,2,0,69.36706142557338
17,6,1,13.0576626970776,29.56083217898577,0,0,58.53618707711103
21,2,1,9.059681229396444,10.603021944089077,0,0,48.557323236832026
19,4,1,7.384994797737881,12.854267224581125,1,1,57.19387603683856
20,4,0,18.569432629842176,0.0,2,1,33.61951606474948
12,6,1,21.281082836976424,30.03705148060994,1,0,63.922898578011186
1,0,0,10.893871746744608,0.0,1,0,47.834327546436
11,6,0,13.677373510971474,0.0,2,0,45.082142751895226
4,2,1,12.2849562583125,118.07223084119452,0,0,82.63647233144863
21,0,0,20.652534186764278,0.0,1,1,53.78213859489412
5,4,0,1.4342477627323262,0.0,0,0,43.82627952795991
5,5,0,13.8856172063511,0.0,0,1,38.26737148254211
5,0,1,8.364368429280333,96.412461890582,0,0,88.88160060404834
15,0,1,0.2201798926441061,9.367950634761417,0,0,60.019890383575216
13,6,0,10.197349512853794,0.0,0,0,42.22797751006401
22,6,1,21.240243954552767,96.14997711201248,0,1,67.2755959781614
9,1,0,8.719754047997998,0.0,2,1,45.69706964045843
6,6,0,15.953827532823055,0.0,1,0,43.05405527907902
1,6,0,17.993360985316833,0.0,1,0,53.03435946306489
0,6,0,11.936515986902387,0.0,2,0,50.2920819678415
8,1,1,12.602278092056459,93.55333944594098,2,1,85.84852799596366
22,4,0,3.418510467294441,0.0,0,1,48.79099789267077
12,6,0,8.419180684136768,0.0,1,1,52.3904922641727
21,6,1,16.53503812164998,81.56890889093846,1,0,57.88277522906917
2,4,0,12.303395485185337,0.0,1,0,46.614381284948884
2,1,1,13.83670720721841,119.07615848187,2,0,86.5509727995629
20,0,1,12.665787898415255,56.37354298498094,0,0,79.16944405158326
2,1,1,22.960019721482155,74.30966850846619,0,0,75.10104855521544
1,0,1,9.847400844056995,61.18868242366166,2,0,66.4705989791203
9,1,0,20.02705021493155,0.0,1,1,32.44123771706061
22,0,0,12.667516111033663,0.0,0,0,38.54845179415764
16,5,1,20.47099487290399,117.45429215471292,0,1,77.37504559061571
2,4,0,5.875109553709248,0.0,0,0,60.7138402642343
20,3,0,12.923261038154303,0.0,0,1,47.980651027140766
20,5,1,10.03156608038265,68.05167164024571,2,1,74.93690012074262
19,2,1,12.697361679250196,106.77663261714163,0,1,88.70358684585531
21,2,0,18.11188131333064,0.0,2,1,32.557237389770975
5,1,1,13.894048026789728,9.678168719982864,0,0,41.599647531221336
23,3,1,18.10191345013469,42.65302457264927,0,0,59.60889103336078
7,1,0,8.648894533630273,0.0,0,1,41.84950856796783
19,4,0,7.8858277123814196,0.0,1,1,36.480073873598776
13,6,1,12.08052536568633,60.41270178717237,2,0,57.81936717462677
18,3,0,11.806739108044573,0.0,0,1,53.98949809506769
15,2,0,11.070703155879036,0.0,0,1,43.15078968086986
15,4,0,7.206841371646573,0.0,2,0,51.04133236934393
14,5,1,17.99325794925944,111.52375194109757,2,0,71.37849735834959
18,3,1,10.185813996832561,89.7031385169991,2,1,81.28267410292615
17,1,0,19.13039061106341,0.0,1,1,37.538950646561254
3,4,0,12.063716826020292,0.0,2,0,48.91861070892584
19,1,1,15.242144654070223,75.69507395592255,0,0,65.47650943015144
12,6,0,14.788548214818412,0.0,0,0,47.20343348307252
7,2,1,7.878626298245738,5.10946887502433,1,0,46.26931207320233
12,2,0,13.836014607762444,0.0,1,1,43.288606048305695
23,5,1,21.64166472233553,81.26962622538954,2,0,63.957597191139804
20,0,1,13.258061265501784,108.86156533748083,0,1,82.70499973328427
20,1,1,16.506383697798373,21.09386553513723,2,1,51.41026234917547
11,0,0,15.466359222960925,0.0,1,0,38.66768459851183
18,2,0,13.535248291824935,0.0,1,1,43.21485494471372
9,3,1,12.932393588623732,119.95932241874776,2,1,88.13174040831515
16,1,0,14.736577795606502,0.0,1,0,47.27223601746115
15,2,1,15.816412732378065,110.82753347794694,0,0,80.52782387133371
5,5,1,5.239179714744635,81.00150415172911,0,0,72.06276032745298
6,6,0,13.236514445482275,0.0,1,0,45.10242200528966
1,0,0,11.079610596263414,0.0,0,0,51.499063342077584
3,4,1,10.042365781741458,14.899036193063058,0,0,41.51571651757762
10,0,1,18.479821895142866,85.14689030777953,0,1,59.44583393790222
11,3,1,8.334268759680732,72.17699068798748,1,0,68.29684016163493
3,6,0,5.026154698449991,0.0,0,0,49.44043503607571
10,5,0,15.978581126929273,0.0,1,0,24.641818863381513
14,1,0,4.898030717230554,0.0,2,0,55.67429640604064
5,1,0,2.3602846102071826,0.0,1,0,51.651516680143374
8,5,0,16.541338449949826,0.0,2,1,22.958129675817066
8,5,0,12.793611252812441,0.0,1,1,35.859763052299755
12,1,1,14.36359813684388,44.36900332423322,1,0,56.633599621399654
8,0,0,9.787862126101889,0.0,2,0,32.98941156434613
17,3,1,5.077969341954904,19.983404101269493,1,1,65.69550552390754
7,4,1,6.071063931911663,59.341856449070065,2,0,72.40746333187076
10,3,0,10.639055502843581,0.0,1,1,51.91427158273086
9,6,1,5.637985710409791,86.20950528160085,2,0,72.43077297942732
4,5,0,13.535264535228267,0.0,1,0,47.46277063271173
16,5,1,9.687710309827906,65.93619992343737,0,0,65.04235508678501
5,0,1,12.925180236826527,107.2018143576251,0,0,80.64074084371023
7,5,0,12.775740641132154,0.0,2,0,47.60204786138287
19,5,1,13.933997772122634,53.70973052527897,2,1,62.09068588688444
22,2,0,14.497412636444993,0.0,0,1,49.86942717381252
16,4,1,10.280497046103774,27.751693157048827,1,1,57.60131670898437
21,5,0,12.919846333169152,0.0,0,1,40.95911140652691
20,6,0,13.180040642100872,0.0,2,1,51.19901274827434
11,3,1,0.0,82.20112729795733,1,1,92.19961826453206
18,0,1,15.232628729297451,80.00822233833468,1,1,71.51754587747936
7,4,0,12.749710981101256,0.0,0,0,55.48909022302006
11,4,1,14.820244326217853,18.939908027878076,0,0,47.889239530694994
12,0,1,5.565782022763687,34.30983552685473,2,0,61.53233612517983
23,5,0,10.421134124188033,0.0,0,0,46.69812376839822
20,1,1,6.542352717172098,98.9301587917907,0,1,83.3532994151757
11,6,1,15.723006881064377,81.86674041161595,2,1,68.59060232030262
15,3,0,4.974417289657529,0.0,1,0,45.301598589279315
4,2,1,7.3567260903883955,80.65648136531674,0,0,69.39141404167869
19,0,1,14.671570641359907,60.38424977416754,0,0,65.28331961800396
13,0,0,8.85312733861376,0.0,1,0,57.504222915876284
12,5,1,7.358046716054707,24.134482499875407,0,1,64.07424387673463
18,2,1,16.533597147700913,16.836258696048155,2,1,50.77049022265188
15,5,1,16.73855878295934,7.679599727245279,2,1,54.29036430947374
1,1,1,15.610355962704993,38.33719775799581,2,1,56.08371344727017
6,6,0,16.243548369701468,0.0,1,0,34.09465744423091
4,6,0,10.842103605309719,0.0,2,0,43.53074749642832
17,0,0,10.977035126816924,0.0,0,1,45.73308622544105
0,4,0,8.759593607331986,0.0,1,0,43.8929443201792
4,6,1,12.838645838579886,32.378602950772944,2,0,60.94213218299404
14,2,1,9.360508363370759,24.264856565714844,1,0,63.4886091864336
16,0,0,9.834668970365115,0.0,2,0,33.275275464024276
12,6,1,14.9995021699145,33.18027763012255,0,0,53.44981376580838
20,3,1,17.922696227571898,119.55533575873406,1,1,59.2812311253234
22,0,0,13.991301271350475,0.0,2,1,43.074370657293514
3,5,0,20.97157932621284,0.0,0,0,37.400722654443015
22,4,0,8.472422139836258,0.0,1,1,62.43174090016168
14,0,1,2.8101268039537075,27.524215709937224,2,0,74.19542948841448
15,1,0,15.57313944794777,0.0,1,0,50.00029236157669
2,0,1,8.140832236766343,48.078701568099596,1,0,57.63696951533086
14,6,0,10.631538791123182,0.0,1,0,38.35470677965033
17,0,0,3.1510174493943808,0.0,0,0,43.71075499486922
13,5,0,7.503948763270868,0.0,2,1,61.209779959520134
2,3,0,4.488862917103819,0.0,0,0,44.125373281334696
12,4,0,9.828483682898483,0.0,0,0,44.05265223712407
22,5,1,10.02724253058525,36.65078004488969,0,0,52.607833604353324
17,6,0,12.449802057741044,0.0,2,1,34.974778423437684
3,0,0,18.198614821775877,0.0,2,0,43.102038491414376
23,0,0,15.384531324489092,0.0,0,0,43.91912120297938
23,0,1,3.889151818947596,38.78721913729531,2,0,47.66773485200909
4,4,0,15.040077178064283,0.0,2,0,32.5524613448857
19,3,1,12.558773487207299,38.75939655468792,1,1,60.56027521718857
9,0,1,11.51086783981951,43.77480327100369,0,1,60.53477629849858
14,1,0,11.88650235031387,0.0,2,1,42.283344375719004
10,3,1,13.022762140431276,71.45932001157004,1,1,74.43797683098596
18,5,1,8.540566044932174,29.290709483380375,2,0,46.875031741725444
23,2,0,11.088245712376796,0.0,0,0,41.369469834196465
19,6,1,17.91969561945917,102.72261718236845,1,0,80.76145673319157
22,6,0,8.480471077872332,0.0,2,0,43.02126292602682
22,5,1,6.850560119124523,74.247626909902,2,0,78.0065951515207
2,3,1,11.691463260630746,58.61991269567493,1,0,56.99396149990237
6,6,0,6.347167716218262,0.0,2,0,43.33147019515664
17,5,0,3.386084392728307,0.0,1,0,38.03354998702199
14,3,0,10.277664114625917,0.0,0,0,30.320856189975775
1,3,0,19.243109422819618,0.0,2,0,35.79793527103153
2,5,0,11.806979520615535,0.0,0,0,49.1546086138637
12,3,1,12.892885472241067,11.498101954686772,1,0,47.79163781254219
14,1,1,1.3492582092443737,89.50582331955668,2,0,94.52991070521792
4,6,0,14.190627462204736,0.0,2,0,40.5051025519347
4,0,1,12.46682930654896,6.5430417304781585,2,0,30.35548816166112
3,4,1,8.675425859803228,96.37907689000912,1,0,84.54589075602759
13,4,1,12.900252357011869,103.81581015747304,0,0,72.38710668919174
0,4,1,12.8506080857898,28.883370757803164,0,0,55.835738490590714
13,0,0,6.702560358210323,0.0,0,1,31.35409606199665
11,3,1,13.659268633899547,0.5940808874996195,2,0,42.08012107454148
11,6,1,17.985677112635774,86.53799500587657,2,1,76.52129160322241
16,1,1,10.860292622632418,55.77845321287724,1,1,70.478064368719
12,4,1,7.662028987814461,95.09797277619593,1,1,80.14873207969673
17,6,0,11.112099650991357,0.0,1,0,45.69966706614103
18,6,1,16.273065975322144,42.1290873024938,2,1,52.74923726815298
22,3,1,5.868405803513639,100.8941850164965,1,1,83.23184857327243
19,2,0,14.892791293920904,0.0,2,1,48.09995797106574
12,4,0,8.609927707397595,0.0,0,1,42.1129531592347
11,3,1,13.210315406898687,49.45546426651028,1,1,56.52597414205275
5,4,0,9.178343624772182,0.0,1,0,35.020932466984135
14,5,0,9.164915224592196,0.0,2,1,52.84164906817915
3,4,1,19.61547458117524,69.01772336008494,0,0,60.904929840091626
22,1,0,4.954567047332541,0.0,1,1,40.9328102335752
20,5,1,14.426830887727721,75.6002452439956,2,0,76.4974153735262
2,3,1,20.656622054606434,108.83686075070753,0,0,75.75925190829668
18,6,0,15.427609632364113,0.0,0,1,36.28352939430239
2,4,0,5.34451490480409,0.0,1,0,57.42929039658483
17,6,0,5.592097455422972,0.0,0,1,47.358768439766656
2,6,0,8.241873116767993,0.0,1,0,35.415524455780556
11,6,0,12.789539557599374,0.0,2,1,52.00040692909967
15,5,1,13.12971347044526,106.22348646885496,2,1,74.51826832365497
17,4,1,5.641517228501536,97.37598975401755,1,1,108.29398723928588
10,0,1,7.636212707765167,113.711588922249,2,0,84.68870274867791
22,2,1,7.942587565099899,56.16342213562612,2,1,51.743417242666176
18,3,0,11.096265959425535,0.0,0,0,59.72228565501301
4,5,0,21.923477286455373,0.0,1,0,36.57507453453167
16,4,1,7.3340646718827625,117.21697454163132,2,0,91.77057904616257
17,3,1,7.11521083432106,69.66648598487633,1,0,76.3100817021923
8,1,0,6.334298524280778,0.0,1,0,38.612239690768845
17,5,0,15.17772285621116,0.0,1,0,25.089173643440695
21,3,0,11.79329201822449,0.0,0,0,60.76036060743047
19,0,0,7.518867259150207,0.0,1,1,36.04304513515964
18,1,0,10.186022081108339,0.0,1,1,59.520453069522745
15,6,0,8.042448495211493,0.0,2,0,52.34300709500798
6,0,1,13.479456405946227,65.5980010650402,2,0,68.14271011592503
19,2,0,25.42188303398168,0.0,0,0,30.482658369263454
8,3,0,14.754322028461182,0.0,1,0,61.23342304390725
12,0,1,11.535057424463181,12.601677059442622,1,1,44.206584274834306
7,1,0,8.675122562560237,0.0,2,0,42.3074360159972
7,6,0,5.282999590575751,0.0,1,0,55.724354541940144
3,4,1,15.668448657015178,109.95546344481309,1,0,75.13342721083498
23,1,1,15.3967708918316,114.67931294938882,2,0,74.29622726076423
3,1,1,9.66949501654597,7.483687619567494,1,0,48.99307931602138
2,2,0,18.066669914713092,0.0,0,0,45.62254835795159
22,5,1,12.105534694425424,108.18508550328217,1,0,97.79219946398612
13,5,0,15.873803676975676,0.0,2,0,58.54449659570591
10,1,1,13.480985010165057,54.17214145300774,1,1,48.426108250073696
17,5,0,11.114320600611808,0.0,2,1,54.02665031695862
9,6,0,7.225576943462565,0.0,2,0,40.92589246826039
3,1,0,11.272317038186644,0.0,0,0,38.08739488094927
17,0,0,16.210253344474236,0.0,1,1,37.29559968950901
4,6,1,9.459324440502865,62.916141094561034,0,0,64.20754522256091
13,3,0,14.198706978015892,0.0,0,1,34.66412211718314
22,5,0,6.586320589879983,0.0,1,0,30.709327512135516
22,2,1,15.90029168065179,74.20050653518923,1,0,79.40831912624819
8,2,0,13.564706682449808,0.0,1,1,50.923114088797995
18,1,0,5.9894462058174955,0.0,2,1,49.665960406059014
14,1,1,10.879927382391939,35.30929837127889,0,0,50.503694320108885
11,3,0,16.65720454659185,0.0,1,1,51.145980421510615
3,0,1,5.70483729673388,113.64390049536645,2,0,89.29423342640082
9,5,0,6.645248806875328,0.0,2,1,44.67365735511718
15,3,0,11.652515226067534,0.0,0,0,32.115839093884375
23,6,0,22.66665365216097,0.0,0,0,40.76420102861448
0,3,0,8.637109579802509,0.0,2,0,45.00714193657325
17,2,1,14.476369997927478,95.54064127424394,1,1,78.53957607582112
20,3,0,13.300677038006755,0.0,2,1,45.300849199699044
22,1,1,9.05240049867228,72.98100776487153,2,0,77.97955374308215
10,5,1,12.805666758924374,58.15614883829247,1,1,66.4431368729126
2,5,0,9.760826689525224,0.0,1,0,44.34700700296326
6,1,1,10.210976049417441,119.6779214588224,1,0,92.75144799790019
20,4,1,3.693640486134333,89.31680887228944,1,1,90.50927481757019
21,3,0,11.877818825668392,0.0,1,1,57.465599220137214
15,1,1,16.495467533112752,60.31626028269781,2,1,53.547136708550454
2,0,0,12.287128873898428,0.0,2,0,53.665154468512796
2,5,0,17.452538804112148,0.0,2,0,27.93262839003024
11,1,0,14.901637229725086,0.0,0,1,50.79322732632011
14,3,0,11.7022934683489,0.0,1,0,40.51289388739702
0,1,0,8.860372234965908,0.0,1,0,54.24378288218153
16,4,1,9.568681423192979,13.654918414903822,1,0,63.66536559127244
13,0,0,4.647447630314393,0.0,2,0,52.71653117581136
0,2,0,10.66460554950837,0.0,1,0,46.089565068983006
2,3,0,12.729993792820768,0.0,2,0,44.028813726707504
10,3,1,20.577105488996168,97.36179021626545,1,0,68.85027302719237
17,4,1,14.641601616394382,44.71148919036486,0,1,67.93102927137951
19,1,1,7.675730099310115,79.6225650652559,1,1,75.8650806434241
10,3,1,4.80315862240597,109.23916459708862,0,1,71.989190360887
7,5,1,10.967239563977138,93.70784160993098,1,0,86.09727158734255
23,2,1,16.058822234138745,99.11293437581482,0,0,83.49559623613317
11,1,1,10.89691831652806,31.337888412401156,0,1,57.595680864610145
7,5,1,14.709920875027978,43.400952435246,1,0,52.11663341402503
10,5,1,11.094372753739059,87.93504246475906,2,1,67.62006385994435
0,4,0,15.585002173577996,0.0,0,0,36.24917019202779
7,5,1,4.013709886471694,94.80627211210542,1,0,86.5617419550013
12,5,1,20.020910600730502,88.8129577685146,1,1,55.319479252316285
22,5,0,6.4375827588814465,0.0,0,0,53.24525743576013
17,3,1,15.968661648648887,34.69039681871136,1,0,54.94720703106943
18,0,1,10.639080026655225,113.04492090768669,0,1,96.35264177100196
13,4,1,11.420860498165498,66.46324580943929,2,0,74.73542192238835
2,1,1,10.794490470149258,90.53404815328479,1,0,72.26686343145971
9,5,1,13.278022925257465,71.90348154713058,0,0,56.01665780541093
23,3,1,14.287622716404474,110.94022382961815,1,0,75.82917116979903
1,6,1,17.29180755911534,104.25381817155802,0,0,88.70527520755563
21,4,1,19.03974441298689,31.36497496267487,2,1,53.10084905224731
16,3,0,13.659107733883513,0.0,0,0,48.851419853279346
6,6,0,20.56837119584152,0.0,1,1,33.51182739044302
18,3,0,12.464862714112389,0.0,2,0,48.90621584745661
20,2,1,17.38720181126462,102.14802937426836,2,1,64.68074155539827
1,2,1,14.143598364530737,38.88228904068085,1,0,64.77554374830176
2,6,1,9.253976842873172,34.892630182499936,0,0,50.56582517317197
15,5,1,12.906170771899218,80.2388219275104,0,0,56.963339145606575
23,1,1,14.515859387545625,119.96116348967712,1,0,103.47237255635072
0,3,1,11.839009342986964,15.726837730973777,0,0,52.112277617817796
15,2,1,14.064282589987782,84.12727758236436,1,0,74.05078608186736
3,4,0,16.326814796634473,0.0,0,0,26.978901383265796
15,0,1,11.883134290020536,49.27409883704441,0,0,67.71990964176686
14,4,0,0.0,0.0,2,1,62.08815777255958
2,5,1,20.391350757466853,66.5803595291531,2,0,60.39568553098426
16,1,1,10.512042848898357,95.73733776496752,2,1,87.21769668590646
21,1,0,7.883598895838511,0.0,2,0,58.05719198908592
20,4,0,6.379448521735911,0.0,2,1,54.10222194195703
0,1,0,10.317770488331776,0.0,0,0,29.416004266054404
5,6,0,9.18626084341509,0.0,1,0,38.438112487414145
5,5,1,8.314952680576544,93.54951546529504,0,0,94.58553502396782
10,6,1,8.589368650777134,77.96438642495411,2,1,76.0751157551197
3,3,1,14.648714120299111,10.774842027233419,2,0,47.747267225937
20,6,1,22.151817205015508,72.65870742217125,0,0,56.055844936326466
18,0,1,16.102857990074504,90.09643206810473,0,1,68.55167037100381
19,2,0,17.612990923772852,0.0,0,1,50.45080587275382
4,0,0,10.112949842766305,0.0,2,0,58.89741658515897
0,4,0,12.52332682775289,0.0,2,0,51.35901046525329
21,3,0,14.132412021151435,0.0,0,1,48.10664447099221
6,2,0,8.70221053178615,0.0,0,0,53.05120575947409
15,2,0,9.871349647254414,0.0,1,1,46.53993273579537
21,4,0,16.272759791665383,0.0,1,1,32.352511558155804
0,1,1,17.451463775500542,93.37094310456793,0,0,62.36027862158275
0,3,1,12.33705134757629,53.763595307119104,1,0,74.46575090445077
0,4,1,6.024214096106369,64.73735902811757,1,0,72.57530871330076
3,1,1,10.52204008391171,18.427493917554298,2,0,56.84854734464108
1,1,1,4.793344327470642,23.41890865447848,0,0,61.04799922024173
19,2,0,12.376012049173635,0.0,0,1,47.191116938582105
14,4,0,13.277015556357094,0.0,1,0,47.13796170059918
23,1,0,10.646447894811118,0.0,0,0,52.062058412274276
19,2,1,13.208556111916023,73.94617000584292,2,1,64.17387851734149
23,3,1,14.084506195419195,6.7894414085284005,2,1,55.56796171215631
5,1,1,13.284310214535619,42.945200200597,0,0,53.5015069159786
6,3,1,5.992348538515351,103.01111176418932,1,1,88.17571092198855
20,0,0,10.733678372436527,0.0,1,1,36.94912683093275
5,0,1,14.04921489133134,86.36614664990074,2,0,72.65573249351532
1,1,1,19.89355885653,11.25601655952439,0,1,37.74611116988011
16,2,1,10.640371248806513,111.66403847392496,0,0,85.76383414459467
19,0,1,14.75420100224055,53.921481760055244,1,0,67.95236617177204
23,6,0,16.39075955961912,0.0,2,0,42.495815575566105
22,2,0,11.016861508137202,0.0,0,0,61.8733806010587
2,5,0,17.7420387374367,0.0,1,0,47.17372469484683
18,6,0,18.01086915715448,0.0,2,1,38.763678131049566
20,5,0,18.901923670305955,0.0,1,1,39.18961599968741
16,5,1,14.29216084492766,19.46451211738531,2,0,53.40095104923737
19,0,0,23.80068624828768,0.0,1,1,41.594039618654534
20,2,1,8.923584436178293,76.2408220719356,2,1,64.67300366403373
10,5,1,22.6203879308947,106.87209774905541,1,1,79.40215618991581
0,4,1,15.841497443292164,7.636768977759987,2,0,35.33493894355691
10,0,1,18.701936665133594,102.2950319966942,2,1,80.1605103909907
4,3,1,10.399811227291444,98.3416314903036,0,1,89.90049856354732
2,5,0,16.222373514818813,0.0,2,1,44.41995597646414
2,5,0,19.134870818321815,0.0,0,0,21.086141388498685
16,2,0,6.5632067813806385,0.0,0,1,35.49059877999592
12,1,1,11.183368590922903,13.760353722611418,0,1,55.37116541649323
12,2,0,1.2937365588440617,0.0,0,0,34.33491934123918
17,2,1,11.108335115754217,60.48831765173854,2,1,72.16325851731703
13,2,0,7.919959032699569,0.0,0,0,56.54264227168642
15,2,0,10.911161560166324,0.0,0,0,55.35249636222255
2,3,1,26.618216788023297,35.14744476771197,1,0,44.07523037218428
20,0,1,20.589017533985995,104.58376981375928,2,1,78.64114949413562
10,1,1,4.80276231649684,78.476008641697,2,1,80.2955276802854
3,2,0,14.778691507997024,0.0,2,0,31.39439005720979
19,1,0,15.994655435296192,0.0,0,1,48.16442551148782
17,6,0,10.310514566477051,0.0,0,0,57.8754024033933
1,4,0,12.891538015792747,0.0,1,1,50.201974508284174
4,6,0,13.37991103707499,0.0,0,0,40.273664679931734
0,3,1,5.266943135690699,107.6128983222451,0,0,94.37055713745998
6,0,1,6.843353229569259,117.36245487296078,1,0,100.98322822897667
2,6,1,12.861483592204952,64.29509519686795,1,0,76.5439969188329
17,3,0,12.497012639908835,0.0,1,0,53.2173616724897
12,4,0,8.457186422913654,0.0,0,0,35.499372406056864
23,2,0,8.028119300730777,0.0,1,0,51.76322183649518
17,3,1,11.55110375164397,114.2901663140825,1,1,90.92583966828552
14,3,1,16.430754764916365,54.796374121831754,0,0,69.34340412834348
12,1,0,11.61757114526565,0.0,2,1,49.83093459648921
1,3,0,20.113654153178246,0.0,2,0,51.32468764906557
1,5,0,8.520897261687196,0.0,2,0,33.56052475100026
14,0,1,12.965549007274129,50.04635651595757,2,1,66.61058459301304
0,0,1,10.228522854479971,23.50177856349837,2,0,58.874781081868285
1,5,1,14.93980473206555,20.38318373850718,0,0,57.404007077083854
5,3,1,8.09206058887402,85.8106492420073,1,0,90.89707031247687
21,6,0,21.636988769968777,0.0,0,0,30.58415935534839
11,4,1,3.5469379846199693,115.9368682672775,1,0,104.80867544076685
17,4,0,20.57740119840123,0.0,2,1,45.05724735005525
9,6,0,12.449942345544164,0.0,2,1,43.542725134218315
4,4,1,14.762122908734565,35.931467516538554,0,0,48.495960424313125
8,2,1,18.672624515459788,10.273928737491374,1,0,45.22828824608149
2,3,0,16.288307475830347,0.0,2,1,44.254770049780355
18,1,1,8.349865561034694,41.37053982065135,0,1,65.52929560832546
4,2,0,15.00044777631301,0.0,1,0,37.984045500841006
9,4,0,21.33736986317308,0.0,0,1,42.80481428032395
23,1,1,7.5635414391958875,26.02930161712736,2,0,54.81510434152032
14,4,0,22.592142555969886,0.0,1,0,46.65889015267756
11,4,1,13.92851242984282,36.96756112675024,2,0,70.47748963793687
13,2,1,9.833861140398714,28.766889747139754,1,0,50.70053228042727
18,0,1,7.533553076958729,92.36452311562826,2,1,81.77986093620582
6,4,1,10.883564627958627,1.4287910399049952,0,0,54.57053449734755
15,5,1,2.2236083446475234,32.26594303501499,2,0,66.72122983842253
20,5,0,9.923777654706063,0.0,1,1,36.240781568839566
13,2,1,10.685363780721941,57.13751861165494,1,0,73.36822516127094
10,4,0,6.627931754437902,0.0,2,1,44.851475975596585
3,2,1,15.7392259745218,101.23889775086928,0,0,79.44598656104418
5,2,1,10.906168561053065,90.19231526259092,2,1,69.89002533580704
22,2,1,8.821027276927861,61.68937599244312,2,0,75.89123157232018
12,1,0,10.373330324657282,0.0,1,0,43.333000548167334
7,6,1,13.775537366579234,4.388348229455468,1,0,52.71891076102268
10,4,0,12.36610605233497,0.0,1,1,43.388063471140704
13,1,1,8.495124559562111,51.685548499453446,1,1,62.44397763155671
12,6,1,12.62826737020222,38.516087006718735,1,0,61.67590247837417
16,1,1,11.746620212168713,72.79612559331379,1,1,62.486356789941226
6,4,0,6.302678884255937,0.0,2,0,64.34372219324814
15,1,0,10.557476532463697,0.0,0,0,48.03897043638941
10,2,0,14.89669135210444,0.0,0,1,38.552563616133554
22,4,1,14.860691299482541,110.59757648448537,1,0,78.62587382448355
3,6,1,10.850178337983031,13.54193879116556,2,0,51.20011947947526
3,6,1,15.383863973929884,116.34859577960925,0,0,91.38153852963322
11,6,1,7.100222515076892,53.09725223167971,2,1,60.747720581171315
12,1,0,7.25506080903337,0.0,1,1,46.245681331407184
16,0,0,10.743725183531597,0.0,0,0,46.00893592177271
9,6,0,19.48783068043568,0.0,1,1,51.74950960725935
21,6,0,12.81625813269103,0.0,2,0,52.74014505933761
11,1,1,10.62317095167114,10.77270381921187,2,1,62.99328040112687
3,0,1,19.720690006033234,9.928112312616006,1,0,42.946570272369684
2,4,0,10.565307823982307,0.0,1,0,58.00979162493665
23,0,1,23.17366618642997,73.17421201718021,2,0,72.2102553232118
3,0,0,9.443584381896272,0.0,2,0,53.01922671666001
22,6,0,6.941356353743495,0.0,2,0,55.662905705896186
6,3,0,11.168190125740622,0.0,2,1,41.30886154367801
2,0,0,10.754578695814914,0.0,2,0,61.022769150660864
7,4,0,7.961400118253585,0.0,0,1,46.66970227930041
14,2,1,25.009870390792184,63.36825143160899,0,0,61.64859944006766
10,3,1,13.59313283902625,20.569052294001363,1,1,56.738247955735844
18,6,0,14.321247868357919,0.0,2,1,32.57226285220335
14,1,0,9.690603664315393,0.0,0,0,46.83873546451612
9,4,0,9.11165307627435,0.0,2,1,49.33767726186677
15,5,0,17.127791778588502,0.0,2,0,40.39068998462637
23,2,1,3.620791137051196,25.44814476094412,0,0,60.69634128887895
9,6,1,6.285677636048158,46.06311892098889,1,1,78.03502716347283
3,3,0,10.763457471962226,0.0,0,0,39.77212277961017
9,3,0,18.755236528171558,0.0,0,1,29.845755007744117
20,6,1,10.127415135152631,17.72503967248728,2,1,48.4099014368106
5,4,0,14.080757786370983,0.0,0,0,49.689369110128524
22,6,1,12.138643396940457,28.250468167977978,1,0,61.910166114083125
14,5,1,18.48129206468404,101.39217233740769,2,0,80.55028816344881
14,4,1,4.076384908935394,90.1855874571375,1,0,90.59833973166282
7,1,1,15.679816018613884,64.36061170568722,0,1,67.03067554259925
22,2,0,11.005505351287013,0.0,0,1,42.05148442993635
0,6,1,16.62442096959704,99.71853638567895,1,0,69.04069817757455
7,4,1,7.9035894694984234,19.919441228874742,0,0,45.55198704152116
10,1,1,12.121965349314193,106.4865430640919,2,0,80.75534745021392
11,2,1,11.48746644543658,5.889286004227752,0,0,54.17802617234791
11,5,1,6.987822643397937,110.8073354146595,0,0,90.0875943218796
3,1,1,5.597934935265181,16.657206283738542,0,0,56.53525014342439
5,0,0,9.097943190684287,0.0,2,0,39.278641875614895
2,5,0,12.649655644974997,0.0,1,0,65.51442157173479
13,2,1,8.215438878477535,97.80938044901077,2,0,76.05726096332654
8,5,0,10.34963218486091,0.0,1,1,47.685194005007055
13,3,1,2.571013227582146,2.284110111059552,0,0,61.76676717817733
14,6,0,10.14675039758135,0.0,2,0,47.22125144452839
16,3,0,17.117933233125033,0.0,0,1,34.850140488931736
13,6,1,15.525901629850416,64.78865110834778,1,0,71.72459010219927
15,5,1,11.565390314864283,39.84047285245913,0,0,48.97540970148216
14,1,1,13.218263625070817,91.10019135575864,1,0,90.24684074309818
15,6,0,7.8586980220292135,0.0,2,1,50.97091676128345
14,5,0,20.122193416457,0.0,2,0,36.87496788919867
7,0,1,22.338812532569527,90.95282562683501,2,0,57.631380640430166
5,0,1,12.824118153529868,109.99499189244597,1,0,74.02312575410086
18,1,1,24.953429180307463,82.70406449691777,1,1,63.56693399230426
8,0,1,8.59908814232329,38.638858331298216,2,1,76.78630932070632
13,2,1,5.744603799655235,55.59744954668413,2,0,71.72722979337722
4,6,0,8.451881229529409,0.0,1,1,51.01497170648989
10,3,0,10.902548674625047,0.0,0,1,49.366815459175136
12,0,0,23.560332756014816,0.0,2,0,55.064070558370815
15,3,1,10.594204362970203,96.86996698289506,0,1,76.89800178171953
12,1,0,7.7017209359798935,0.0,0,0,61.36236432923413
8,5,1,7.507705702112816,75.989518286336,0,1,72.40153414683687
23,0,0,17.7001105602164,0.0,0,0,35.21100804562151
12,5,0,16.98650874154518,0.0,2,0,40.77390651390317
19,3,1,9.572609068231948,94.70239618770634,1,1,79.81140314729222
17,0,0,2.6210794196142224,0.0,1,0,57.39924404268233
13,4,1,6.357032276453577,111.78640498097819,1,0,70.44774583718699
21,3,1,20.606219187497715,64.46870867875303,1,1,62.26195245691411
3,5,1,15.444039422747352,25.761422917756597,1,0,46.871288931650604
22,4,0,12.327306877791527,0.0,0,0,39.34653235234994
20,5,1,21.34416586575529,84.11795763753071,1,0,56.99973291647064
12,3,1,21.79163136405758,7.863912499266061,2,0,37.4006330525357
17,0,0,11.820301990193506,0.0,1,1,41.41090187228687
12,0,1,11.912141197341667,25.503386702930406,2,0,50.98342581104812
6,3,0,9.089766589439616,0.0,1,1,34.61933036897692
19,2,0,10.576983562574325,0.0,1,1,47.32361137551454
5,5,0,4.568375120999394,0.0,2,0,45.012269837519156
7,2,1,4.5480681190797005,87.80752721586094,0,1,69.01389672810919
12,6,1,3.386705655470493,27.65899957806038,1,0,57.58598902190337
20,1,0,17.421685034597225,0.0,1,1,34.87004806132017
9,2,0,4.192988885437184,0.0,0,1,51.974706811482335
11,5,1,21.749811493530775,49.171944980334075,0,1,50.318247884944135
0,0,1,8.348110544002974,8.187019464673684,0,0,39.59064409133941
2,2,1,20.686749533912682,33.62223929672135,0,1,43.11155458130724
1,5,0,10.174728285672627,0.0,0,0,33.04700461499644
1,4,0,4.169066145397615,0.0,1,0,60.76177093876758
20,5,0,18.418894490327347,0.0,0,1,50.64777636995438
20,3,1,19.009328138166126,9.405176570905255,1,1,54.43566597996347
19,6,1,7.469744998664946,61.61520350913078,0,0,65.870744323046
1,6,1,10.341738667012747,32.02635954908757,2,0,68.31271143001544
1,6,0,7.471020317195104,0.0,2,0,52.27916677945094
6,0,1,11.397366527711405,38.67615250670043,0,0,52.8415160851703
13,4,1,12.539145737204274,15.310235257679171,2,0,45.299115015206176
8,0,0,10.243084704422857,0.0,0,0,45.42968649961214
11,1,0,2.9055430230457358,0.0,1,1,53.49517894564993
4,2,1,9.09560342454989,49.06685401774041,1,0,67.8001532771126
17,4,1,15.517593817770209,56.21309438319744,1,1,62.24621672438914
7,3,1,10.955502287020419,62.423672563966726,2,0,65.29571831821502
1,6,0,10.362796862191471,0.0,2,0,57.526488236519945
17,2,0,7.346117274846176,0.0,1,1,48.212845705747036
21,4,1,8.949743154011916,50.14301513023444,0,0,64.02203632691972
0,5,1,19.0447405329098,115.73267731163448,1,0,78.53247747333643
10,6,0,6.301113715989461,0.0,1,0,49.0535057662948
19,1,0,15.604115483426149,0.0,0,1,31.617321021688806
16,5,0,12.235276104517622,0.0,2,0,37.1869994068069
20,0,1,13.22405331560701,45.05254239055349,1,1,79.75704228563605
9,3,0,8.33821859492691,0.0,2,1,35.1260729009023
8,2,0,10.241113169760414,0.0,2,0,48.981322741525226
17,6,1,11.971399099140212,117.32773341464112,0,0,89.22778379399111
3,5,1,9.396665176954018,59.23459957848444,0,1,76.31656954867718
5,6,0,13.657160520182746,0.0,0,0,47.00851694516156
14,5,0,14.287195080615355,0.0,1,1,58.69717712511053
16,2,0,22.863533118099603,0.0,1,0,38.62634030234025
2,5,0,13.390950146811857,0.0,0,0,55.070077336008396
12,0,0,2.438786722405812,0.0,1,0,61.36874993088063
8,3,1,17.8150954041934,48.45582107529229,0,1,70.04338301192837
12,0,0,10.980646791819037,0.0,2,0,46.414182681973166
23,5,1,22.059626814684272,14.346002288849423,2,1,45.55655006922686
1,6,0,19.35462226252654,0.0,2,0,36.562889888063204
23,4,1,9.473663081442169,118.35389648798642,1,0,90.12296203505034
10,5,1,15.609513919355877,21.467483052953213,2,1,51.745907187914376
18,1,1,9.03022426126056,40.26588443462981,0,1,45.24961529939631
10,6,1,12.01345413207347,60.562186460902026,2,0,65.44085444187515
7,3,0,15.37992407176977,0.0,1,1,49.81504254227375
18,4,1,17.56500103023255,11.68068720290023,0,1,34.23472570375205
16,5,1,16.4760291444312,23.62969486779636,0,0,42.19883667701563
3,4,0,12.37494815956414,0.0,0,0,54.34521989507908
16,2,0,24.41711950040608,0.0,1,0,46.21132904670295
18,4,1,10.174897967364554,95.78326125306948,0,1,75.41807390695354
9,4,0,3.963996841503512,0.0,2,1,53.22068032506107
22,6,1,4.926503523953377,112.83781442721617,1,1,89.92761270877426
15,3,1,19.370038650611715,33.93724285802064,0,0,60.79781176700885
8,3,0,11.616735400765977,0.0,2,0,41.439840126472646
0,3,1,12.79528749027046,113.91759950996003,1,0,81.6057600133994
16,0,1,9.287380600378317,100.8580053193762,2,0,93.59653510171682
5,0,0,9.73648760350405,0.0,1,0,39.18416525614621
18,0,1,8.064520695253526,47.43416293214026,2,1,61.16667012165643
12,4,0,14.355754066650444,0.0,2,1,44.57858365198651
11,2,0,11.513100412314497,0.0,0,0,57.97967817982267
3,6,1,14.175026889017007,35.361157326852066,0,1,46.48868488856247
17,4,1,13.697191926587417,63.786731743504866,2,0,60.68290460943561
3,0,0,9.870606331835518,0.0,1,0,51.84392150783364
10,0,0,4.706346873486063,0.0,0,1,57.210522250953595
20,2,0,4.271002020003213,0.0,0,1,53.27564380014141
22,6,0,27.13325795847533,0.0,2,0,32.359624022515675
23,0,0,19.390867222116547,0.0,0,0,40.524525456350815
22,1,1,18.70091283445607,93.60791108183666,1,1,60.743892837030984
13,0,0,8.626965965065523,0.0,0,0,48.90980347640096
4,2,0,12.047548668815601,0.0,1,0,57.21894429908178
20,6,0,7.923186038084146,0.0,2,0,38.100265008404364
19,4,1,5.439589524170547,31.757545292469285,1,1,55.49106150354531
23,3,1,9.056132398121495,65.20045046901069,0,0,67.40022018465294
15,1,1,18.630924817147893,105.52993044635505,0,0,74.35932502786834
3,2,0,16.20372683461985,0.0,2,0,56.76793805657232
12,3,1,7.149759991889892,0.7894279035347651,0,0,42.10123164243124
10,1,1,10.425919749212623,6.7926729679500575,1,1,39.98300793670356
20,4,1,15.745615859682905,75.91643729355499,2,1,75.14283392431975
9,6,1,9.145143024063314,81.3517874304903,2,1,70.98215868930565
7,1,1,12.397931224163651,48.21298653152705,0,0,68.2575973938153
1,1,1,14.00923723532406,29.13364645676197,0,0,52.41289198477003
20,0,1,13.954652759220656,85.91599058828085,1,1,77.57903346568192
18,5,1,13.270727138451429,36.499340944793914,1,1,44.615171421643495
0,3,1,8.73151413108745,8.881390300516347,2,1,54.768526563620085
10,1,1,9.245127062405924,49.15326474045035,2,1,66.54991266045248
11,1,0,6.331750742396874,0.0,0,1,47.89155371238846
11,0,1,4.193317032488639,115.87545567991357,1,1,82.33984862060882
22,3,0,11.426256291548855,0.0,2,0,47.59367675425461
3,4,1,16.081298072935958,24.998417535588096,1,0,56.67677600697055
7,1,0,5.098588029230266,0.0,1,0,46.67189999108556
4,0,1,13.364866220621286,34.97783901660481,2,0,52.458428593099
5,3,1,15.923156066916974,115.11338202897304,1,1,88.90226934684148
21,4,1,2.8163311558932715,39.03747200092773,1,0,80.09181924605925
22,2,0,10.647094499318905,0.0,1,0,53.9992773474055
1,1,1,20.231051002291867,105.47447618110989,2,0,77.56693375875246
15,1,1,14.759705088786866,103.67912970596475,0,1,77.53412483974688
5,5,0,2.647714254688559,0.0,0,0,52.66182094230245
4,6,0,15.291697312058053,0.0,2,0,32.16271099422228
7,5,1,8.261316028858356,86.556014274206,1,0,77.45046745767657
4,3,1,15.456534650463796,40.11579316794192,0,1,65.63437621607397
11,5,1,8.54959116699613,58.811811186687294,1,1,69.06153984315468
23,2,0,11.734837777940175,0.0,0,0,40.60813118396419
14,0,0,9.312286157185254,0.0,1,0,41.80618319733711
17,2,1,12.015788613692528,93.61013852840837,1,0,77.89678796295786
11,4,1,9.163599130444942,51.42008907542096,1,0,55.789057133379934
0,4,1,10.882308792227612,77.45048477214917,1,0,66.13338510205354
2,6,0,6.1219749584466125,0.0,2,0,62.36496015380929
6,6,0,14.453297977069957,0.0,0,0,35.14855782078676
5,1,0,12.876426043219626,0.0,2,0,38.28653944324102
20,0,1,3.9173391294792435,72.790765739495,1,1,79.67359965131473
20,1,1,16.964583301009636,93.98989772054287,0,0,70.79068350484712
20,6,0,11.118560201727517,0.0,2,0,46.814223349652046
15,5,0,12.808811981179549,0.0,0,1,51.65595630070088
13,0,1,15.82280836014593,89.10484537055355,1,0,61.15180747698025
15,1,0,13.64121121179992,0.0,0,0,50.12100212212202
9,3,0,17.826015792304496,0.0,2,1,36.080069464666806
16,4,0,10.533522388972944,0.0,0,1,44.28457054294794
19,6,1,17.172146931135195,105.64423274434371,0,0,93.61449903068288
18,5,1,12.614623089036604,106.11337186195748,1,1,70.8269923723857
14,1,1,14.538167122533457,61.32673446017111,2,1,69.55944506089408
1,0,0,14.01814586398952,0.0,1,1,52.80971856320986
17,4,1,18.20365162654763,98.40986057799043,0,1,69.41228430707974
8,3,1,15.607061867796467,33.99078146409665,1,0,49.06929350216884
17,6,0,9.785272598450769,0.0,2,0,44.22243874259203
12,4,1,8.79366478000076,24.105625428454044,2,0,50.886389635389484
21,3,0,11.751229262025836,0.0,0,1,46.1307845564117
8,2,1,8.199492794603763,64.93022637427823,2,1,78.30683359638812
22,0,1,6.739038993368264,101.18532331900845,2,1,82.1177622166702
20,6,1,1.359737653509793,59.17713402827901,1,1,82.05264159724692
7,5,1,4.253686210856448,73.01186232738118,0,0,88.35928753597226
11,1,1,21.927031805557622,111.21433562088907,1,1,79.83186705238833
12,4,1,8.717498751851114,50.18547027697188,2,0,69.79478408700952
18,2,0,21.517301499105727,0.0,0,1,33.03452223022456
16,3,0,14.015773005777898,0.0,1,0,22.803645934970543
20,5,1,11.751209891819475,70.79748763874585,1,0,75.06379013188011
8,5,0,4.496974415893831,0.0,0,1,57.77422945632228
12,1,1,12.023344477880244,74.48461312093944,1,0,73.39049358978573
10,2,1,21.46091883484115,4.459934490972639,0,1,46.67039506398411
21,5,0,19.788183720083694,0.0,0,0,34.78334790860951
7,6,1,13.371193263487894,107.45004240635124,1,1,86.05868460305592
14,0,0,6.256658170474921,0.0,2,1,61.77182440836155
2,5,0,7.214173273754239,0.0,2,0,54.55400465852617
20,3,1,7.737040783037698,8.956415248951558,1,1,62.6871588869321
9,4,0,18.390774636813504,0.0,2,1,51.08063242890635
8,0,0,20.158602180543795,0.0,0,1,29.102042984493295
13,4,0,12.979464174837927,0.0,1,0,50.369877271530946
11,4,1,10.484597822384233,76.63838267897253,1,0,68.38011928644963
20,4,0,19.743552483304917,0.0,0,1,30.345290822202728
12,5,0,7.107132295675226,0.0,1,0,47.02905969728192
12,6,0,12.25911663800183,0.0,2,0,59.22597902503793
2,5,1,14.314829997730651,38.667602493646065,0,1,52.73139597656096
0,5,0,7.685996964118003,0.0,1,0,34.7854710313376
9,6,0,8.820428893043463,0.0,0,1,36.38679208855969
23,4,1,8.431312104061984,66.58787311230024,1,0,75.38774082791167
22,4,1,19.083634279940426,65.62813620562554,0,0,56.63233802168175
15,3,1,21.57183638528544,97.15125436811257,1,1,55.39998160757089
15,5,0,12.573962651182804,0.0,1,0,33.69992911227445
9,0,0,10.658907064786064,0.0,2,1,47.808220608298356
4,3,0,9.00079462503352,0.0,1,0,54.035249475979064
0,2,0,12.008731567251646,0.0,0,0,41.82728990882987
8,6,0,9.248891242816052,0.0,0,1,52.79271761656733
7,0,1,11.514848788223896,54.24321362721145,1,0,72.09268304211899
4,4,0,14.066164115019617,0.0,2,0,37.477384970012636
6,1,1,9.97343528604816,87.06372820745368,2,0,76.52380282985212
0,6,1,11.052059686929512,73.65362846338952,2,0,67.13326719080787
14,5,0,11.072727574638476,0.0,1,0,50.452857897728585
22,1,1,10.412182826369305,22.465288103051225,1,0,49.63523328817874
16,6,1,9.792760614918945,44.905475223796145,2,1,53.17729016444204
10,3,0,15.81098301468403,0.0,2,1,42.77190647935786
10,6,0,3.1463198551177882,0.0,1,1,61.36570380994797
7,5,1,19.871399295006317,86.48441133518305,1,1,73.45700657368697
3,0,0,12.677647316014985,0.0,0,0,52.91256422367189
14,1,0,15.050087879932574,0.0,0,1,50.31210097696238
13,2,0,15.625388915744377,0.0,1,0,42.83687748133609
0,1,0,8.459704199847144,0.0,1,0,43.45233135986228
9,0,0,7.428207219103792,0.0,1,1,42.099597197551795
6,6,1,6.838653576730865,17.4726068546661,0,0,42.951625942329606
4,6,1,10.764659850857058,45.96706566453367,0,0,71.99314153615194
16,3,1,15.496023457755143,22.372426554140144,1,0,47.78868985559102
12,1,1,9.08118987389588,9.468318964704498,2,1,37.41079592856011
15,1,1,15.039658200891523,37.53294294659909,2,1,65.97940521916445
17,6,1,0.16039390569400602,105.07194180477968,0,1,92.40100012386888
23,2,0,10.072163990123752,0.0,1,0,54.6844232402361
19,0,0,17.83568683805781,0.0,1,1,38.639117079769825
14,2,0,11.145143554835322,0.0,0,0,39.737695223235875
21,3,1,7.854281819169167,63.700867295045065,1,1,74.5778687838086
11,4,1,8.715783889312014,60.661046761805096,0,1,73.48781938508785
23,2,1,0.0,2.068376371191558,1,0,53.48472550101277
18,6,0,6.940990147940396,0.0,2,1,59.95543236739269
15,4,0,17.28620686256291,0.0,2,1,48.73478811674066
21,6,0,9.086986165518843,0.0,0,1,52.24852302357841
12,2,0,9.677278189993872,0.0,1,1,38.378400248923526
17,4,1,0.34093906481795955,56.6792114992125,2,0,64.55810056930609
6,2,0,3.8458110344371885,0.0,2,0,61.51549185198201
23,4,1,17.950245892998765,93.49360865228722,0,0,55.8558096171528
14,5,1,15.086470403307805,92.41318165411876,1,0,74.54760220201973
18,2,0,5.5128048428028436,0.0,2,1,51.762910909878336
11,6,1,8.8471380421339,107.74951838380089,2,1,81.71691547008705
20,6,0,11.854138285006083,0.0,0,1,45.2341194312041
1,6,0,6.0193613392162195,0.0,0,0,53.54688761512576
2,1,1,1.9792805824319952,94.50666243506458,0,0,81.79614149335369
12,5,1,11.203948062802821,48.79018561260773,2,0,70.16468899746855
17,0,0,14.863042810866204,0.0,0,1,47.76937002829105
19,0,1,14.95928659864977,118.56086794188951,1,0,83.089205654841
10,6,0,16.37618692771073,0.0,0,1,35.2875999496984
15,1,0,4.232213691100881,0.0,2,0,50.88894205571239
13,6,0,12.289509549134694,0.0,0,1,62.05375418594493
23,3,0,10.657743178854393,0.0,1,0,40.414375710715305
15,2,1,11.563896572514038,69.25242019066442,0,1,82.2334756104906
10,0,1,10.941091831829313,10.404422454998183,1,1,35.84722202024736
23,4,1,8.697759096962422,96.88688460361807,1,1,75.06591252126157
2,5,1,0.0,115.09043506448126,2,0,90.94061466060596
23,3,0,17.809145102853368,0.0,1,0,48.345393764659356
3,5,1,13.649950827375445,87.79188725362363,1,0,75.25005712124727
6,2,0,4.578551062317462,0.0,0,0,61.817731314878806
19,3,1,14.365658264963775,13.140746329860345,2,1,45.44559674052883
17,2,1,9.76347596499265,29.615576347618706,2,1,57.12379272132485
23,4,1,9.905138417911349,47.02454976660632,2,0,60.90503080557938
17,0,1,8.157926992554836,100.41123980481436,2,1,99.82880258673646
15,3,0,14.684652363261323,0.0,0,1,34.290346669388875
8,3,1,8.000882142419005,16.435596304996455,2,1,50.286177464722186
0,3,1,6.515826569546999,30.764527084450656,2,0,52.73122481890316
2,3,0,17.658724053029978,0.0,1,1,45.45952052595169
7,4,1,11.105592951166376,4.711709538626394,0,0,38.63654592114673
0,3,1,11.262568050038961,75.71964827630646,1,1,87.06899416674244
12,1,0,15.462320601383325,0.0,1,0,43.27558260129564
18,1,1,8.662066495769118,93.70456131272256,2,1,84.1659838404519
23,4,0,9.659234136765573,0.0,0,1,50.97743267857263
11,6,1,13.528576348614177,103.85279903671785,2,0,80.36514457873889
21,5,0,4.293111987681171,0.0,0,1,52.53882532727874
23,4,0,13.105495233841072,0.0,2,0,45.19345401043156
20,6,1,8.221442704093164,93.72331003041087,2,1,85.3799494261255
11,6,1,16.277362962275742,61.88985367084473,1,0,57.06060588371671
7,3,1,14.733316634249544,15.696519241540168,0,1,40.77050444625962
23,0,0,14.07274178487515,0.0,1,0,50.30955120504313
5,4,1,3.9652067572272145,72.70768895295069,2,0,77.26018340715567
9,4,0,11.483023024130901,0.0,2,1,29.761963240375565
1,1,1,6.1136671979286135,111.54721640785806,1,0,85.34907150934553
19,5,0,11.81568048511487,0.0,1,1,57.78725009260763
15,6,1,0.4236016155513056,86.84990299845776,1,0,83.77556788071762
2,2,1,4.295838658123786,117.88761126568109,0,0,88.57606245609597
5,3,0,17.945168044200937,0.0,1,0,28.685514903251043
13,1,0,13.845265880032802,0.0,2,1,39.381139210932076
12,1,1,10.230920762601665,9.307557300887165,0,1,40.76288084465817
19,1,1,7.456283386568887,97.90430320919255,2,1,86.73511603586402
6,2,0,6.578730412064535,0.0,0,0,50.13135759975725
22,1,1,13.00077877544263,110.91405438748143,0,0,80.51159262982227
10,1,0,10.28183845203827,0.0,2,1,40.6767867041472
19,3,1,19.73323591658638,23.854441432228967,0,1,59.773989700431514
5,4,0,11.07618139994825,0.0,1,0,40.49652257711762
0,2,0,12.293602461222667,0.0,2,0,39.55232829880958
1,3,1,5.057482659723144,104.06356131429976,1,0,85.43251600765478
8,1,1,10.196503874114303,11.896711830176624,0,0,50.181694789848535
22,4,0,12.884957025339931,0.0,0,0,48.54840478946889
1,4,0,10.136071443934066,0.0,2,0,54.334700914834045
8,6,0,9.57185733212884,0.0,0,1,54.18709964975126
2,0,0,13.634548128076615,0.0,0,0,63.531516306564995
22,5,1,19.574116407804947,72.04114601764599,1,0,51.01211608624999
16,2,0,12.724846851539137,0.0,0,0,46.66693315352446
18,0,1,17.72093141736569,89.67344537065395,2,1,68.04490608377719
17,4,0,15.10801188759391,0.0,2,1,58.99166943899991
15,1,0,17.42176687333925,0.0,2,0,42.467414295954114
18,1,1,8.951400383266812,11.07202796249278,2,1,35.47671228422482
0,6,0,10.96536252507799,0.0,2,0,49.70142020242954
20,1,0,10.986132146176676,0.0,1,0,48.34575379709053
17,3,0,14.731386182819879,0.0,0,1,49.27685758390737
17,1,0,15.96206411105932,0.0,0,0,36.44210200807197
9,0,1,12.625280955559456,71.53764619200241,0,1,72.56056954680092
19,0,1,16.383532886879323,75.6569501855969,0,1,66.20921513061015
9,0,0,9.183342615093135,0.0,2,1,42.28243081168782
1,3,0,16.426887764495625,0.0,0,0,44.60028061611317
21,3,0,17.07904721092934,0.0,0,1,42.55903977713228
5,0,0,15.387481729623318,0.0,2,0,51.09044016060069
2,2,0,12.670848917406065,0.0,1,0,45.07923249144084
14,1,0,15.566616662024833,0.0,1,0,47.37792734407869
5,3,1,7.529977673807552,110.40034135935385,0,0,77.95666899878255
20,6,0,12.991811321801043,0.0,2,1,55.76268827793198
10,4,1,13.502552384125613,20.148776977277855,1,1,45.03242465832095
0,6,1,5.352421684242575,28.632323487714793,2,0,67.96281992004441
22,1,0,14.372921264697604,0.0,2,0,45.60661300471763
12,1,0,5.755906371590924,0.0,1,1,51.48586475218698
6,5,0,9.860408510452846,0.0,2,1,53.19443648487158
16,2,0,12.198804796381491,0.0,0,0,28.121102610788572
12,5,0,8.346318076835967,0.0,2,0,43.73475095743513
0,3,1,12.41277019310159,49.32455011348113,2,0,68.30241300559575
18,1,0,12.3327849521811,0.0,0,1,60.510517017345975
9,5,0,7.8990918032057955,0.0,0,0,48.48586081087278
16,3,1,14.839872294121655,44.34731881734807,0,1,39.14863017011278
21,5,1,8.179217483468841,12.598246003747931,2,1,50.3282603091183
14,3,1,23.439871873673475,42.39324086831361,0,0,50.60453794524537
16,0,1,11.452605883346976,75.65648635062045,1,0,81.193360402051
6,4,0,6.143529275049838,0.0,1,1,50.47192083523548
5,0,0,7.07829116893114,0.0,0,0,39.12356610886982
9,4,0,17.737902323491504,0.0,0,0,48.517650527704475
20,2,0,9.95424175140773,0.0,1,1,51.58314116629217
12,5,0,5.181180960850158,0.0,2,0,45.262305844160664
8,6,0,16.268563735638836,0.0,1,1,47.74412984171603
18,2,0,9.922130561109586,0.0,2,1,42.68938084770371
20,6,0,15.267097555596756,0.0,2,1,40.4006576078005
21,0,1,16.677830128280636,92.24329694129977,2,0,69.70538316104509
7,0,0,13.372317694042723,0.0,1,1,41.82261668361033
17,6,0,23.979536978426665,0.0,1,0,43.07045251935051
14,4,1,3.3762875353338817,106.30337208837298,0,0,75.21886701703328
10,3,1,7.910249623640958,106.9791579998241,0,1,94.94754035065068
9,1,0,10.720249976980213,0.0,1,1,47.834398833790246
2,2,0,23.305867643040607,0.0,1,0,33.23462309252955
6,4,0,20.99001235051106,0.0,1,1,38.37409481230486
13,5,0,18.44345433696958,0.0,1,0,32.973428823732675
21,6,0,8.02938029627045,0.0,2,1,35.52270782030115
20,2,1,8.61242630114785,51.870956436501665,1,1,59.21866777786349
4,3,1,7.857199824297729,101.09174649699005,2,0,68.93243693863865
16,1,0,8.082865559796186,0.0,2,1,37.71257027960397
2,0,1,19.463523036379872,70.26699182885824,1,0,51.040616166811944
16,3,1,10.781164383020782,119.65750644080866,0,0,98.04574642232002
8,4,0,11.442509176780288,0.0,2,1,35.57230348070591
10,0,0,15.871933934617157,0.0,1,1,41.9724820240169
17,2,1,3.6823601298301263,38.53525986620086,1,0,74.47534619938985
10,4,0,12.263229106345696,0.0,1,1,51.99012743291422
19,5,0,6.5156413566353955,0.0,0,1,47.42639844920541
12,6,0,10.527925397208408,0.0,1,0,44.25304935600949
23,2,1,9.067896530203937,45.219133016829,0,0,65.01358534975351
15,2,0,8.810096269843715,0.0,2,1,64.84974888709085
7,6,1,13.127909033531823,4.783330001754775,2,0,49.47621606403025
18,4,0,13.106067011962557,0.0,1,0,49.860905716940316
9,1,1,10.900897053830075,37.30902635562692,1,1,77.46861600173841
12,4,0,13.85342171495578,0.0,2,0,46.1398735590031
3,1,0,7.656927295732254,0.0,2,0,58.05732976090503
2,3,0,15.407929345197136,0.0,0,0,46.49545859332471
13,2,0,10.969004889211972,0.0,1,1,49.93005671904764
4,6,1,9.581682189310515,113.53766452796926,0,0,79.36612549592377
23,0,1,8.026205941485093,68.20330561911885,0,0,63.41697551819554
20,5,0,10.793012697666592,0.0,0,1,42.267058185091855
16,1,0,21.35319628422961,0.0,1,1,44.97292470802421
17,0,0,11.683431149487053,0.0,2,0,52.3289843217248
14,4,0,6.277982319282804,0.0,1,0,60.64310438228352
1,4,0,16.59409533392523,0.0,0,0,41.63589425455974
9,0,1,9.64035782104123,15.678856269498125,1,1,57.077248759005045
11,0,0,13.418795021762353,0.0,2,1,48.60092871986571
21,0,1,8.971697247867109,75.43960618025241,2,1,73.36655066498264
5,2,0,18.40386658071585,0.0,0,0,37.704629341848545
11,0,1,9.04620121677018,15.1263345899719,1,1,41.17727011149955
8,4,1,18.989289892887683,80.45805810841678,1,1,66.74861190745452
3,0,1,6.753697077356068,74.23889608614601,1,0,74.74865181714523
2,5,1,10.535468071422601,26.12844129679752,1,0,64.79167871317492
8,6,1,18.999978929533906,98.78147385923114,2,1,84.23746753505749
1,5,0,12.840871123906695,0.0,2,0,45.89300974597505
1,6,0,23.357329709028164,0.0,0,0,52.82120166561339
8,6,0,10.654297753809914,0.0,2,0,47.99645767108088
4,0,1,13.285214264803368,73.66814522548952,2,0,78.419041962536
13,2,1,21.52574636024409,72.00851437842383,0,0,62.18178992936625
0,5,1,4.430383916288658,82.35289547365713,0,0,71.15799996443522
7,2,0,3.8112498340923118,0.0,1,0,48.54924575121703
10,5,1,8.022459113952959,104.91248877483407,1,0,97.0938115884785
23,5,0,16.06686344736663,0.0,0,1,40.03289286457066
15,6,0,3.9507440833403056,0.0,1,0,48.10741945290349
21,2,1,14.985245282810098,91.93071926350176,0,0,75.15502858424354
8,2,0,14.633533472444467,0.0,0,1,40.177196517686674
10,0,0,22.071951166009786,0.0,1,1,46.892511590363256
10,1,1,17.227424627561863,33.59807747238454,1,0,68.06102500193309
21,1,1,13.820251187488878,57.64569101411967,1,1,64.16727006932953
23,3,0,18.7956646757648,0.0,1,0,44.287113703903714
23,2,0,14.694519705574333,0.0,1,0,51.01938515698559
18,5,0,9.699649726863989,0.0,1,1,48.10866548472017
12,5,0,6.276971114755693,0.0,2,0,42.9551264074549
12,5,1,9.153171981534596,97.42266719618895,1,0,78.49985508928799
23,0,1,11.799630627264412,119.61179668454602,0,0,90.72060796014584
6,3,1,12.87509202674802,56.015757808072074,0,0,67.45593902047517
8,5,1,1.3240220095662067,10.311086706612667,1,1,43.212154390730824
21,1,0,10.902198325380027,0.0,0,1,42.785273246047076
9,2,0,12.142908847747224,0.0,1,0,39.389616302604765
5,5,0,14.737687224399203,0.0,2,0,50.26818447301611
13,5,1,20.134004412531752,103.71107799082739,0,0,69.60574629910012
7,5,0,12.928267677226348,0.0,1,0,40.96821281439571
21,3,0,7.452185618761409,0.0,0,1,45.069519786115485
21,2,1,2.909603081992639,47.66214055331961,1,0,75.68472027816466
7,2,1,15.435054790561908,3.3970244213448053,1,0,51.591669368392196
12,4,0,7.654563202612933,0.0,0,0,52.82493784387345
23,2,0,16.334184885806735,0.0,1,0,50.783927557931136
17,2,0,18.987100760812844,0.0,0,0,49.693640738003744
5,1,0,4.27962617010413,0.0,2,1,37.093829941675544
14,3,0,14.769462793794812,0.0,2,0,47.91972056693315
14,1,1,18.463112051696722,68.61168046064577,0,0,61.28520906868137
15,3,0,17.09519662640141,0.0,2,0,31.26985545590719
0,6,0,1.5181028154477225,0.0,0,0,51.227641894838975
7,5,0,7.731739776031478,0.0,1,1,54.661493909126435
20,3,0,5.599097471247884,0.0,2,1,62.162700318146626
5,6,0,14.617363775735253,0.0,1,0,32.5453101579943
7,6,0,14.066633117427486,0.0,1,1,48.6940198677636
7,3,1,0.0,96.09746668299137,1,1,104.35914498898988
4,5,0,10.495841893360792,0.0,0,1,61.2493556856342
3,2,0,16.003599151705533,0.0,2,0,14.57067987672723
8,6,1,12.73987995612061,56.479552820667465,2,0,82.0069800970262
20,2,0,12.731334597499306,0.0,2,1,52.50326115088599
0,1,0,10.175031566406446,0.0,0,0,28.400912924256804
6,0,0,6.705295294626608,0.0,0,0,43.51047598837019
1,5,0,11.91472088054758,0.0,2,0,55.53033592565272
13,2,0,12.260467256175621,0.0,2,1,48.0739103380852
6,5,1,15.076272601664778,54.43000748187581,1,0,57.39783869898038
19,0,0,15.48249962147731,0.0,0,0,43.1457022538327
14,3,1,12.429307095816206,2.497599685268721,1,0,50.2980655617128
18,2,0,17.47454182292416,0.0,0,1,36.38621486902777
15,3,1,10.125376659321145,77.55239787045419,0,0,73.02609868062612
10,1,0,4.779877150601333,0.0,0,1,58.351435130007104
20,0,0,14.385268347091028,0.0,2,1,37.88523276820575
11,2,0,12.631897771946274,0.0,0,1,34.03857622396673
22,3,1,14.484657578399318,10.955008250652241,1,1,42.14802901336357
23,5,1,5.677743258585361,112.18097928552753,0,0,82.60984924320692
14,3,0,20.953980443055222,0.0,2,0,33.39787842416565
16,1,0,15.552512068318208,0.0,0,0,28.738321131767144
6,1,0,10.560015545004369,0.0,2,0,48.436955484712826
19,4,1,7.322734270176773,102.12426957567978,0,0,91.82611731065515
16,3,0,17.385767052161246,0.0,2,0,34.59756562621205
21,6,1,6.491151089680718,14.053654592063797,0,1,49.51010443817445
6,3,0,23.306824123960347,0.0,0,1,34.855448682290486
18,3,0,8.933975300503345,0.0,0,1,40.56237736356672
11,0,1,20.602526073028056,93.69182452026676,2,1,79.18037830811006
4,1,0,11.07763107463642,0.0,1,0,39.02860545891305
4,5,0,19.90373354410154,0.0,1,1,34.86981743968778
13,2,0,8.325657465867419,0.0,2,0,42.23333052083054
7,2,1,12.0941818927335,14.815622476079868,0,0,58.569939297209544
2,4,0,16.023746650852832,0.0,1,0,40.332371398550876
10,0,0,15.310385683479113,0.0,0,1,58.69656574716716
15,3,1,17.50380916828942,63.72940640054629,0,0,66.13236230064041
7,2,1,9.562639425992177,92.7252116622119,2,1,89.07116279905526
22,1,0,12.424041864249055,0.0,1,0,42.46658867062077
18,2,0,18.241942879990354,0.0,2,0,32.86548155321681
12,3,1,8.473722491405242,52.56466174141711,1,0,66.35336670770812
22,1,0,14.862705305592009,0.0,2,0,37.677487163792975
10,3,0,10.90419880111125,0.0,0,0,30.288406748694392
3,5,1,13.029370532913028,101.61440987987491,1,0,88.24970552758059
0,1,1,12.422751082072242,6.213902139119396,1,0,47.49860895472326
22,6,0,8.05858424607518,0.0,2,1,42.950713048024326
23,4,1,10.696534039387762,104.79156912732422,1,0,86.12999505594411
17,5,1,12.72466126038353,94.80863153719721,2,1,78.37875303821825
2,0,1,11.486380006439356,59.21399755999793,1,1,77.81412074203183
7,5,0,19.863679748971194,0.0,1,0,42.57159028169781
0,2,1,17.049777784081805,101.82314355497994,2,0,75.74292376574495
1,4,1,13.449902492467483,18.376149882554596,1,0,56.219155336655575
5,5,1,8.184269086402487,33.21848558365221,1,0,59.79134141026679
13,1,1,7.879884540510234,14.913022974268117,0,0,55.386312646157364
1,1,0,21.869055176402053,0.0,0,0,47.31409014838022
23,0,0,6.950572819639029,0.0,1,0,40.090965081201816
10,4,0,12.56929809075262,0.0,0,1,38.038372619774776
6,5,1,13.804743571743398,55.36051300582276,1,1,59.97753105137961
12,2,0,10.443381742583469,0.0,2,0,44.46106381520355
18,1,0,6.988981177113203,0.0,2,1,58.66112792183606
7,2,0,8.075516804967565,0.0,2,1,37.22199149619334
1,2,0,9.267474988479858,0.0,0,0,47.35002093445789
1,6,1,8.452535654511104,22.81392414241157,1,0,51.81662006982299
20,0,1,18.638601965904652,69.19513885002003,0,1,77.91127649328868
2,2,0,11.954370032636856,0.0,2,0,52.50728400332782
15,4,1,9.38099449426194,24.56480251773565,0,0,58.00242350348359
9,1,0,12.534790219336028,0.0,1,1,52.722909408021316
18,6,1,15.339779526474572,42.74400735697966,1,1,47.13305957943071
1,6,1,10.2769014697121,52.65165072981489,0,0,81.42659245539815
21,2,0,16.509906475879575,0.0,0,1,35.05724401308573
16,5,0,5.644266128217206,0.0,2,1,60.5401866042389
10,5,1,17.85651816058207,38.4601234864645,1,1,58.58903710856698
4,4,1,11.955238301138897,104.27000002069849,0,0,84.04490789752441
23,1,1,11.759938241241358,96.62709114105195,0,1,89.13332816766652
7,0,0,8.534928377675737,0.0,1,0,56.14471350734203
11,2,0,5.860749347432932,0.0,1,1,51.17045787486781
9,0,1,3.6666403209230456,59.1541474582853,1,1,69.39785026280427
5,2,1,8.18611665525107,33.28586425673733,0,1,61.0853908310364
9,4,1,14.938366103011763,98.81109540135121,0,1,76.81073735512477
3,4,0,7.1936078884766905,0.0,0,0,52.0770434646166
0,1,0,4.257759071378454,0.0,0,0,59.758509335760714
6,0,1,7.454673445811068,12.983858237085254,1,0,57.32915954451804
2,1,1,10.075833412478424,116.40924920741347,1,0,89.16152815549789
9,3,1,10.272493886688236,92.05216104929353,0,0,73.76852595569659
20,5,0,11.355535458786179,0.0,1,1,48.51282547568644
3,2,1,17.16303173025939,112.82593934780344,2,0,67.19118900263561
0,2,1,18.246272190457447,56.43632882702083,0,0,53.775637608931625
2,3,1,22.02731252694661,17.86666968742216,1,0,48.48142295661514
12,0,1,3.8754634165071575,59.628089500929136,0,0,79.85095774868782
6,1,1,7.720580398318327,97.82686072926707,1,1,82.89762960670437
11,0,0,15.49242578529877,0.0,1,1,44.21398345961233
0,3,1,9.729843922374874,58.62548467533994,0,0,70.69713372246142
7,3,1,16.30393234924616,87.87626642091524,2,1,78.1650350379295
9,4,1,13.035567150574135,29.634324028702537,0,1,53.33228651716142
10,4,1,19.896021050183997,27.665645029185235,2,0,40.90247512862073
13,2,0,17.21358056966343,0.0,1,0,44.32653046955247
18,6,1,17.305083132794906,50.61014025091196,2,1,74.53592442567175
11,6,1,9.940641956531522,19.326289130651663,2,1,46.432064878955245
20,0,1,11.512695770158642,91.3634991394055,1,0,76.75176153533866
12,6,1,10.473732712163219,63.85769372711544,2,0,65.88123513016511
6,1,1,4.470539281750465,62.44707688998694,1,1,92.58563251702358
5,1,0,19.358846277477664,0.0,1,0,31.827119513077864
7,3,0,15.726936544216061,0.0,0,0,41.134786892868576
14,0,1,10.27486437959531,83.12494612592002,1,0,72.95635002380264
5,2,1,18.522962537299865,102.22836990016182,0,0,65.92678601997446
21,1,0,8.848161766264223,0.0,1,1,37.45219851566031
11,3,1,2.809327657723621,97.48148654330181,0,0,91.4181253824545
20,5,0,17.036848764468072,0.0,1,1,47.03974423527654
16,6,0,5.607198834420013,0.0,2,1,46.038239787839416
8,1,1,11.021122671880082,69.80925766701972,1,1,81.88831326608063
5,3,0,13.030615203918801,0.0,1,0,26.56900290101104
17,3,0,13.92732672369381,0.0,2,1,33.79036043420487
7,2,0,16.24200528101898,0.0,0,1,35.40863085802011
5,4,0,14.90425713133756,0.0,2,1,43.00496808887969
22,6,0,14.749462632810134,0.0,1,1,39.593173043973124
11,2,0,8.046241089717544,0.0,1,1,46.95463026626016
1,0,0,13.471217786338286,0.0,0,0,48.10347205927803
11,6,0,4.4722501497494695,0.0,1,0,63.078755571021176
11,6,0,19.81068849226415,0.0,1,0,45.57089477652397
20,2,1,4.987175880908881,34.17729804492235,1,0,63.421540964048795
17,3,1,10.267800806218277,115.48175492295614,2,1,86.56324111644966
4,6,0,5.405628804866082,0.0,1,0,59.486789440512695
3,3,0,8.34916857067174,0.0,2,0,63.39454373353421
14,3,1,12.067142077160256,101.97852217454704,0,1,86.14511264372702
1,6,0,9.35620950741999,0.0,2,0,43.594195792811625
7,5,0,17.721231290728106,0.0,1,1,42.896840059073746
3,3,1,13.134505079813982,48.9179585030545,2,1,66.2561791049488
0,1,1,9.685451353857035,65.25056222331642,1,0,65.64816925943109
22,3,0,11.332090350129768,0.0,0,1,52.86036376542705
2,4,1,18.09850228527968,106.24083959359143,1,0,79.81782454974567
0,1,0,16.54435441642233,0.0,1,0,51.08178121731146
22,3,0,6.3061455299229445,0.0,1,0,42.141148956244926
4,4,1,8.596741429301975,74.08197794595797,2,0,60.11947819451329
19,0,1,14.373949093421857,3.8734262563196076,0,1,41.71450903004627
0,3,1,13.766832930135198,13.01828430844763,0,0,48.73282828212946
3,5,0,6.748092293006186,0.0,2,0,35.194303808856354
2,1,1,15.745632946533117,113.82702871025303,2,0,77.37528722058464
16,3,1,7.54562929906802,51.18214832000214,0,0,77.14569247431618
14,4,0,18.51913386928171,0.0,2,0,44.4509612530024
11,0,1,14.647245781248106,0.20608096174933532,1,0,44.46015288625526
5,4,0,6.340377746771393,0.0,1,1,41.48142230964889
2,1,0,9.354616492682942,0.0,0,0,57.518562529264784
13,2,1,9.26769692735688,110.83232037152143,0,0,83.03838859271205
5,4,1,12.799383606511654,62.507698950622846,2,1,67.39814236368488
14,0,1,10.980115509937548,94.65601790688595,0,0,82.6047290393839
16,0,0,6.2725554330910835,0.0,0,0,51.351965598010054
20,3,1,5.02870426888712,62.464616716754136,2,0,84.77387759361507
11,6,0,14.745116671989306,0.0,0,1,47.80481724284971
0,0,1,13.431184322820815,59.47190665504496,2,0,67.77695844939137
6,5,0,12.527687786025158,0.0,0,1,44.28641316889021
20,0,0,13.353659294802304,0.0,0,0,47.77232106958115
12,3,1,8.905404262374825,78.89026142989418,1,1,73.80729805019071
14,3,0,12.91996178887572,0.0,0,0,46.1790628868154
10,3,0,24.69252782492134,0.0,1,0,32.51226274591676
3,0,1,17.872835603735716,58.20643566064205,0,0,57.0785169527942
21,5,0,10.557957745200813,0.0,2,1,39.22516034823847
18,1,1,9.3831412644938,97.26161215478875,1,0,79.36551968051587
23,5,0,0.0,0.0,2,0,52.30564249644226
20,4,0,17.343470764923488,0.0,2,0,55.76023213919055
6,3,0,15.933026768874065,0.0,2,0,50.190422256668015
6,2,1,9.280860153617539,8.927739277574368,1,0,49.62781422418068
5,4,0,4.841461585614362,0.0,0,0,47.74033851096587
22,6,0,6.2236627840513705,0.0,1,1,54.941510895531266
13,6,1,14.221989312397113,42.69328422760081,1,0,74.10329303620927
10,6,1,11.553296331687429,38.50919457355032,1,1,65.60806282405066
23,1,0,15.457960088036407,0.0,0,0,28.873202353728892
14,4,0,12.432215691840916,0.0,1,0,51.959543702826856
21,2,0,16.83379416058242,0.0,2,1,49.85552288613983
23,6,1,13.847875701961234,41.22971860121634,2,1,75.94601260624057
1,6,0,16.143976900803406,0.0,2,1,40.09804725698865
8,6,0,1.5515829453903134,0.0,0,1,54.867283672721385
17,1,0,5.8282721475127,0.0,1,0,53.93930388349951
19,2,1,10.178241650561864,7.4406411484338575,0,1,43.34980944146437
3,4,0,17.39784392450121,0.0,0,0,34.24512500305177
7,5,1,21.4026486303387,54.36881713264243,2,0,60.101828539489205
13,2,0,11.178821088065611,0.0,0,0,33.712711456302955
19,0,0,8.9420996805591,0.0,1,1,37.31013273195228
2,0,1,2.2251572787109843,62.1606478996104,0,0,81.50151850877151
14,4,1,16.31781882036582,53.47390746786261,0,0,64.64432605747595
7,3,1,9.249047124027616,63.21651359055501,0,0,79.72447370102151
5,3,1,26.791673346790773,93.07248572996126,1,0,69.84789662064671
12,5,0,8.302980399827433,0.0,1,0,48.440996034863765
9,0,1,22.526375484303323,100.56696524549648,1,1,82.48989120444712
15,5,0,15.741836917937334,0.0,2,0,39.02356660285989
7,1,0,6.858678003393166,0.0,0,0,46.84635230730208
19,6,1,13.160718943217933,99.72068354442857,1,1,78.85751835041327
1,6,1,15.85690263275233,113.02548238527542,1,0,85.47712025077936
20,3,1,10.873739037417085,65.1580058884937,0,1,68.57333208458596
0,2,1,16.189913552761492,59.159997360205004,0,0,50.87368664681294
17,1,0,16.0797857967433,0.0,0,0,40.00343510466406
8,1,1,14.981692502970656,119.0033176323049,2,1,84.4133507275313
9,6,0,11.917633159762472,0.0,1,1,46.38445668817779
0,1,0,6.125299553469367,0.0,1,0,46.50455696178093
16,3,1,11.616073122623833,100.11681613043345,1,1,84.79295519999431
3,3,1,12.880323318579215,85.25102501759761,2,1,61.64939393685731
15,4,0,2.6197456448108767,0.0,1,0,56.230279934201924
17,5,0,12.846176579956719,0.0,2,0,59.0659374290189
20,3,0,11.515993675949284,0.0,0,1,40.93274079938651
16,5,0,5.516869646075228,0.0,2,0,51.047387331385536
7,3,0,10.334968046541215,0.0,0,0,44.755823555833665
17,3,0,10.440768265828506,0.0,1,1,44.80602250454755
19,1,1,21.650472667467092,26.010080468057538,0,1,38.555399522928
7,1,0,13.100591730886835,0.0,0,0,60.451995125074404
2,3,1,17.180226256572993,13.933484732890285,1,0,49.21882076588241
21,0,0,11.410923477546756,0.0,2,1,40.504888560948245
3,2,1,2.6304174158245814,65.51905852700041,0,0,69.55016460475822
14,3,0,15.361709244108116,0.0,2,0,43.20264234268766
5,3,0,8.709066352062294,0.0,2,0,30.691361959724777
3,5,1,10.321999350060446,6.649897289494846,2,0,57.49244071700974
18,6,0,6.735143754422647,0.0,0,0,45.50108024421073
3,5,1,12.3638393196068,77.52392979779863,2,0,75.35265207296676
16,0,1,17.32589180811226,60.86610908080776,1,1,65.9272067037217
16,2,0,16.663690542373132,0.0,1,1,49.391441166448125
1,5,0,19.93094753892582,0.0,0,1,42.99624633842042
4,4,1,20.639797289770556,96.09288421492188,1,0,78.06607237936154
19,3,0,1.7706288487088813,0.0,1,1,61.73602078034645
12,3,1,6.0318971953543405,118.8535316667601,2,1,89.13124642828953
2,2,1,2.9590421083672354,3.9317723867772836,1,0,71.21998486171627
23,4,1,15.159652051947951,66.38367110136608,0,1,68.92955413775051
6,1,1,8.534591081004237,20.162017706557105,1,1,55.00517424127601
0,3,1,9.554098340780351,48.957007976804604,2,0,57.76283850688808
22,1,0,10.917012840362723,0.0,0,0,44.60999832654044
0,4,1,13.912853440453757,23.259054214864815,2,0,55.22523463407993
13,6,0,4.5733947599677185,0.0,2,0,52.10350022851702
23,3,1,5.705682686829564,0.9604254328621131,1,0,65.39118497930622
13,2,0,12.006481032655534,0.0,2,0,42.27493403784104
14,6,1,17.993729680772336,54.41526392954047,1,0,65.08483582381851
9,4,1,11.873012983744577,5.47106222137467,0,0,38.41207489448761
3,2,1,8.041701468089839,112.67637826606459,1,0,105.46903722719905
13,0,0,1.2589565983118192,0.0,1,0,44.443736266791866
21,0,0,16.763377925301395,0.0,2,1,58.1835731048089
2,1,1,8.3203417530476,52.643417654411834,0,0,65.68220794871506
21,1,1,6.262815421241394,58.71200194867596,0,1,52.66253334519644
9,5,1,3.423373867706095,68.3913377725037,2,1,87.01457133418866
12,3,1,4.8044959442901725,102.89403332034746,0,0,87.82791364415434
3,6,0,7.1939288977307365,0.0,0,0,45.61733099997383
14,3,1,10.805756319029244,117.44713788538358,2,0,92.5953460768958
4,6,1,5.956291476196715,87.21709071560711,0,1,86.07621420661184
6,3,1,12.928540187738186,118.62206379249709,2,0,89.49155733292784
17,2,0,10.76776130040949,0.0,0,1,55.4660996466515
1,5,0,23.109961445922636,0.0,1,0,38.532426084530435
10,3,0,3.4777844180366912,0.0,1,1,57.41556668013337
14,1,0,12.80739715156191,0.0,1,0,40.57996738663884
3,3,1,12.870024945204785,2.9315554003549105,0,0,51.85453613936667
7,4,1,6.847212980384256,15.296918488218957,0,1,50.73693549235002
8,2,1,12.476261987237303,27.32668632349072,1,1,45.587002912797296
15,4,1,15.84797183203358,32.57933890517017,1,0,52.07429294866775
23,6,1,12.482457412789163,108.64418271543872,2,1,80.83325366571258
20,2,1,18.922314424099188,86.71238681669226,2,1,77.63348737138736
4,2,1,1.1115619095233065,17.19379326412426,0,0,48.50297258479182
0,2,1,7.788832935986397,51.16260396972959,1,0,75.42491130525129
1,5,0,19.375280236154723,0.0,1,0,34.51597858937563
14,1,1,16.56013166631925,99.58363758849717,1,0,56.887006409974646
3,6,1,14.70255855633144,110.13563832234668,2,0,72.12631181799787
5,2,1,18.166077032597297,19.7148164176307,1,0,44.90704304000886
20,5,1,2.4172106064911496,49.98849383730126,0,1,74.11601148982191
20,5,0,15.978053313614105,0.0,1,1,41.151161409144386
20,5,1,17.32185081209711,78.85073312299069,2,1,59.0639669175532
6,6,1,8.706499169121319,104.17162420115208,1,0,78.26659194917394
14,1,0,25.14618558945613,0.0,0,0,25.340171101990343
14,4,0,12.981744820310288,0.0,2,1,46.68465435685106
4,0,1,1.0361547874572956,82.95644747748409,0,0,82.48108485387131
13,2,1,13.90635998966877,16.491160185296284,1,0,54.55699365680172
12,0,1,8.400699850053005,100.78822760715123,0,0,69.39373374573137
9,4,0,17.82497636964759,0.0,1,1,36.468154160226064
18,4,1,14.73972016695649,36.588796203216404,2,1,72.24468706137219
16,5,1,9.010389638619046,59.84538236627618,1,0,73.86584695802853
12,1,1,19.51225959131448,95.90326795432499,2,0,70.58747785539568
17,2,0,16.697256529896553,0.0,2,1,33.74336198003405
18,4,0,7.860400061589493,0.0,2,1,57.57366079284908
13,5,0,11.239774597195762,0.0,0,0,58.26954931318176
6,6,1,14.5845839538204,23.336049731314002,0,0,42.3106083697967
18,0,1,10.17868368613689,108.42481670238769,0,0,76.37318871158362
17,2,0,10.328002980763724,0.0,1,1,48.968005041042886
23,0,1,12.183625141322421,18.32871840841779,1,0,54.64641939912477
3,5,1,6.671007079813053,88.7794705931917,0,0,84.59823690381317
10,0,0,0.8361733071151605,0.0,2,1,69.07802010488717
22,5,1,13.195674311660188,89.07569483005061,2,0,67.84805069402702
12,1,1,2.0555002535240714,41.385290090961696,2,1,68.1593179841383
22,0,0,7.034806484276396,0.0,1,0,55.141706556554894
0,6,0,3.1420882052571386,0.0,1,0,58.16968534788017
0,3,0,3.757777761193484,0.0,2,0,46.81125857730654
19,2,0,14.131775870596458,0.0,1,0,38.827985860833834
8,4,0,10.888459174699634,0.0,0,0,42.61545570189222
12,1,0,10.707997722659382,0.0,0,0,60.061259797549226
10,4,1,5.420491081879953,55.246460285393965,0,0,62.17209902906096
9,3,1,8.720754555807193,105.56926871279843,2,1,82.3781631354184
22,1,0,13.882275796050937,0.0,1,0,50.09779528762871
2,2,1,11.739563673467497,97.27015270331702,1,0,70.94240318985513
18,0,0,16.113370305209926,0.0,0,0,44.173448972635974
21,2,1,16.825460060629574,5.102911382163762,2,0,28.129399312602715
15,4,1,10.738900708708945,116.71352228142455,1,0,88.79942285709987
9,0,1,2.738753570397538,93.36800912986108,2,1,85.90679824041233
3,0,0,8.216775504668918,0.0,0,0,49.73545660939352
16,4,1,11.511553595636542,110.84346960015199,1,1,77.6345117787836
11,2,1,8.117564739979429,112.24146703869363,1,0,89.61225632631576
3,0,1,6.726878943331235,96.05587201158218,0,1,82.92566523480005
8,5,0,12.34876142111743,0.0,0,1,55.51395454724425
23,5,1,24.151515513666403,22.36575998800475,0,0,48.609532948317224
6,0,0,9.559059689818124,0.0,2,0,35.760892867479704
4,1,0,11.985970737541125,0.0,0,0,38.750542692139184
16,2,0,5.4398206138450576,0.0,2,0,45.71728630473932
4,5,0,18.21700527520757,0.0,2,0,41.86948193042332
22,0,0,16.373715216757116,0.0,2,1,40.548089790596094
20,5,0,16.028670697329588,0.0,2,1,40.791020773305554
23,2,1,18.798979056523727,77.10349560416691,0,0,89.48890506212415
21,0,1,9.863293226525965,2.226586609123191,1,0,43.78549837328424
5,6,0,10.48791090077189,0.0,0,0,57.73659905914631
5,0,1,20.54939265943325,76.76999132228808,2,0,64.25109380185529
8,0,1,15.163640514722793,54.60101842387635,2,1,44.551250073435455
11,6,0,0.9038908932791934,0.0,0,1,55.807490722093924
21,3,0,14.274104878185048,0.0,2,1,52.53456251758184
17,3,1,9.091509696152016,6.157419654446801,0,0,54.94946596487332
15,4,0,16.490859123283286,0.0,2,0,43.85651580020769
21,4,1,14.040952347100868,63.96414240985315,0,0,66.34449515108325
15,4,1,3.2972861798860045,32.00270234924221,2,1,59.60584881133298
9,0,0,13.344150852477387,0.0,2,1,51.49456351275944
9,3,0,13.053138636258037,0.0,2,1,41.083862235365594
12,1,0,13.817312432323932,0.0,0,1,38.823451147798565
2,5,1,14.877644259566544,97.3183745785448,0,0,80.44437187158582
17,3,0,19.479829799108657,0.0,0,0,37.01554079719286
15,0,1,14.069444948071492,64.33676952058315,2,0,76.50923021323156
17,6,0,12.114492302372323,0.0,0,1,49.04664843705098
12,1,1,17.739837770941122,42.65218590670324,1,0,49.51263637597165
18,1,1,23.213703617948838,26.872779433899087,1,1,36.6766919941976
22,6,0,16.575353770840444,0.0,1,0,37.15098201548144
13,5,1,13.031030634040452,81.90861471225357,1,0,91.94684280285767
10,6,0,14.162652748844593,0.0,1,0,41.76929600710706
2,4,0,13.28021879699129,0.0,0,0,50.442051715129814
18,6,1,12.092592076366637,91.18323772946778,1,1,66.79488603457717
21,0,0,22.8258541575319,0.0,2,1,28.074666329384666
16,4,0,8.254733128417838,0.0,0,0,46.888760137678254
20,2,0,17.7745291412135,0.0,2,1,54.38916180035987
20,2,1,11.37071528649713,4.4428348609002155,1,1,37.13254416959154
19,1,0,4.59790414930638,0.0,0,1,46.28380049844464
12,1,0,11.058411282067468,0.0,1,0,53.36682445101579
2,3,0,9.266120831230428,0.0,2,1,60.32781230009901
0,6,0,14.887886592088297,0.0,2,0,46.58891713197526
4,4,1,12.456501113292854,63.723683324340456,2,0,72.74503567230397
10,2,1,6.889865681760156,49.71228351723362,0,0,59.712029310549774
17,3,1,19.35503956744858,63.48349481021569,2,1,51.151827480044204
10,3,0,17.450670022378624,0.0,2,1,31.872874043493443
0,1,1,19.930277660482005,99.14912698033883,0,1,66.77110514977248
5,3,0,13.184823320340582,0.0,1,0,46.25696005492599
23,4,0,11.821334658596548,0.0,2,0,35.78582654589232
23,1,0,15.517802413093104,0.0,1,0,44.58896821580409
9,4,1,9.11262489539549,95.01392598710055,1,0,78.44328134612002
19,4,0,12.650297773599181,0.0,1,1,40.379617837099524
17,3,0,11.121610503393175,0.0,0,1,53.1830132099964
22,2,1,4.694828414050397,112.79767001223915,2,1,83.05107775055289
21,3,0,12.637277524195362,0.0,2,0,56.37581352512893
15,5,1,9.79516554128349,13.453869340389865,0,0,58.5194664904229
9,1,1,10.78723917990848,65.56244347734281,0,0,61.39625034574578
15,4,0,13.818924728249772,0.0,1,0,53.562749981448256
7,4,1,18.36266566993313,71.65801248131041,2,0,56.524273874896004
8,2,1,7.756149547260108,19.73738748490956,0,1,66.04780423198677
14,2,0,10.317208924353215,0.0,1,0,49.409703177554384
13,6,0,8.174586518200947,0.0,2,0,35.82734727399945
13,2,0,7.849097061005043,0.0,1,0,38.357695716558865
9,4,0,9.027155281751138,0.0,0,1,44.53847859982752
9,1,1,11.017748585924027,2.0773774921100285,0,0,53.85524808172173
0,6,0,14.929358284387522,0.0,0,0,41.69099506824033
14,4,1,13.60222882392419,24.341744772805445,2,1,51.072862896111225
13,5,1,6.715715004583752,75.42885904168955,1,0,76.34888377026735
22,4,1,18.470801619585764,27.50560326851373,0,0,33.889647649422166
12,2,0,16.72206153238519,0.0,2,0,48.216153044251286
11,2,0,7.494071746951482,0.0,2,0,59.722008211481906
1,4,0,18.120554459597802,0.0,0,0,46.81844643068431
4,6,0,13.634692062981381,0.0,2,0,40.70435596404717
8,0,1,11.217723485373767,40.55676692710136,0,1,53.140358071059744
9,5,0,13.790400222396562,0.0,0,1,35.312183699547596
8,5,1,11.87114602187239,97.932224733973,0,0,70.71423470131353
9,0,0,14.725393272407032,0.0,1,0,61.3361883478657
18,0,0,12.936577615655835,0.0,2,1,44.020154255250745
3,4,1,10.312869738638986,9.948546303321324,2,0,57.46918321823581
7,5,1,1.8708662041930832,3.0893527215634897,2,0,61.38168423731546
3,2,1,14.635912703159631,27.200615536132894,2,0,53.95236888397076
7,4,1,10.13172360806633,57.62128391960535,0,0,59.608829718571954
16,6,0,15.889733048226232,0.0,0,0,46.43776265854791
1,2,0,14.408375311378602,0.0,0,0,34.81310989945115
8,1,1,10.261678944219954,95.06947742303429,0,0,84.88341380411212
0,6,0,17.114940955386675,0.0,2,0,33.01303798083641
22,1,1,13.024208309182855,19.07188590399576,0,0,47.766512783630446
17,3,1,12.818214236890435,3.191886224982774,1,0,42.35991628986965
5,3,1,11.309446566184288,16.58716337259078,2,0,62.94956330450176
4,3,0,20.417778561198986,0.0,2,0,19.193013009463048
2,1,0,8.433666354521709,0.0,0,0,66.899354203621
11,4,0,10.386627312704725,0.0,0,1,40.2434566115373
18,4,0,5.813324274600017,0.0,0,1,49.36244598144356
14,1,1,15.633655386622529,80.32963740878562,0,0,73.91490432675373
21,3,0,9.089254968211632,0.0,1,0,50.34951993680764
8,0,1,9.649822091368392,116.3551320232875,0,1,94.75347805763386
6,1,0,9.415316839214096,0.0,2,0,52.350729070314024
11,6,1,12.31360958031194,40.39048332284645,1,1,75.58174214052119
4,3,0,5.74620207670427,0.0,0,1,56.25580377805018
23,4,1,0.7837736694886956,62.14341535399568,1,1,75.18428278857687
4,6,0,14.28852018696386,0.0,2,0,39.145077169958135
11,4,1,1.432211468981448,58.35910569771728,1,1,69.64908898199361
12,5,0,16.270688919886894,0.0,0,1,52.32939901033711
1,4,0,19.79263874767574,0.0,1,0,53.20750504240701
11,3,0,11.178880980324834,0.0,1,1,54.08970345816678
10,4,0,18.49746473360245,0.0,0,1,14.886660089421333
6,2,1,11.878717902283904,74.07263754782853,1,0,53.44524776376396
3,6,0,19.99620579538935,0.0,0,0,38.94253880684547
1,1,1,9.718910739433946,112.92660648779666,2,0,85.41564542572313
0,6,1,0.17559095284439152,56.77016876025617,2,0,74.88835542189945
11,6,0,11.60044127946749,0.0,2,0,55.73358695353316
2,0,0,20.53981596705369,0.0,2,0,48.18326704439263
23,4,1,14.674841529702089,57.3136832953874,0,0,64.71922269131485
5,6,1,9.42338385731078,75.95430212578675,1,0,61.85425344449049
15,4,0,13.644505846423659,0.0,1,0,34.25076130828987
16,2,1,16.855624192262763,26.082734706852403,2,0,51.18388938178616
11,6,0,11.571917805427645,0.0,0,0,49.07704608392993
21,3,0,25.131950426711896,0.0,0,0,25.155970437819185
2,0,1,9.412910217402564,28.39896593087927,0,0,62.693483634908404
5,1,1,17.01255361022374,95.20945842971298,1,0,60.69425640099409
6,4,0,15.809686182408997,0.0,2,0,21.046969253599688
3,3,1,8.500862876509713,3.194632025893962,2,0,42.31641179083928
7,1,0,9.877798663261636,0.0,1,1,58.08226843423915
7,5,1,17.090493237396824,110.34184542871584,0,1,92.12553246906873
18,0,0,12.723939438021207,0.0,2,1,32.06133346563955
7,1,0,13.690358633636365,0.0,1,0,31.89981373746265
21,3,1,3.8201632314782135,22.193413025009594,0,1,65.79904446968287
18,0,0,15.279993275810508,0.0,1,1,39.25048591479753
21,2,1,13.43648422041284,36.65604678255652,2,1,68.0114231082984
2,6,1,11.680449886794232,94.21875849857251,2,1,84.58949545767261
23,6,0,13.80445931529538,0.0,2,0,51.287580524507284
14,6,1,9.953911464378752,93.55878583376364,2,0,73.20740391102723
23,2,0,9.04048748058263,0.0,1,0,51.31810179738653
8,0,1,10.79057234180445,104.34137561720478,1,1,99.01809286778843
22,5,0,9.678984108408512,0.0,0,0,48.394799582182124
14,2,1,22.902647805216002,50.084888205749266,1,0,53.847577528191934
1,5,1,16.55935364421795,58.69181256269849,2,1,58.80910637139356
9,0,1,7.157655380141495,71.0166904445296,2,1,61.314228524643895
3,4,0,22.18148001130421,0.0,2,0,28.463249595349467
22,4,0,9.835716942818436,0.0,0,0,39.99684475786474
7,6,1,12.147276837321423,111.61634846567782,0,0,71.19349621268896
5,0,1,16.4870859746566,47.24020024402562,2,0,45.9965435441717
13,2,1,2.1500572805119234,38.948723345005895,2,1,47.326530365705594
10,6,0,10.814870765295154,0.0,1,1,40.08801660971634
2,2,0,9.133330745164162,0.0,2,0,53.0953185464831
19,4,1,13.025400397720674,101.89727287366276,2,1,77.7115740136016
20,1,1,13.850248416327213,9.508048531516117,0,1,44.75173096493908
17,5,0,11.613703173338243,0.0,1,1,51.84326307697059
14,1,0,11.38176350910506,0.0,1,0,59.406310512614255
9,4,0,17.325656863177226,0.0,2,1,59.32611647868135
13,6,0,13.50742965167019,0.0,1,0,45.3501426896835
12,4,1,12.207125050259714,98.00517407146125,0,1,77.2817010916544
3,3,0,12.739352957300696,0.0,1,0,41.503885549410256
1,1,1,21.17944498765109,54.69088122371149,1,0,61.927863959697504
6,2,0,12.86336988492053,0.0,2,1,43.458856599187186
10,5,0,9.427757475171473,0.0,0,1,46.23595976713648
3,1,1,2.4550045569447043,14.24934895078557,2,0,57.33151264542358
2,4,1,4.830313129825232,114.23453467736478,0,0,83.580744267019
20,3,1,9.664870524601195,97.63881928992056,0,1,62.78411920332553
8,2,1,11.458115780229262,85.38932550315724,1,1,70.36587892393331
14,5,0,9.221892701948807,0.0,1,0,59.28232032839779
12,2,1,13.755719885229047,40.721616828245665,2,1,69.53179882059143
17,2,0,9.157459777458458,0.0,1,1,55.19229269306534
17,3,1,7.427553649322849,45.77050386811826,0,0,61.12780480596813
7,5,1,15.063219176787065,21.79358981049056,1,0,44.253072297237836
20,6,1,18.846972484390065,89.56321022353245,2,1,84.26631722868319
8,4,0,6.464162011267261,0.0,2,1,41.16363143191012
20,4,0,13.218579318539058,0.0,0,1,44.74031993298438
9,5,0,2.4749767092309103,0.0,1,1,66.53596720035777
2,1,1,4.6273093463642025,18.70246542990538,2,0,58.83558670808661
18,1,1,9.056170860114136,26.258192240854356,0,0,54.59760628747421
0,3,1,17.674552161885966,49.27682707933519,1,0,67.38595827806962
18,4,1,8.106469851472626,14.257735154116045,1,1,54.08112772216882
1,4,0,7.919497626172253,0.0,0,0,50.23377009210679
4,1,1,12.180436409472248,88.51147864038063,2,0,88.3523711179241
14,5,1,12.185418055749253,86.56204305551181,0,1,55.188978997822446
22,2,0,8.074342636226651,0.0,0,0,51.41124610771219
9,6,1,21.931107836316194,101.18594662408023,0,1,66.73963381981261
2,5,0,10.673183134423134,0.0,1,0,44.80366696442654
5,6,1,12.5679249120904,119.23341314239313,1,0,87.5810059135275
21,4,0,9.99110231144779,0.0,2,1,41.603353232563514
17,3,0,14.199857810755898,0.0,2,1,45.46829115833895
2,1,1,18.174787798520583,14.796336302098926,2,0,48.72180510195868
9,2,1,20.318318484772863,99.91200451580173,2,1,75.34219156788885
6,6,0,8.188671623680598,0.0,2,0,49.34037793730928
4,2,0,17.50397588150606,0.0,2,0,40.05601379819043
20,0,0,14.74840409775509,0.0,0,1,42.41781345059252
14,1,0,16.872683047300388,0.0,2,0,42.13699482724047
4,4,0,11.540603636536012,0.0,1,1,38.228191085542676
15,4,0,11.064796133589098,0.0,1,0,56.30909648276919
9,6,1,16.678573228569967,96.41597453187151,1,1,74.67382758866802
1,6,1,16.773462530281435,78.27241586780576,2,0,65.74956608637659
10,3,1,19.82860281930943,113.14097891593191,1,0,81.90321158680271
4,3,0,12.992737777252447,0.0,2,0,43.68829137742435
5,5,1,11.465426861826215,48.26642712577383,0,0,72.66190143805468
21,0,1,0.0,94.34473805116461,0,0,95.17812366151291
17,4,0,3.943697310023328,0.0,1,1,52.5885628994128
3,3,1,10.028741974083035,34.35612993899676,2,0,66.51297231582993
20,5,1,6.494705343768923,117.0107176002887,1,0,92.64013396199127
13,5,0,16.07065282716623,0.0,2,0,32.910581817031655
20,4,0,5.449895192105231,0.0,2,1,57.75902490748442
17,4,0,9.49347835824856,0.0,1,1,32.20165040893325
8,4,0,9.689867534307556,0.0,2,1,19.113261635196334
12,4,0,18.02371541699723,0.0,0,1,46.16499589935782
12,1,0,8.958806254901779,0.0,0,0,51.38145389475362
17,1,0,14.26206059023994,0.0,1,1,46.604371433962754
5,5,1,12.978530637613584,98.07149229695253,0,1,90.0586517992372
7,4,0,16.5164424272364,0.0,2,1,41.589117473645
5,1,0,16.2510752605824,0.0,1,0,38.97313773490863
7,6,0,11.832799435652278,0.0,0,0,51.90687910993568
3,6,1,3.5185274369640993,94.60058267870238,1,0,79.58503243781779
0,4,1,10.841295566771853,57.847193622017635,1,0,64.66860766824642
22,1,0,11.900221777339237,0.0,0,0,47.500406277659906
1,6,1,13.43004616576389,4.81779948156813,1,0,48.60252551476441
21,1,0,8.31222427389595,0.0,2,1,45.686021994915734
0,3,0,17.704505592043066,0.0,2,1,36.91256109063211
18,6,1,12.068097091574963,27.67268706296438,2,1,46.07161188772217
7,3,1,7.3975132609393714,54.049365560558115,2,1,61.70186798459296
12,1,1,9.708860806291598,111.83361105468121,2,0,100.92738309143895
6,0,1,21.64271326983415,99.21021342876476,0,0,70.28478984127464
11,2,0,15.321889464732491,0.0,1,0,44.25650028710272
10,4,1,17.24228277782202,69.20595970374073,1,1,53.49803565013776
12,5,1,6.792065151432929,106.44072207635438,2,0,107.3262880710291
9,1,0,8.555851539080995,0.0,1,1,41.26359885604461
12,1,0,8.592888470593776,0.0,2,0,38.72509471259117
19,4,1,12.92196868794311,55.86928565974216,2,1,63.727214433836274
10,1,0,11.129990844572204,0.0,1,1,38.956173568945744
8,0,0,9.552527943714896,0.0,0,0,50.27782804564815
3,3,1,10.179652037482729,35.08746104129952,0,0,47.043741498754535
8,3,0,8.029824066624652,0.0,1,1,57.67253380175351
3,1,1,11.10080356549295,95.32443850278364,0,0,87.00178437827934
4,1,1,17.566077919168738,109.4971643430886,1,0,78.32169981266557
22,1,0,4.4343032422512305,0.0,0,1,38.20839958776295
2,2,0,13.732397168176151,0.0,2,0,37.51605615224144
11,0,0,18.900463474398116,0.0,2,0,40.37983406919542
20,0,1,11.084064507172165,23.380954059166292,2,1,44.63199369251372
22,2,1,9.35561985427052,12.29938688409769,1,0,43.43770456895537
3,0,0,16.621157429752945,0.0,0,0,50.09746682863266
3,2,0,7.078890615655782,0.0,2,0,50.5762237776771
8,4,1,11.886542350306346,90.79709407006055,0,1,78.25639493604251
13,0,1,6.800779498071365,38.131714820013876,1,0,67.12515199589016
23,4,1,2.6494951498786,64.45773593643743,2,0,74.13002862789635
4,4,1,11.240078676026023,104.72522545251162,0,0,82.18571952808605
3,4,0,5.683024683665082,0.0,1,0,54.1014650090293
6,4,1,11.941647433354158,28.827638263901015,1,0,62.00822010834462
20,5,1,17.57514812190353,109.35232840321005,0,0,83.19802068351743
0,0,0,21.271277033398114,0.0,0,0,49.666083313601696
9,1,1,12.467646419716042,96.57566431561284,2,1,79.02440830747855
2,2,1,17.096079159877995,1.8300452230185549,2,1,31.18627975723385
3,4,1,13.994813250533166,64.22777715228533,0,0,74.99003589848695
22,6,0,10.084431930624707,0.0,0,1,44.97176492396793
0,6,0,2.3761182303455275,0.0,1,0,46.94958520991745
7,4,0,20.132461635410593,0.0,0,0,44.592826078905716
21,2,1,6.754489053594386,35.86414001041163,0,0,65.11503133512029
14,2,0,18.913854557088847,0.0,1,0,29.63893391176727
1,0,0,14.684038146311256,0.0,1,1,48.61781175507736
11,3,0,7.1199360737632045,0.0,2,0,64.29858612762871
23,3,0,13.559991809094765,0.0,0,1,46.74095034488845
9,1,1,22.66455530642665,28.285830616008568,1,1,44.718926565898585
12,5,1,19.678262904318856,14.212658854727822,0,0,30.877776145942534
12,5,1,9.436434719327757,80.99239231187951,0,0,92.20793580628872
15,2,0,8.44009620907659,0.0,2,0,44.11224133400968
4,6,1,12.50104018658036,70.2460221293479,2,0,58.321367629420536
20,0,1,11.172431355150817,15.176131167026714,1,1,52.26046016286452
23,6,1,17.99868692821365,84.53022394342142,0,0,78.25262058382135
3,5,1,15.697945682109022,34.265460197744005,2,1,64.32187272048411
19,1,1,3.538791992357888,37.04356651360688,1,1,59.756457772531405
19,4,0,14.293376277119558,0.0,1,0,42.77709310399766
17,2,1,11.10454519566316,112.67343884521681,1,1,85.55536980880808
8,5,1,12.185540680140333,118.99212599483698,0,1,94.71127536215252
11,1,1,13.244715071303295,42.87163338798997,0,1,64.15197266739779
20,1,0,17.993645026383007,0.0,0,1,42.7700810796485
3,2,1,16.888964817730105,73.47857619625735,1,0,74.52494142781343
19,1,1,8.251286296563523,108.77622912769512,2,1,75.57410871403626
22,2,1,11.706940161551653,3.3422577793728525,0,0,50.17123461567221
16,4,1,9.75739303571394,3.9807422217511412,1,1,50.36011601280046
8,4,0,3.590770155467011,0.0,0,1,51.727330386927235
13,3,1,11.453147461994549,96.52716023205669,2,0,77.62459285573668
1,1,1,21.22377213779548,16.554777355745696,1,0,44.88835127527458
22,1,0,3.439783031251265,0.0,0,1,47.68666881806149
8,6,0,11.879691031699664,0.0,0,0,67.31458118892394
1,1,0,11.719309272951623,0.0,1,0,56.4963464224482
19,0,0,13.4386773588216,0.0,0,1,52.992337842916356
15,3,0,7.186375213030347,0.0,0,1,45.01348121820685
14,0,1,4.874447046000231,22.52811161882141,2,1,51.327739144181926
1,2,1,5.10701171602687,109.7008863778372,2,0,87.61408340577273
18,5,0,18.654668791657393,0.0,2,1,40.989542138841415
15,1,1,7.086570128190715,33.93828099731358,0,0,49.62202197307596
19,4,0,9.502189041734136,0.0,2,1,51.23806325814859
19,3,1,22.52316299306487,27.140658569534608,0,1,55.137896998037206
5,2,0,8.32872171611772,0.0,2,0,30.451603468520975
5,4,0,13.71199798975463,0.0,0,0,36.8274566723089
22,4,0,17.319058383127533,0.0,1,1,50.967425840312664
12,2,1,17.078600934896215,1.030952247824426,2,0,44.68967504311336
10,1,1,5.342118214781596,8.918069758878278,1,0,46.91704685164094
6,6,0,8.433237761492506,0.0,2,0,54.136304689475075
15,1,1,13.511819881259926,108.64724585968271,1,1,77.46336259078699
18,6,0,21.645087286916464,0.0,0,1,35.79495774805002
0,3,0,8.192446706794023,0.0,2,0,39.33502387577173
13,6,0,9.531935079444615,0.0,1,0,47.50976976982949
23,2,1,14.097872107005022,98.11138373742618,1,0,86.20620875270279
6,3,1,15.098291136741883,97.32475149315972,0,0,73.16499311745245
6,4,1,15.401270021513685,111.2855568257133,2,1,86.79258663991212
21,2,1,7.768220675825999,19.112817750536752,1,1,55.075630640070656
1,1,1,9.339759315327973,62.67297121914264,1,0,78.09578939787875
9,3,0,13.077505999009842,0.0,1,1,40.833695489699025
10,4,0,18.31155656314141,0.0,0,1,52.79091340889822
19,1,0,10.807579589407863,0.0,1,1,51.8066470297264
3,5,0,11.888490499580902,0.0,2,0,47.44131160799074
10,4,0,6.8703578143029524,0.0,0,1,51.74777289201489
3,1,0,21.316134159461214,0.0,0,0,34.22720105643806
18,6,1,12.771314735708549,27.53835417005662,0,1,50.186664260542926
15,0,0,17.388773897783707,0.0,2,0,43.18652018948364
11,4,1,12.149486040338003,22.303018070194423,1,1,43.49659997951734
9,3,1,12.42633532621706,94.81166851139825,1,1,73.42948052964917
3,4,1,4.498455545739696,16.092687801588855,0,0,49.53563498861398
22,5,0,1.246190651537166,0.0,2,0,58.577616676077
15,4,1,18.259526059179795,93.51104702513777,1,1,77.81746413555956
7,4,1,12.3902910713121,46.347942133460265,1,0,71.45212466333197
9,5,1,13.032140614933091,29.319913668553177,2,0,52.15903196677325
17,4,1,5.754731238997947,41.34331135721888,0,1,58.40422927709725
17,5,1,7.484679111031882,35.590999078194095,2,0,49.71473496876904
11,2,0,17.311510005674922,0.0,2,1,43.31839347547617
7,1,1,20.70071885420718,5.347409337606215,0,0,51.485372125867706
15,1,0,8.89362993113724,0.0,0,0,47.28819672810593
15,4,1,15.357416441815278,34.532709582508076,1,1,55.013564974520705
14,3,1,12.950124663408026,33.236803403259366,1,0,56.2230684824428
1,0,0,11.397355299611371,0.0,2,0,47.914198577852666
11,1,1,21.259795100891598,86.01779359064608,0,0,76.07478510661163
14,6,0,9.73399176988624,0.0,0,0,62.56631584439888
22,5,0,18.20356318508743,0.0,2,1,44.42359715164898
12,5,0,13.907116585210243,0.0,2,0,48.388473995019766
8,1,1,11.915553388175905,48.354924253612275,2,1,60.47766178723261
13,0,0,18.86008586516539,0.0,0,0,39.04943360985442
4,2,1,13.450672492115139,74.1784220872375,0,0,69.23144097478969
2,5,0,11.517862350438596,0.0,2,0,42.85653422972396
16,3,1,18.897210864910164,37.562143313528,2,0,54.04919022509045
23,5,0,18.246311268859458,0.0,2,1,45.401946697840785
20,3,0,18.00981660576938,0.0,2,1,41.10059973133224
14,3,1,0.0,62.987915325400714,0,0,74.80160882749784
0,4,1,14.200883128692054,13.933207288757057,0,0,49.52390590239279
23,6,1,13.06058596534985,53.41763295044648,0,1,55.56885139287223
10,3,1,11.825683729572571,73.9525451642614,2,1,77.8495660744594
6,4,1,15.048898169863392,18.660412504680664,1,0,46.18675313058793
21,6,0,13.30278436252264,0.0,0,0,35.11802246682211
17,2,0,15.389037086635907,0.0,2,0,46.382730200796225
17,5,1,10.660190961225036,30.685544068101343,2,1,61.30285011712814
6,3,1,19.490903150882463,11.466726968216733,0,0,36.541175740353246
23,6,1,15.89472095886413,39.68281455251925,1,0,61.161760019012625
10,3,0,14.7126329525742,0.0,2,1,48.301090955989594
12,4,0,14.468526168534318,0.0,2,0,59.22422476060297
18,2,1,17.78640653746782,69.05211843006958,1,1,63.0589152862893
15,4,1,17.108438934677448,100.85035457973144,1,0,76.17586036452076
4,2,0,11.436139732268561,0.0,2,0,40.99671318069065
7,4,1,16.95155190411648,97.33745385669138,1,0,79.45627003472063
8,5,0,12.870261200210223,0.0,1,1,44.66695603198943
22,3,1,21.584633957501644,103.71093842049311,2,0,81.93455340931689
17,3,0,17.488639055234827,0.0,1,1,37.53748567467421
8,2,1,8.871953407191533,31.784984323065977,2,1,62.80202839896875
17,5,1,23.653553447251326,4.934177142143903,2,0,35.9013613037466
17,4,0,1.4898008200508528,0.0,1,1,39.06831888930614
9,3,1,15.18677370334521,61.493494274150834,1,0,69.39762951451112
9,0,0,8.51876335277357,0.0,1,0,34.20059074646141
21,0,0,21.410901468365097,0.0,1,0,36.59540467561744
13,0,0,13.264030326476433,0.0,2,1,43.23783622347549
3,5,1,8.031022674564394,79.65445463363531,0,0,76.3872856706237
17,5,1,10.667526438902083,108.4185759166706,0,0,84.79096660263264
14,0,0,8.430342706672043,0.0,1,0,48.5554666913778
12,0,0,10.471115107149606,0.0,0,0,49.52768926182798
17,5,0,10.356761920552476,0.0,2,1,45.84474340192762
21,3,1,8.244220656494727,48.52115955802425,0,0,86.31260877069872
7,2,0,13.35031905791312,0.0,1,0,41.58060290716156
10,4,0,13.95612081703366,0.0,0,0,34.05423020005301
4,1,0,7.018468043620164,0.0,2,1,38.105121245539976
15,1,0,3.7086561847800112,0.0,2,1,57.29912980984665
9,2,1,13.554782260747858,26.07700790828777,0,1,40.5500452209727
8,6,1,14.659602755597668,109.9672033228536,1,1,72.08285862146462
16,5,0,15.651083809806169,0.0,2,1,31.6490605304525
9,1,1,14.75587190797064,99.30200275000814,1,1,81.6081403699911
11,3,1,19.86358387868495,7.7267933193124705,2,1,52.45916962299556
10,6,0,16.985339434656318,0.0,0,0,33.86015661782367
6,6,0,25.39914098207788,0.0,1,1,38.05701873403933
3,5,0,27.503235984164725,0.0,2,0,11.901845105397332
19,0,1,3.209487061776432,63.10936458954768,0,1,68.56272721582167
2,1,0,1.0143068438207727,0.0,0,0,59.008353820663714
7,1,0,11.963043510766425,0.0,2,0,42.93112796573898
16,1,0,14.521162149401608,0.0,0,1,51.33530114548896
3,1,1,11.620574954971389,90.08913771942692,0,0,59.369216171338074
15,2,0,15.5179022302888,0.0,2,0,36.705869200041754
17,3,1,10.648789623008124,4.386160247950479,2,1,51.638096379275844
15,2,1,8.530246182929382,104.99052572742019,0,1,88.44404730516237
7,2,0,9.285545700744777,0.0,1,0,51.70704545296273
0,1,0,10.99915815467898,0.0,2,0,47.86076647836744
21,1,0,16.217561720300747,0.0,1,0,32.87295463988063
7,6,0,9.56629651667085,0.0,1,0,41.114044107097115
19,4,0,10.555156485416473,0.0,1,0,65.08695345009481
4,1,0,14.851084220221768,0.0,2,0,33.04411451537296
3,5,0,11.006018012274051,0.0,0,0,34.87061757085026
18,5,0,17.583552753226947,0.0,0,0,46.37228878749646
22,6,0,7.402468838824694,0.0,0,0,40.60386803754133
20,1,1,6.318181217672565,40.517819899138736,1,1,78.46440084586423
18,4,1,13.523145170091713,100.43002310259503,0,1,101.20756371338052
5,6,0,14.021442311323982,0.0,1,1,41.85532938029427
21,5,0,7.675202529582935,0.0,0,0,51.335455141248694
16,1,0,18.717977006637128,0.0,1,0,25.42835985228271
4,6,0,21.62468404885113,0.0,0,0,45.95309461256439
3,2,1,8.860728935796422,40.31714173018611,2,0,44.11332221089134
20,3,0,19.436503363655955,0.0,0,1,28.73450594929325
6,3,1,0.08933913999638676,116.14410566477726,0,0,96.52770374084538
18,5,1,17.380561333590123,112.66935867085265,2,0,84.91108433101044
3,0,1,7.711186144357913,78.2281699570321,1,0,64.33972693868188
6,3,0,16.8803634098607,0.0,0,0,37.15544031063668
6,5,1,7.193620070216672,112.04344216225576,0,0,75.16772711342874
6,3,0,11.657562326866024,0.0,0,0,43.13773358938508
16,1,1,7.949422017290802,94.60949151755982,2,0,75.34775041551597
21,0,1,10.930596511089595,55.621904238650195,1,1,60.63761086426596
21,3,1,21.149620144652225,27.36031177785934,2,1,52.866143265377396
17,4,0,11.46031101703297,0.0,0,0,48.084304696138766
4,3,1,22.55150811962918,82.12583153736553,0,0,70.19233016298055
23,6,0,10.07093719453582,0.0,1,0,45.90964477595675
13,4,0,19.45882351903401,0.0,0,0,45.16840088322991
13,3,0,3.8715369674359845,0.0,0,0,51.62200077664671
16,0,1,10.567454723109044,32.44142716052502,2,1,53.96945122094965
18,3,1,9.319450073373213,92.17825304662887,1,1,84.37139049455587
22,1,1,19.68852800398571,8.681206679018615,2,1,38.900226480945044
13,5,1,12.926243930180371,74.99385889691122,1,0,68.2709425537109
14,1,1,1.5595841517625235,119.87203502451551,1,1,104.25370325159005
17,6,0,5.449351726382188,0.0,2,0,58.43322029748279
6,2,0,6.936688753102997,0.0,1,0,47.0735446405298
7,3,0,16.670251470560842,0.0,0,1,48.64665553105134
15,1,1,16.02503741828138,55.342455311501425,2,1,51.32445213145757
1,1,0,10.498002835194402,0.0,2,1,44.27088824961342
7,6,0,9.257451031912137,0.0,0,1,41.579632242926124
17,1,0,15.581941204250263,0.0,2,0,42.52044300560022
23,3,1,6.352384537840197,64.76158925391691,2,0,78.46133651571746
12,6,0,14.288344889751764,0.0,0,0,48.01474127508652
9,4,0,13.862589984351164,0.0,2,0,47.26696712775554
10,0,0,10.627052034666177,0.0,0,0,47.59829163212209
16,2,1,13.988389825228577,39.64254172247528,2,0,56.409227249038615
13,2,1,12.510471765373422,26.967702993536765,2,0,64.03981716932282
0,1,1,14.4870974737827,52.62566939254183,2,0,49.45708534218238
12,1,0,5.329488457599531,0.0,1,0,45.402249625316465
9,3,0,15.072509902643509,0.0,2,1,46.23224863726663
16,2,1,17.133006647511362,8.36205596563422,1,0,56.44336630796882
21,2,0,13.604757102822225,0.0,0,0,41.349497598064204
23,2,0,15.0060792549575,0.0,2,0,40.90770181203376
14,2,0,11.450403412951188,0.0,2,0,35.52032825267384
8,1,1,16.456662831315217,86.43194336966744,0,1,67.75370178972759
10,3,1,12.326235639899272,110.5170145514472,0,0,89.48581191205919
4,6,0,6.260293587726948,0.0,1,0,62.62611432578051
22,3,1,16.101080774416303,84.13050282820912,1,0,69.21852622664022
20,4,0,3.8292687624611386,0.0,1,1,45.54479069058928
20,6,1,13.413898721441916,65.88543837655565,1,1,67.88679443696581
7,4,1,10.078885749765103,40.77936643505417,0,0,48.29222911816561
7,1,0,9.759371251476441,0.0,0,0,57.07715873220952
20,2,0,12.859943749631027,0.0,1,0,34.86618132279499
13,3,1,8.45355904591003,37.6844942878453,1,0,63.937063831064734
16,3,0,14.56103007063916,0.0,0,0,45.743129054248335
11,1,1,12.28398316311001,40.59417924686561,1,1,64.40269974613344
10,0,1,8.91353024293901,81.38285944695832,2,0,78.3979135022523
15,2,0,18.690897850231593,0.0,0,0,40.06898404018562
19,6,1,13.023913051497491,61.313754294249506,0,0,69.46947265858029
8,5,0,15.154004667122406,0.0,1,1,49.55431253131107
19,5,1,19.082943647472106,29.526031881869663,2,0,64.43940801319307
5,1,0,19.000892678971862,0.0,1,0,30.979127626531188
9,2,1,14.89892726928094,82.74092675667515,2,1,57.327795508578575
21,4,0,10.486708994950979,0.0,2,0,34.235488365079185
22,3,1,4.851481062313943,50.602290553307874,2,1,54.32341804525654
22,2,0,13.03345350239873,0.0,1,0,34.97577947695661
7,2,1,17.47292157908693,71.70919892439427,0,1,55.506977461896646
20,0,0,13.771574096966425,0.0,2,0,40.65180546058002
22,6,1,0.0,14.138210807762528,0,0,66.7893540051303
23,6,0,16.350310774132335,0.0,2,0,46.931634387169105
0,0,0,16.657495773878708,0.0,0,0,36.69615202882996
17,2,0,10.493889031368433,0.0,2,0,42.318017245550685
23,3,1,16.941808376267613,33.2314693696559,1,0,69.16377818340578
18,5,0,15.13982707196688,0.0,0,1,47.64641817917708
5,6,1,8.572466038589853,49.230765295714704,1,0,66.75445247192297
18,2,1,18.356505581088424,101.35770706671964,1,1,76.76200720559562
2,5,0,5.662615384469431,0.0,2,0,48.15593130466421
11,6,1,11.713776644805323,73.83305779692856,1,0,87.49565289293066
15,5,1,11.214988436139574,47.74696546420023,0,0,61.220672694715596
10,2,0,7.872809239056095,0.0,0,0,49.89611857541956
16,5,1,13.518969338244826,56.55985277481041,1,0,50.79023654929712
5,2,1,18.55184449786529,86.4576511309163,2,0,65.32777572002215
14,0,0,18.238709359306938,0.0,1,0,36.003290477024734
15,5,1,15.618321073709579,5.060019108671754,0,1,48.16669892982218
15,5,0,3.520387465598523,0.0,0,0,45.981937378941836
6,2,0,5.3202384956144035,0.0,2,0,51.130305762958265
7,3,1,12.830845598793843,10.286463208662347,2,0,43.48474670266185
6,2,0,11.828824794582294,0.0,0,0,36.73180949937802
11,0,0,9.509600862508425,0.0,0,1,38.26197711137955
14,6,0,21.526615987274162,0.0,2,0,36.3915300971484
8,0,1,12.529300765855705,66.31283541002591,1,0,69.01055643485006
9,3,1,14.712063705954092,18.24947132183421,0,1,48.067863585349805
6,0,1,16.93946940474223,88.70650682629085,2,1,65.83279790236988
5,4,0,12.274792248362298,0.0,2,1,44.07811631008674
15,6,0,24.955310839561847,0.0,2,1,32.45405791807459
19,4,0,7.298138487821483,0.0,2,1,40.826550617298786
6,4,0,8.969642050529389,0.0,1,0,48.48896042892487
20,5,1,7.285871408587466,32.53109351917714,0,1,75.03980103945412
13,6,0,19.813291432136516,0.0,1,0,37.95270237069366
4,6,1,16.010429371093235,63.36245459652075,0,0,52.679870887959694
8,1,0,9.279240436407036,0.0,1,1,59.32496570020461
0,3,0,7.680618125226097,0.0,1,1,58.912477566573806
0,5,1,18.92445250301302,48.050919523507574,1,0,68.13847886555928
8,2,1,13.808438576694297,90.97996409525753,0,0,75.45849771358293
10,4,0,19.05208984308169,0.0,1,0,33.48989208435509
19,0,0,11.699253246092217,0.0,0,1,38.49639091040423
3,6,0,14.557676612167999,0.0,0,0,52.483652653203656
20,4,1,13.501138276220015,56.3275544057595,2,1,76.76076512178068
5,5,1,8.879443328129655,51.9308402571959,2,0,58.70925466548327
3,5,1,11.279279205954953,98.01506831338385,1,0,60.12099754019789
16,1,1,6.078483278508277,96.9815977121378,1,1,83.93848478248107
18,3,1,14.470534118636216,103.92970855509358,0,0,72.56490220851005
14,6,0,15.806243731734298,0.0,1,1,36.696875330628906
2,1,0,16.950806000526597,0.0,1,0,39.53360257281043
2,5,1,15.332724465855028,104.44790504108444,2,0,82.56957564839718
9,2,0,11.358949317484877,0.0,0,1,39.6651314090808
10,4,0,19.759853225384923,0.0,2,1,40.28072968719915
23,3,1,16.461542438647726,12.661025814710714,2,0,45.25289167862452
6,4,1,18.942731508285526,72.74428520422401,1,0,46.86352873271989
4,5,0,19.256433522351752,0.0,0,0,43.95465430081089
22,2,1,11.372001723465546,23.406163671346803,1,0,50.48651656993156
3,1,1,13.939397284466185,63.396428610819406,1,0,55.92633148292437
0,2,0,15.872825917487388,0.0,2,0,36.49375552011217
10,4,0,6.254291062327875,0.0,0,1,51.620292771924284
9,5,1,6.365134138106002,90.20651793545952,0,1,81.85003888640173
14,5,0,5.503441770024614,0.0,2,0,55.75270716016776
21,2,1,11.459499557400552,72.50224784620723,0,0,74.70085576846458
22,6,0,10.33341470394201,0.0,0,0,37.36044071819965
6,0,0,4.821646858523808,0.0,2,1,27.508207758669613
23,0,0,12.746791138493387,0.0,2,0,45.7698099603017
15,0,0,11.521905416417038,0.0,0,0,50.83008533075321
1,6,1,17.911200850384965,82.36896728620914,1,1,67.88062340122858
22,1,0,22.06489539566229,0.0,2,1,42.632919474039426
3,4,0,14.282251702071164,0.0,2,0,35.56105609461343
14,5,0,8.516847393168824,0.0,1,0,45.418369583693476
18,5,1,15.233621886735344,15.882612248813137,0,1,41.007403807068535
5,6,1,12.046514616602366,5.65941663129498,0,0,52.921967483141586
6,0,1,10.799373731092508,49.73016553177347,2,0,56.482852587567386
11,2,1,7.6919943941009405,5.1202422669655245,2,0,67.11728316688203
21,3,1,9.678899803889966,105.67056320378727,2,0,80.22562432765915
5,4,1,11.111044943630862,77.99497082671789,2,0,79.79484983757307
15,4,1,16.020481960827244,101.24006954727228,0,0,73.70447351917599
10,3,0,14.555127902039331,0.0,0,1,54.05686970217928
2,2,1,21.12788071464248,26.874353241041987,0,0,57.89979220756875
17,0,1,15.37169036923236,34.8334594721952,1,0,52.3042307553078
19,3,1,14.121474622811803,102.56797447489708,2,1,81.7992066133288
13,1,1,10.468848172637129,14.627187658921784,2,0,61.93609830467626
4,3,0,6.812685090766447,0.0,1,0,51.984491090387934
3,5,0,9.150532790734282,0.0,2,0,40.31376841901628
10,3,1,8.500806686190364,42.380385619755586,2,1,63.593017443384866
12,4,0,0.0,0.0,1,0,49.014219844869615
13,0,1,6.956841087129142,57.490652319608,2,0,70.76421376702332
5,4,1,20.011048806829866,15.40233805683448,0,0,38.0821979993147
12,3,0,13.843001064794967,0.0,0,0,46.90804423621238
7,0,0,10.117380723274518,0.0,0,0,32.595760983666494
16,1,1,13.992399110700104,30.044224482678054,0,0,45.345714312130276
19,5,0,2.232977371353128,0.0,0,1,46.8678288999052
15,6,0,13.41048858231212,0.0,1,0,42.989896422586014
0,3,0,18.387461315737415,0.0,2,0,28.193376047714658
23,6,1,11.394420264553098,77.22921852046106,1,1,65.84703848166039
0,1,0,3.140052368757159,0.0,1,1,58.712926325799295
23,2,0,9.930297326116515,0.0,1,1,54.233082531290854
0,6,0,18.3963099749156,0.0,0,0,20.01395396038083
12,1,1,13.293148284488346,95.1422227759259,2,0,72.97129426502286
2,4,0,4.908449526032168,0.0,2,0,61.27192968499433
2,1,0,23.838145895919354,0.0,1,1,39.017791758378465
16,2,0,5.730957418774335,0.0,2,1,53.674024649179174
17,3,1,10.785377091933928,65.65786810471414,2,1,73.8651292602201
2,2,0,6.8130699967389825,0.0,2,0,41.87810072419208
23,6,0,6.819989925431995,0.0,0,0,51.25625225846696
7,6,0,9.739244421324218,0.0,0,0,50.982475047703645
7,3,1,15.180750799230388,18.86610705244042,1,1,50.31517732674994
7,3,0,18.452657226098008,0.0,0,0,37.088810712268085
11,0,0,10.069159139837701,0.0,0,0,46.55998310229023
4,1,1,6.9492822290753775,76.77797289990039,0,0,67.1917078832301
10,0,1,14.39319658329904,56.91594347893586,0,0,68.31927627077803
5,5,1,14.539817894645937,49.49812761973949,0,1,49.20981313384458
1,1,0,13.201881677767252,0.0,0,0,37.90842068973508
8,2,1,13.378699064533663,107.94177216395859,2,1,87.53094122021992
16,5,0,11.437167768281592,0.0,2,1,48.17231699762606
18,4,1,12.490754272779407,77.07151161764733,0,1,68.10922360784228
8,4,0,11.091744356882145,0.0,1,0,32.42690570941882
7,0,0,17.35121863518561,0.0,1,0,40.74996359943846
18,3,1,23.142297503529385,27.127725680788956,0,1,40.93945603301249
16,3,1,12.898265758535963,14.635161900891621,0,0,53.647032319176695
19,2,0,11.967138760143195,0.0,2,1,41.29329573463332
21,5,0,13.27930682845034,0.0,1,1,30.371219617099165
19,6,1,8.710390995083541,92.24845802348258,2,1,69.2487931637302
22,1,1,15.824891855524102,83.25626369637224,0,0,68.06382255141739
9,2,0,14.205882045405643,0.0,1,1,44.50542942468222
9,2,1,9.897648959786547,92.86083538163237,0,1,70.27207696002596
7,5,1,16.510334095212393,72.55472273162154,0,0,61.11800429695868
5,0,0,12.094948841726936,0.0,1,1,51.66382884786593
17,6,0,7.149716807628123,0.0,0,0,58.157382140545224
17,5,0,13.7580222271148,0.0,2,1,46.208900341255976
19,3,0,13.184962516996631,0.0,0,1,42.1717345033823
4,4,0,16.802090730553125,0.0,2,0,36.587012149582065
11,6,0,16.157734750374246,0.0,1,0,46.387606758046886
5,5,0,11.45386834685619,0.0,1,0,43.30595592963541
21,1,0,9.639565317932348,0.0,0,0,54.64936766720557
6,0,0,12.008718750288995,0.0,2,0,53.17449843427896
3,4,0,13.81654439834328,0.0,1,0,47.22738215901324
13,1,0,14.418771888825246,0.0,2,1,39.48401622957252
21,0,0,13.50706104068059,0.0,2,1,40.83127189811028
21,6,1,11.546190282641154,58.60044206407687,2,1,53.123582308292605
2,3,1,16.98408510011612,97.17472496960791,0,0,75.00264109819399
7,4,0,8.628490529533616,0.0,0,0,47.42767226511303
3,1,1,24.397017260774113,91.69571636660443,0,0,56.55567925271322
7,0,1,15.815351900768796,51.51977855253141,1,1,79.29287351850081
12,0,0,6.362572984149948,0.0,2,0,54.35991617329422
6,2,0,12.926146654682078,0.0,2,0,37.93551737068001
1,0,1,15.863417590160656,95.17725099044654,1,1,92.05483948830204
12,2,1,10.253154472401452,58.75065664813543,1,0,63.39181390880615
1,2,0,4.524279762116466,0.0,2,0,58.02328849418118
5,3,0,6.804680292005523,0.0,1,1,50.257316482262766
0,4,0,14.710464721727757,0.0,2,0,39.53755983865325
2,2,0,3.2269176371581416,0.0,1,0,49.72293343760967
10,3,0,4.753277140769889,0.0,1,1,62.69059192760912
20,0,0,14.684173734669631,0.0,2,1,50.26250157961695
18,2,0,10.887253915765852,0.0,2,0,45.31095782788132
2,6,0,8.521098051976015,0.0,1,0,31.78052931209056
0,6,0,9.526339263387333,0.0,1,0,49.81435171904732
8,3,1,4.645930935778402,91.75060034085348,1,0,73.42416582747299
15,6,1,14.422267152274728,72.22541969765322,2,0,73.04982690986685
17,3,0,7.967282224912773,0.0,0,0,42.913742803427546
19,0,1,9.321239077080646,70.13836480958601,2,0,67.21601195135871
8,6,1,13.73392568293589,7.256066326368558,2,0,41.44780604237394
4,2,1,10.716862322728918,24.38876782407081,0,0,63.12669810686266
0,4,0,8.47673345182832,0.0,1,0,34.08847233209314
3,4,0,2.0528078763803563,0.0,1,0,59.25984887773189
1,2,0,13.837129229339073,0.0,1,0,46.66870280418877
20,5,0,12.394964838042009,0.0,0,0,44.50294506173525
6,3,1,9.413062711583134,96.61809496303322,2,1,77.70149564941755
19,2,1,6.813004472665767,52.69538337389338,1,1,71.884836652923
13,2,0,12.063812393267623,0.0,2,0,41.82877580613563
12,5,0,14.402358802628843,0.0,0,1,39.885544864491685
10,1,1,12.488794406621519,92.34343641838598,2,1,77.83919591184643
19,0,0,20.190327602460762,0.0,1,1,52.60578240177491
1,6,1,15.523872513025143,30.424650083918316,1,0,41.12655801209935
2,2,0,11.463584551629793,0.0,1,0,49.83476585034665
10,4,0,15.69139378048282,0.0,2,0,41.30254516449897
9,5,0,12.243311391955393,0.0,1,1,43.440584452159435
13,5,0,12.22596377261327,0.0,1,0,33.00345854709916
17,4,1,18.481818986555112,87.79652061871884,1,0,56.897055934733366
14,4,0,7.5097106092974055,0.0,0,0,51.71168710748648
6,5,0,12.116548240274792,0.0,0,1,35.15202342234833
7,6,0,17.948550013248024,0.0,2,1,48.77212593083851
18,0,0,13.544952790874454,0.0,0,1,36.0371674125811
4,5,0,10.15473507315611,0.0,0,1,51.28402743260894
12,1,1,3.469201173129152,72.38684863363244,1,0,72.9516145461828
12,6,1,0.6482652890314533,61.974892281665205,0,0,71.18059448840535
18,0,1,22.38090594880374,92.39788574242078,1,1,62.1236957188504
17,1,0,13.542559106254059,0.0,1,1,47.66048487927466
11,1,0,9.079634304568689,0.0,2,1,53.46086761417934
7,4,0,13.747284445649203,0.0,1,1,41.47791438720867
8,0,0,7.26162930848325,0.0,1,1,53.92034468717559
9,0,1,10.34399361301867,47.238086774264566,1,1,63.35900185305665
5,3,1,7.2952980350351755,117.03490863156613,1,1,79.45215467107008
15,6,0,4.933632077177478,0.0,2,1,54.0813595489813
5,3,0,1.4750752708103896,0.0,2,0,51.41564218610088
15,3,0,4.011713038855829,0.0,0,0,30.876260738466925
18,4,0,17.1064388196873,0.0,2,1,38.188671512132345
23,3,1,7.065590193949842,73.82329687388842,2,0,61.63767935643349
2,2,0,14.674460559014397,0.0,0,0,33.40811353362055
18,4,1,16.78323694922607,51.48891905021869,1,0,57.60291897149074
2,0,0,12.08289842603729,0.0,1,0,44.73193048442873
8,1,1,10.507163938394646,114.75433160473081,1,1,80.07785657379618
4,4,1,12.665114602638319,43.5916746713649,2,0,64.34339780531002
3,2,0,9.91689816737943,0.0,0,0,46.15030774204543
4,0,1,18.01954631028315,45.059172183024025,1,0,52.963241348502805
1,0,0,21.38266937072246,0.0,1,0,38.24110124698601
19,6,1,19.249059151854777,42.30984551562671,0,1,64.04966975354155
1,2,0,1.2421838261321625,0.0,2,0,36.80371569013522
9,0,1,9.814866205699431,74.54348110263619,1,1,83.63451747422424
16,5,1,12.02079569390578,52.48980035098559,0,0,58.82165363986687
23,3,1,14.315289802112716,98.4684803652376,0,0,71.7803689936767
20,3,0,3.36342731148976,0.0,0,1,49.091857531473664
3,6,1,3.2827816981551727,99.19209603759174,1,0,79.99737774102641
23,2,0,18.53394874812696,0.0,2,0,31.849840902096467
15,4,1,9.204403406951103,104.432629069324,2,1,90.96250260812852
4,5,1,4.56296830773384,113.70864562336001,1,0,92.42513469709937
10,4,0,6.481795961385196,0.0,2,0,34.47303232636169
22,1,0,13.952373216561075,0.0,2,0,49.230982390068796
9,4,0,7.8872615676825175,0.0,1,1,52.91773094652877
4,5,1,13.20812821092025,99.45555393017374,1,0,67.36623659182725
21,0,1,7.106363186267481,65.40196345137821,2,1,73.6476659236728
22,1,1,3.2789993630798975,43.19240472548557,1,0,72.45781467112317
23,4,0,19.12190081610662,0.0,2,0,26.868110628834202
22,0,1,13.990949556444878,9.683269306108606,0,0,49.478669462822296
20,6,0,10.331245693809418,0.0,2,0,41.33422844197312
10,0,0,9.393191391591953,0.0,1,1,51.822978351102066
4,6,0,19.324501845376176,0.0,2,0,32.07121496013599
14,4,0,14.957650227643626,0.0,1,0,51.37182607967044
5,3,1,17.734065158178794,22.961157662700877,2,0,46.900874168542416
11,1,0,9.081536612554,0.0,2,0,42.81562120035875
15,2,0,12.253332700897891,0.0,0,0,39.41717104901866
22,5,0,14.01099457998266,0.0,0,0,50.78335520998105
6,5,0,9.249654453430793,0.0,0,0,41.81496863333412
6,1,1,11.5223394549818,93.5229257423809,1,0,86.99871943969518
17,3,0,9.08194830058375,0.0,0,0,49.441797397855616
0,6,0,13.995295987511085,0.0,1,0,32.71887696899221
13,1,0,5.393029180747097,0.0,1,0,50.893410020679056
17,4,1,14.85985009623529,30.301989565802913,2,1,54.09269298335591
13,1,1,13.553566008714554,67.36219606244511,2,0,56.38867244004231
9,5,1,10.98345735746339,24.670476156225156,2,1,54.91415865150667
19,1,0,14.247585728260418,0.0,2,1,47.939371057758756
8,2,0,10.175297681335113,0.0,1,1,55.88498411125775
17,3,0,8.649346293363566,0.0,2,1,56.75520735701893
11,2,0,14.71863077394339,0.0,2,0,62.33735945331081
0,1,0,14.93507002577186,0.0,2,0,43.05661999516971
12,4,1,9.46364880595483,52.082282233281035,1,1,70.08829262688076
1,0,1,9.034738538784708,103.91575427316096,1,0,79.29284418197282
22,6,1,11.085132581197717,92.14302035392069,2,0,93.45578759091832
14,0,1,9.239971735929913,84.41274310466439,1,1,70.02500024064707
8,2,1,19.625595549411344,56.4724011172746,1,1,73.77875430598222
11,6,0,13.582378570971033,0.0,1,0,57.8215965760618
14,1,0,12.073001167736075,0.0,0,0,39.06245886224465
6,0,0,7.336375131554855,0.0,0,0,57.421516562658766
6,5,0,15.694947235183204,0.0,2,0,46.09788626389741
10,0,1,8.941975500277923,0.6334825146827994,2,1,44.7722604951132
6,6,0,8.736263444594801,0.0,1,0,46.924517578499525
18,3,1,15.863073315382929,1.4923387053875325,1,1,44.95568039762067
2,6,1,13.936613604959488,30.38147351505817,0,0,57.36934056793524
19,1,0,0.0,0.0,0,1,66.95353500074069
8,0,1,11.211146181178455,50.08431098750268,2,0,68.13039660053211
13,6,0,12.6275981027381,0.0,1,0,38.73896994270127
3,5,0,10.302019221094199,0.0,0,0,52.70734059085072
9,6,0,12.801818328449023,0.0,1,1,30.777284894701104
18,2,0,2.9515599854549457,0.0,0,0,49.54606514013873
6,2,0,0.0,0.0,2,0,52.67746811345481
3,4,1,7.122658808148646,34.94583006750286,0,1,66.79943493116396
12,3,1,13.41123560883575,37.50905211879506,2,1,71.56561182533946
3,1,1,0.0,65.1391011037328,0,0,79.54023637274611
7,2,1,7.782269663802463,28.050527096727013,0,1,55.70093937222351
10,4,1,2.3861951540030653,40.534359299695964,2,1,61.69182689646137
13,0,1,10.786879137343261,54.292466902686236,2,0,72.0531902663048
15,2,0,21.789496289779247,0.0,1,1,36.00971244427997
16,2,1,10.914120026679491,98.18787645380016,0,1,76.60883808658406
20,0,1,11.46248577334566,101.87922727022104,0,1,89.09803862026922
1,0,0,16.19615470394116,0.0,1,0,51.3972812044693
8,3,0,12.106532789052867,0.0,1,1,37.63990669769881
0,0,1,10.925041149053303,114.82729514420942,1,0,74.47684919852995
0,2,1,16.633229620725018,60.370501430553226,2,1,62.04082860548476
5,3,0,14.359435752559028,0.0,2,1,34.390549182445014
14,6,0,13.443128807832263,0.0,0,0,34.0290438121216
21,0,0,11.306099237162673,0.0,2,1,37.62986853113567
18,3,0,10.269676476364682,0.0,1,0,55.15649483116319
15,0,1,16.585854426158313,19.087738561471575,0,0,53.615104716580305
18,3,0,10.317686900604135,0.0,2,0,66.4056802595507
4,3,0,18.156264396780067,0.0,2,0,35.339292253500176
20,5,1,6.764268168553588,81.09510122609726,1,1,88.61055625234883
21,3,1,19.168919772528888,64.81633794506529,2,1,66.29903341294477
2,6,1,14.36020041544209,99.11967634880274,2,0,73.75262690691808
11,0,1,7.157325384739969,90.09809203691248,2,0,79.63507029494899
19,0,0,14.544893172761531,0.0,2,1,38.87497938144694
11,0,1,8.7484855084136,40.61131312861865,0,1,64.28495950359269
20,2,1,12.167140271737377,62.41184545685372,1,1,75.00404629317492
22,1,1,9.566864314273744,96.43666947051923,0,0,78.1507719631459
11,0,0,11.335439179334609,0.0,2,0,52.718723257324456
1,1,0,16.707153969049333,0.0,1,0,51.804120137488866
8,6,1,14.592558260733433,97.00504086260833,2,1,89.22905311827296
5,5,0,6.373173041154608,0.0,2,1,40.51790376573388
11,0,1,6.659517791707807,6.679148871104088,0,0,51.6168774438738
14,6,1,13.353878051326667,104.46428743382286,0,0,86.55486065160999
11,1,1,13.715935634478884,63.1912022275777,0,0,57.45029295805129
4,2,1,8.627775103064511,97.0083704836786,1,0,71.57409972371565
7,2,1,19.956577414910186,47.049806154440745,1,0,55.290883220308324
16,2,1,16.06747468634798,70.62627022553814,2,1,63.5615005697799
0,5,1,8.872118173076029,39.731160655545644,2,0,60.429456572033644
5,4,0,8.388723420920035,0.0,1,0,44.51824043231524
21,4,0,10.860933931433765,0.0,1,1,63.5903811049784
2,4,0,10.3407279446292,0.0,1,0,43.03423481945747
9,5,0,18.280787468658886,0.0,2,1,45.06040483884514
4,1,0,16.922614864974435,0.0,2,0,45.61067903801579
2,2,0,12.175347567506952,0.0,1,1,31.749202354671603
10,0,1,15.389527804446075,51.85513396766416,1,1,72.56662823610341
12,4,0,16.114876131722745,0.0,2,0,47.11448655782254
4,3,1,12.291303641332672,81.93679580345598,0,0,75.10044861502327
1,4,1,14.013093396845449,81.08274103490433,0,0,80.62795080010511
3,3,1,14.97093777046141,50.84170991139527,0,0,60.435592032122166
15,1,0,14.43802861824442,0.0,0,0,50.50502750893581
20,0,0,8.105980857621045,0.0,1,1,33.50542792765065
4,6,1,8.611451213269689,62.58072992379311,2,1,76.5543060809469
7,2,0,10.55702669156975,0.0,0,0,48.02345173655887
8,0,1,8.466678604765557,55.253985751368745,0,1,69.1596811644702
8,2,0,4.634497136821736,0.0,0,1,44.55411555924073
5,6,1,15.379759804745204,18.69402479157179,2,0,47.48847058150213
1,1,0,13.732040634345008,0.0,0,0,42.02940222856991
12,6,1,5.303167118537269,84.95866924554178,1,1,71.3800108721926
8,3,0,10.795416441362317,0.0,1,0,49.230076643189754
8,6,0,11.078570913736863,0.0,0,1,58.722567193799506
6,4,1,12.909722142549697,2.676992829224032,2,0,34.23886197859251
22,0,0,6.5903877567617055,0.0,0,0,53.649648844296806
14,3,0,5.230028820027937,0.0,1,0,47.45247159635877
10,2,1,14.598622480169551,62.90234276399881,1,0,61.04963210319666
4,1,0,4.330189938656886,0.0,2,0,52.13395777302104
19,3,0,10.836682534726684,0.0,0,0,47.05001541623485
21,0,1,10.369614071208865,109.32082890757917,2,1,86.44402805486313
0,4,0,11.383578408866073,0.0,2,1,36.84621158273433
22,5,1,13.263588105889259,47.26562647385136,2,1,69.65148976766537
16,0,0,19.992853089057032,0.0,1,0,39.654820948564335
2,3,0,4.002538997045499,0.0,1,0,56.548575008360366
18,4,0,16.382907913663747,0.0,0,0,51.6104614399989
2,0,0,0.0,0.0,0,0,39.631034783713986
1,2,1,18.968555744086594,67.44763365500863,2,0,68.47550067462505
2,1,1,1.7856532973142158,33.07568169787732,1,0,63.83450582025685
11,0,1,24.181973190173956,8.515597782191762,1,1,46.78588459233068
14,5,1,10.051160852614226,31.933132563504486,0,1,51.72499908049611
9,3,0,18.451915303865174,0.0,1,0,47.72123786257062
2,5,1,17.42078011705432,116.89242823412876,1,1,73.53568033125171
4,4,0,9.817554543477957,0.0,2,0,50.36366338104142
20,6,0,10.201253909061995,0.0,2,0,49.11305932321461
23,6,0,7.81420518433862,0.0,2,0,47.50525581962945
18,4,1,15.936850832221445,68.94851330459697,0,1,58.125816186220824
2,2,0,9.88265947890766,0.0,0,1,44.14428743908614
19,2,1,7.905082359746329,55.58501660282155,0,0,75.51362083423655
16,5,0,14.686380059780761,0.0,1,1,55.15308529357645
12,2,0,7.514117792971255,0.0,2,0,64.62198640777616
3,3,1,10.355088541239986,45.784335592425364,0,0,66.95480905258697
23,1,0,12.535529324360967,0.0,2,0,46.98298727578411
10,6,0,8.787852553693659,0.0,1,1,51.56110788883124
1,4,1,9.542256595400323,59.53775195660946,2,0,83.63255871285875
5,2,0,19.674916005697288,0.0,0,1,43.42504376997741
9,4,0,10.978823998574267,0.0,0,1,46.91456930890431
1,2,1,10.201865201081938,28.46513697421139,1,0,54.59887227246535
7,1,1,11.12437430965639,112.30203549608333,1,0,84.12788614009969
11,6,0,14.272274942495336,0.0,1,0,46.673372766674596
22,6,1,6.830681586630683,90.14161655924221,1,0,75.07351373548642
2,5,0,14.13607700229193,0.0,1,0,38.67963077663684
13,2,0,13.279100950296204,0.0,1,0,43.86615105811094
21,1,0,3.0567230796294123,0.0,0,1,48.93930040971872
19,0,1,20.971278017043808,47.30153617619115,2,1,59.55041469422476
22,5,0,19.304067803816032,0.0,0,1,44.94814193752522
4,2,0,7.9971853362758125,0.0,2,0,50.70236468614294
19,6,1,6.387867311513584,31.679512311013994,1,1,64.89668533552425
23,6,1,13.140257485126213,0.07526027543629521,0,0,45.454882019594905
7,0,0,4.87068356084356,0.0,0,0,20.76539085295898
11,6,1,18.82141476851128,32.95052160250966,2,0,44.46861984764936
12,0,0,9.657731321238035,0.0,2,1,52.932572578137865
11,3,1,20.109034641544085,58.186952237527,0,0,52.56767031621382
6,3,0,7.877983148068664,0.0,1,0,55.540941628116734
23,6,0,11.438989572166399,0.0,0,0,53.14183786102637
22,4,1,18.33606303288683,110.96827631209267,2,1,77.04610103825588
9,6,1,10.383802601805849,61.41338259838962,2,1,63.46329096125844
19,4,1,13.360458715878703,53.59996945741214,2,1,63.14835114685615
9,5,1,17.463293778190064,67.93059565444509,1,1,64.45298197942319
19,5,0,9.219762745829168,0.0,0,0,52.64021561999767
14,6,1,5.691304547261546,25.29737896045987,1,0,40.572153977098864
11,2,1,4.706447018462109,100.39926701613372,1,1,80.50203060349799
3,2,1,14.917163747189374,81.66379002734192,0,0,63.54942371047048
15,6,0,13.943891934988093,0.0,1,0,23.698465949497667
7,5,0,17.308315865405454,0.0,0,0,37.19483997084076
5,6,1,10.629776405087048,27.05374017253622,1,1,43.968206066938535
4,4,1,4.846313711997287,67.54068679921322,0,0,71.6623098507535
23,6,0,0.23623846859211817,0.0,2,0,50.9073299640908
2,5,0,26.339812671758505,0.0,2,0,37.55518837742997
19,5,0,14.634615092687515,0.0,1,1,41.29097955002268
20,1,0,12.68395878041147,0.0,0,1,31.321125731808444
0,3,1,13.393198801569081,89.95437166479039,2,0,78.54177927563096
14,5,1,4.843305258837818,108.6121548563718,2,0,108.49872625522238
13,5,1,8.025640045184767,98.09029171509427,1,0,91.51172760209145
8,6,1,20.71665063995621,59.390051423539056,2,1,64.64708507101632
16,2,0,15.291736429261093,0.0,2,0,41.2029715792249
9,2,1,8.18201171186032,79.45552117690312,2,1,72.33656755115034
10,6,0,5.865923359583805,0.0,0,1,45.82498904801596
10,6,0,9.421529455277167,0.0,2,0,49.387913784186026
19,1,0,10.422846763885609,0.0,2,0,37.57424848354048
15,2,0,22.24573017923352,0.0,2,1,38.96620489106013
9,6,0,11.058663120170225,0.0,0,1,40.843997066631445
22,1,0,6.052241079334937,0.0,1,1,36.44244145540649
19,5,0,11.706988181949576,0.0,2,1,40.21246820779117
22,0,0,13.321692341890005,0.0,2,1,54.35222549613985
17,1,1,5.597267112063143,61.13131186640694,0,0,73.02517041604067
9,5,1,14.010827672263073,44.778733513430765,1,0,31.0438423644197
18,4,0,18.044579761357852,0.0,1,1,35.17531290879314
7,3,1,12.693356416253817,73.83768411808903,0,1,77.91458652108007
6,5,1,8.014674240751601,20.14397213333002,0,0,53.251717265718966
10,2,0,9.35564781214925,0.0,1,1,51.705829678558615
23,3,0,3.70582011669069,0.0,1,0,48.872994051359875
13,4,0,11.330823829487324,0.0,0,1,47.40686611302635
9,5,1,13.553899784149566,116.4231195551358,1,0,85.18733660295943
11,2,0,7.516837075672609,0.0,1,1,43.81943109026999
6,4,0,21.69850075513814,0.0,2,0,42.21304686173922
15,3,1,15.96139747725574,76.50134891407322,2,1,81.25866693888504
8,3,1,3.036113305257789,44.44494445902365,0,1,71.20399196697277
13,6,1,3.138687207462212,45.745098568969674,2,0,69.33152052138219
8,2,0,7.079880986480908,0.0,1,1,42.59069206937689
7,4,0,19.86592703379636,0.0,0,1,46.612953949935054
23,6,0,16.454608552761812,0.0,1,0,37.747887741902105
8,5,0,20.118560977791436,0.0,0,0,43.39064713084751
1,6,1,12.051046432813774,12.973637524465008,0,1,55.99352207479351
9,4,0,10.95255336018861,0.0,1,1,54.138022048318255
12,1,1,5.7624525696968805,28.68800910262059,0,0,68.47985616484974
2,6,0,13.74841962458398,0.0,0,0,51.760934967733284
7,4,1,11.019159165414896,117.48404426187527,0,1,77.25430316724189
3,1,1,10.826639047590689,88.08321927109556,1,0,70.29519427630152
12,2,0,20.090254205264188,0.0,0,0,27.947999609344823
17,1,1,11.368271985677199,48.29211061858601,2,1,51.2890586887663
23,5,1,18.65490722023842,27.12290925047752,0,1,61.771574130677735
9,0,0,4.0596266942869335,0.0,1,1,43.86486699600965
20,5,0,25.44056116431461,0.0,0,0,25.63531597667378
5,3,1,10.133647691223153,110.38350982392768,1,1,85.08036012617663
18,0,1,15.53592011637013,24.906626298115903,0,0,45.32077617200769
13,4,0,16.331364559732563,0.0,1,1,60.030139954479424
18,5,0,9.513216348122823,0.0,1,0,45.202026368551614
18,5,0,16.095150450295268,0.0,0,1,45.68526764867975
12,3,1,16.355015882906194,35.1804175179666,0,0,47.98536289459722
6,2,1,8.43427749477116,57.968241322460315,1,0,55.245182350572065
12,1,0,8.493498879090534,0.0,1,0,42.375494940167414
19,0,0,12.226534117423713,0.0,1,1,39.474954605069456
23,2,1,11.422530261573323,76.47356175999435,0,0,66.8278576464162
22,4,0,18.965650479247675,0.0,0,0,27.027018577320543
4,0,1,15.513340924725394,110.51773610675406,0,0,82.3591207388801
14,6,1,11.647882152684545,62.06086088521123,1,0,64.70862733020972
2,4,1,15.030389793538367,21.813583267414437,0,0,38.27511119362992
16,2,1,1.7667346110165436,56.726850465400304,1,1,74.29119244100652
23,6,1,8.92344513184129,87.46659621701241,0,0,84.57241442720343
1,1,0,13.43910504159444,0.0,0,0,53.8305596741921
15,6,1,17.576827509462255,37.591526923150816,2,0,34.73324968599735
22,1,1,12.998846673278969,79.95958943445856,1,1,66.73957637018601
20,2,1,19.291194999888283,54.0275703407455,1,1,47.510478034805395
9,2,0,16.33969929012632,0.0,0,1,36.709720429779985
2,6,1,9.558352879643278,42.25686611015351,0,0,73.25164188997144
22,1,1,11.299846770231154,86.09843083545738,2,1,70.2768237881514
22,6,0,14.042108431192858,0.0,2,0,39.96598707662402
13,2,0,9.75682223571818,0.0,0,0,40.56196129423704
23,1,1,19.656450889582967,56.3709500982335,2,0,72.01213218212777
0,4,1,6.456369328538554,3.499649059853218,2,0,32.66166092564369
14,4,1,13.58053225212193,94.77980437277117,2,0,72.85757301275729
0,2,0,15.677234068025285,0.0,1,0,35.533367320877886
22,0,0,10.432765052694489,0.0,2,0,32.88441630314339
16,2,1,9.306003336753758,59.963365631502434,0,0,77.36012089727197
21,3,0,11.619593517750005,0.0,1,0,31.27949433882646
13,0,1,16.05999256392587,34.156653627230625,0,0,50.43126072872532
1,0,1,9.50076001236073,108.51639567928797,2,0,84.7502757223646
0,6,0,6.655394065453539,0.0,2,0,43.668313783591245
8,0,1,17.75292388496513,0.7922944535374787,0,1,27.20085346478475
17,2,1,13.996482364677938,63.66256622712099,1,0,64.73863206795541
3,5,0,17.039287152447585,0.0,1,0,35.2739163570769
20,2,0,15.796658656337202,0.0,2,0,48.83186144348896
5,3,0,22.899446541409823,0.0,1,0,40.809333552346295
11,0,1,17.57486017803273,82.42684245700879,2,0,85.34372106717672
4,5,0,8.379602190625896,0.0,1,0,49.17612815458318
11,4,0,14.351339836157914,0.0,0,1,48.23293699883904
10,5,0,9.212556394782272,0.0,2,0,44.75847588770522
0,6,0,9.729369180810831,0.0,1,0,60.91033923349934
13,2,0,4.937497996923506,0.0,0,0,51.13215452531337
18,0,1,10.569434090667306,66.97465644296545,1,1,69.16514942975587
22,2,1,14.7251714426735,42.082586863412345,0,0,62.273390790265154
7,1,0,11.669891474331298,0.0,2,1,40.50441581742361
21,3,1,6.503157983756543,52.828203843845365,2,1,64.29040822203598
21,1,1,4.384903337658426,39.90075657935425,1,1,69.776210181643
23,6,0,22.559229677402833,0.0,2,1,42.8104870329708
8,4,1,13.625803765207499,46.19841021352444,2,0,65.04532625897218
20,1,1,7.879654152000569,13.336833686358265,2,1,52.72270652595293
13,6,0,14.308917298514382,0.0,1,0,45.71628497014722
1,5,1,22.945930389030433,90.77588774781454,2,0,76.09819698837701
6,3,0,15.102311798229476,0.0,2,0,34.16634656645524
16,1,1,0.0,113.41584468754056,1,0,94.70668799452699
3,2,1,25.261458439934714,113.92350487961605,0,1,51.3728535149873
10,4,0,2.7537675985481123,0.0,1,1,58.718868165395534
18,5,1,10.969940273115839,3.5247406632542067,1,1,41.196802150196
3,1,0,6.332978499835748,0.0,1,0,43.885147126414864
11,5,0,8.299989450133934,0.0,0,0,47.384815066085096
5,1,1,13.422048424913188,86.24595389668414,2,1,79.40127972299291
12,1,0,1.644882456006954,0.0,2,1,72.81877224902064
5,3,0,11.548772072552055,0.0,1,0,33.33670176502906
23,1,1,17.736712113706805,92.0656096561896,0,0,66.23750522566593
1,2,0,7.783798377062245,0.0,0,1,50.60244515921234
23,2,1,5.048574700289222,66.18100407000624,2,0,68.31069026115625
19,1,0,11.303474489221289,0.0,0,1,52.64472553227589
20,5,1,10.308292549743122,97.77826620883725,0,1,79.63339418834487
20,2,0,9.023861648327655,0.0,0,1,54.86339387938425
4,4,0,6.058269619411932,0.0,0,0,48.165460407184675
22,5,1,14.59592290593061,14.081432636766547,1,0,52.61083586062761
14,4,1,14.976317557208652,19.05115486910061,0,0,42.02981580689397
23,1,0,6.671766327717562,0.0,0,0,65.16195921604995
21,5,1,7.363731776981201,51.44263214714425,2,0,53.51665994920748
13,1,1,12.682459970028628,55.27416288033823,2,0,58.537875853316464
8,1,0,7.1751417095616645,0.0,0,0,37.89681421840855
2,6,0,12.893309913483943,0.0,1,0,51.08773968422476
2,2,0,19.340232643080313,0.0,2,0,43.84469849877063
9,4,1,11.70088659385843,9.338608492481812,2,1,39.162300460494606
19,0,0,5.931918162803792,0.0,2,0,58.2313761081264
12,4,1,13.960517486608742,23.962697164760574,1,0,46.63019271306793
11,6,1,11.11172635240192,7.776724166126088,2,1,51.931021902128386
5,4,0,11.24921481254343,0.0,2,1,50.97765583519557
13,4,0,14.376614364393944,0.0,2,0,41.53974256705038
15,5,1,15.45518701389163,69.52682184340803,0,0,74.24906471124181
23,2,1,12.177510827366522,12.557476773731704,1,0,48.500240499883745
17,2,0,11.696598416453583,0.0,0,1,48.35260645446805
14,0,1,22.317707452366953,75.8208135035017,1,0,61.49011919352499
21,4,0,18.00276999453649,0.0,1,1,25.652004069207912
10,5,0,16.167730590325842,0.0,0,0,41.0775385562264
22,5,0,12.656029729400982,0.0,1,0,37.88584747384752
8,5,1,6.971283820525131,13.126050348535534,1,1,65.15524310754506
3,0,1,17.63693192966997,13.882945167422957,0,0,34.83607689260294
10,4,1,12.721470733590106,59.483539548013454,2,1,75.44221263113351
3,5,1,9.114154930884332,16.659510466171902,2,0,52.10933079375785
2,1,0,10.784297732061527,0.0,0,0,49.6221788109657
21,3,0,7.169087168809259,0.0,0,1,38.22539820452141
19,6,1,17.286645214929308,96.29812336010207,0,1,72.4047051548041
5,2,0,15.41518541560893,0.0,1,0,37.35089429803239
20,5,1,12.908162307641755,66.31074376791288,1,0,84.70817028634602
1,3,1,11.78607213187365,69.9549777680766,0,0,64.5406225337695
6,4,0,8.596655613750785,0.0,2,1,57.34968856768967
16,4,1,1.3496367812073977,35.81172607719929,0,0,75.79331327218004
7,4,1,4.935365516699666,45.89346119253074,0,0,76.22860498314327
17,5,0,8.286773302403551,0.0,1,1,43.61957652932126
20,6,1,7.5351680899307345,43.029271268792385,2,1,78.47127977119199
1,2,0,13.446803123080326,0.0,0,0,60.34000863588783
0,6,0,16.057468709866605,0.0,1,0,45.090954786423154
22,4,1,11.357803905494823,87.8887490272572,1,0,72.95162811701155
12,4,1,19.044584675607176,7.952383255828677,1,0,35.662493262096945
12,2,0,8.085511402066848,0.0,1,0,52.305663939176824
11,2,1,11.32231436625861,20.455822802212715,2,1,53.620904819025476
10,4,1,11.74506410361202,11.727622019052513,0,1,51.17033751824665
16,2,1,17.460931644172092,20.786027728269975,1,0,37.5234213882985
13,2,1,12.529435410410892,111.96406867913961,0,0,84.42747677130399
3,5,0,12.667844572790642,0.0,1,0,54.01651339768783
15,2,1,3.725784424960393,94.43903108424055,2,0,91.59451045096922
16,4,0,7.500466453946226,0.0,2,0,45.68665138306254
2,0,0,17.479761368487914,0.0,1,0,40.1438573692661
9,0,0,1.6232886820140813,0.0,0,1,41.954689872458246
18,5,0,18.714963262153137,0.0,2,0,34.706011939829345
14,0,1,14.498322444771153,85.27857333618611,0,0,70.52861571971177
3,5,1,8.262393358181225,47.37377697849081,0,0,70.03817059319546
0,6,1,7.839755117963562,64.19833682031378,2,0,65.54682999937715
13,3,0,21.479776499241538,0.0,2,0,29.528299417316298
11,6,1,19.057029032397104,93.11253958181099,1,1,78.40519832275992
23,2,0,11.402796142282511,0.0,0,0,42.496924978670656
12,6,0,12.672958647261895,0.0,2,0,38.15007506663166
22,1,0,8.769093195448638,0.0,2,0,54.48402059505939
5,2,1,12.673919889130525,40.44369138952892,2,0,62.68641876375273
10,2,0,8.630481557153523,0.0,2,0,46.435845157959626
3,5,1,11.6072848791291,8.21591023753859,1,0,45.77949484627589
13,0,1,21.05164689882371,82.4056312507117,1,0,70.03687888789091
4,5,1,11.521929767247869,5.396753714875664,1,0,51.98144395182127
11,0,0,6.759890593631866,0.0,1,0,51.263381210166685
8,2,1,5.168139760075129,3.7177422870493304,1,1,53.13181464069842
4,4,0,12.6355887868224,0.0,2,0,40.03852964390794
2,1,1,8.195524227536048,68.4234857771666,0,0,68.01818652337593
12,3,1,13.233015709912682,81.73910411178757,0,1,71.64767732635372
22,6,0,3.902484534357269,0.0,1,1,44.189205084194434
4,5,0,15.45125067287941,0.0,0,0,34.01461126502471
9,0,1,6.699175641034974,69.21430660377614,2,1,73.14780347873015
5,4,0,12.231486296386695,0.0,2,0,53.130377775170324
19,4,1,10.308483912800142,101.39971003957493,2,1,65.65982502312175
9,0,1,20.59194481139435,98.29057981593678,1,1,69.79663903687393
23,4,1,12.857445867147637,98.82314454903455,2,1,81.48229172660447
5,3,1,21.72735974057297,101.30073572882786,0,0,81.65181430563453
1,4,0,14.8037120003121,0.0,2,0,57.5562161016259
13,2,1,19.127029611562392,66.63801455279672,0,0,60.95898678219487
15,1,1,10.956008967885396,71.42005967148933,0,0,87.01240121380678
23,5,0,13.727515247451612,0.0,2,0,47.66251621088209
20,5,0,18.09321794509478,0.0,1,1,47.03925411676687
21,1,0,16.524799742920244,0.0,1,1,33.257145653142324
15,1,0,14.654966390922844,0.0,0,0,46.903229354518
8,4,0,10.36032583606136,0.0,1,1,53.91624002113363
10,5,0,11.206117530966397,0.0,1,0,40.520272960860076
3,1,1,17.688309758016782,48.667174150468185,0,0,37.03798817185355
10,1,0,18.7295562436607,0.0,2,1,41.20841087536559
8,5,0,9.035686353601633,0.0,2,0,46.05197485354381
0,4,0,8.281205128225151,0.0,2,0,59.129058585214025
4,6,1,7.479331058648916,60.61636821081308,0,1,65.92577096191015
12,5,0,16.148503078650776,0.0,2,0,36.44111870392406
8,6,0,7.352624889687404,0.0,2,1,39.746532057926146
23,1,1,16.088017030108738,53.41258539977984,1,0,55.78331934019378
11,1,0,14.728451715605065,0.0,1,1,64.55287380280849
23,1,0,9.274540778171097,0.0,1,1,34.88716583395117
15,0,1,19.81929656925633,77.6399893081745,2,0,55.6362311565083
0,5,1,4.688705459493867,15.108534984802633,0,0,56.102601283676336
4,4,1,20.297662998792802,110.01272888690556,2,0,93.06284713865284
16,0,1,13.594429321227482,75.66137879512758,1,1,76.53830308388636
13,1,0,1.6326682167065414,0.0,0,0,66.11249451619845
7,1,1,19.959398179108067,47.29052013364151,0,0,52.503745879494495
12,2,0,16.861062521099946,0.0,0,0,30.39031165768189
21,3,0,9.85894158293481,0.0,2,1,43.5191218638207
9,2,1,7.176397173793018,109.90337762917493,1,1,86.72743703476209
1,6,0,4.154666280808074,0.0,1,0,51.763925307580806
7,1,0,24.077230809051954,0.0,1,1,34.0263328322084
22,3,1,7.3830906291907805,74.66074174078919,2,0,79.95066319176945
18,3,0,5.682057189995371,0.0,2,0,44.75901995879799
20,2,1,13.33959562175075,107.51025851828004,2,1,74.53964555338487
21,5,0,3.8105326661944243,0.0,2,1,42.31462223980987
2,6,1,7.09225800777722,22.736398029384585,0,0,58.92414373319826
6,0,0,16.974845970802342,0.0,1,0,42.266130402043096
1,3,0,14.321052974096899,0.0,1,1,52.274539035512895
0,0,0,10.068150201303089,0.0,0,0,59.32140173602863
20,3,1,12.091533364656897,31.983816206338027,2,1,46.862110529696054
22,4,0,9.787647348999982,0.0,2,0,47.358055934264016
3,2,1,11.690010953154802,0.8992617765749777,2,0,44.31987795516237
17,2,0,8.190943087201738,0.0,2,1,36.15341211199265
12,2,1,9.098803402362863,47.20443318975685,0,0,60.01716398256595
1,2,1,8.946609312272836,0.6162010499730819,0,0,60.591322445976274
21,2,1,8.370695740721226,101.64771227289188,2,1,78.81852175608277
20,2,0,17.219554982082407,0.0,2,1,34.83247003819878
13,4,1,15.850586960065264,86.96719715628353,1,0,72.34162773191724
16,0,1,7.338183658045254,105.41384694007802,0,0,93.31782700773748
9,0,1,6.028031037287145,4.11752917476913,0,1,49.181296353977864
19,3,0,11.21361678434692,0.0,0,1,47.05059865275023
10,4,1,22.776437991447732,14.266990833193374,0,0,23.49550258651418
23,1,1,6.861473981517261,11.761219247472049,0,0,58.205856288980335
1,1,1,11.193878051479798,113.47693101610943,1,0,87.5308761504025
4,4,0,12.44360206858831,0.0,1,1,52.12256143216058
23,2,1,11.45678912977425,43.76701920056371,1,0,46.21202677229063
6,5,1,9.708950628902556,82.47516513645024,1,0,73.67928035098947
7,1,0,17.77539986099277,0.0,2,1,48.493135192366445
18,0,1,14.272293114717272,26.497619264854777,0,1,48.40083763430607
4,3,1,16.229026618725378,1.6980885089803044,0,0,43.019535260954214
12,2,0,14.946899748331653,0.0,0,0,39.76547816690665
6,5,1,16.46974160902993,86.7237994953666,0,0,69.09655039272975
4,3,1,19.922029164870317,19.230873050638703,0,0,55.130252106692105
23,2,0,18.655219833941672,0.0,2,0,28.688684972477184
4,1,1,23.62401979797957,19.252066205392207,2,0,42.43680013484842
2,1,0,18.086706407035958,0.0,0,0,42.544729399192356
16,5,0,8.652766117362466,0.0,2,1,55.58259261913823
20,1,1,16.236560209029143,33.20192490168053,0,0,52.655788740147706
3,3,1,15.552175894922977,93.70045523005541,0,0,83.10446316952869
16,5,1,21.601474526160942,56.8315618708971,0,0,57.17282069843668
12,6,1,7.164207416618554,84.76294935546115,2,0,79.8920082738404
19,1,0,14.789755406964682,0.0,1,1,43.81890486041247
3,0,1,8.594648276165213,54.091071853273725,2,0,72.2983781658954
23,5,0,14.562725520500674,0.0,1,1,47.68367315456757
14,4,0,10.926266677001404,0.0,1,1,37.35451315033602
20,2,0,14.397344020954442,0.0,2,0,45.21829658760175
8,4,1,4.948309069592879,77.03321725093373,2,1,82.32827151544087
22,1,1,15.966132407779488,33.71303140238257,1,0,65.7205024416919
15,4,0,13.0302975759305,0.0,2,0,36.50650862599048
3,5,1,12.760964408859524,97.2406716860795,0,0,83.13303750358244
22,2,1,21.75114149923665,15.216271310070546,2,1,40.14170710152819
19,3,1,10.087583008660884,19.507609603433977,0,1,55.29245629038299
7,2,1,13.711327123859908,65.28573730478439,0,1,58.29296405169747
13,0,0,12.501353495196275,0.0,2,0,44.891856678531575
9,0,0,12.990195801203663,0.0,1,1,47.15924840517959
13,6,1,23.109019523213895,76.56280861385125,0,0,55.54875517083652
23,3,1,12.319035462068744,7.940884407656967,0,0,59.51416847687413
21,1,1,9.163601002558686,53.218287643498684,0,1,53.941742075385875
5,0,0,21.354513977236106,0.0,2,0,42.216841863521275
23,2,1,10.461556172805189,58.85408832042081,0,0,47.8021718858056
10,6,0,3.9741092639547233,0.0,2,0,49.78084503733128
16,2,0,8.295781467855743,0.0,2,0,52.200469668682
18,6,0,5.76706252978572,0.0,0,1,56.08737809253473
11,3,0,3.0001726684277443,0.0,2,0,51.75687761150486
10,5,0,10.184924978159328,0.0,1,1,44.919063330666184
10,5,1,11.648920173632838,46.24706848194193,1,0,66.40688323158795
20,0,0,17.902639575644532,0.0,1,0,48.28318868950434
9,0,0,15.147008060310325,0.0,0,1,53.91930157460817
6,6,0,14.919171540643333,0.0,2,0,32.73815538393092
8,6,1,7.533949974011402,118.32461320678674,2,1,88.78128843218589
4,0,1,16.424666309820573,92.50358242921351,0,0,56.68826489683147
9,4,1,18.956164181993675,103.2981014077036,0,1,65.04939723841287
2,6,1,13.9728544577308,48.83674033343548,1,0,55.2816253374028
2,6,0,14.112587681489625,0.0,1,0,50.63002567670273
17,2,0,5.676538501500106,0.0,2,0,46.611624572882846
1,5,0,17.272179038026636,0.0,2,0,38.8705383748626
13,4,0,20.904152743807096,0.0,0,0,40.676923188217216
18,6,1,13.614761995234186,101.05594216827689,0,1,74.11328026972294
17,1,0,9.028213608162575,0.0,1,0,31.820021942985694
10,4,1,11.190025720060786,69.81892727574991,1,1,64.5171921975503
4,0,0,9.897896424937061,0.0,2,0,46.115896546079604
22,2,0,10.197751734198528,0.0,1,1,50.58950103701828
20,0,1,15.239915318470295,23.788557244746325,0,0,49.482950967023875
14,3,0,13.39732055835171,0.0,2,0,47.89681205906557
2,5,1,17.019683029856843,59.48773071258576,1,0,69.60260802227448
0,4,1,13.854512723891105,31.218258191459384,1,0,63.80727976689557
7,2,1,7.679560130109086,4.902948421211573,2,1,51.950859002242204
3,2,0,9.496539880753048,0.0,1,0,38.305487827949015
20,2,1,9.185794636060717,93.58258978457768,2,0,70.44515002143451
4,5,1,11.06764961690774,113.00620940438644,1,1,76.48310806102322
6,1,0,20.973568457072943,0.0,1,0,29.622053929780627
23,0,1,21.774497958238143,47.906058184259464,1,0,55.14276852133806
19,3,1,16.18300600223293,19.560675650987335,1,1,63.99937249728356
5,5,0,12.59381898416809,0.0,1,0,46.62018717977949
9,3,1,5.191738902478026,101.9504395567971,0,1,85.85730434481462
12,1,1,13.100041528650417,114.91244747675312,0,0,92.43444842024812
15,0,0,8.049963517814733,0.0,1,0,41.93151938747138
22,6,1,20.1526094828296,25.173766102491065,0,0,56.02501042034122
20,5,1,3.969471551047553,68.78214644763041,1,0,83.64149049154749
23,1,0,13.922421666650587,0.0,1,0,44.33403930025146
0,0,0,7.628803111748156,0.0,0,0,65.64692458459274
5,0,1,11.95242407258264,9.88371408277163,1,0,57.819210117091814
13,2,0,15.330340951555282,0.0,0,0,43.098845998553266
1,5,1,17.109843443910485,45.45582635826123,1,0,56.07244090187027
8,1,1,11.696548995342093,111.14382527775723,1,1,81.08781034014397
3,5,1,15.806082750907644,86.76284525750677,1,0,71.67621125444167
22,0,0,8.687649506939488,0.0,1,1,47.23549401265554
1,5,0,13.227691923866102,0.0,2,0,41.86192429574951
3,1,0,17.011037072189325,0.0,1,0,39.67941217617502
4,6,1,13.66049739069994,48.75829516691368,1,0,51.59706223804469
3,3,0,9.35328151813347,0.0,1,0,42.97226911705154
13,1,0,10.604788162182839,0.0,2,0,33.73809713815204
8,1,0,17.078280312739697,0.0,1,1,44.65283565474646
21,5,1,6.5407769153592135,102.44393555177382,0,1,86.26322605336364
6,2,1,7.278424329962736,100.83528773698892,2,0,83.48892023136783
12,2,1,15.007943799058678,34.49627139599105,2,1,62.15720842419838
15,5,0,9.804282027291013,0.0,1,0,40.248225604311976
15,3,0,4.7347090182515545,0.0,1,0,45.52559856726054
19,4,0,18.754093335209554,0.0,0,0,28.147025108288343
4,3,0,6.501998560600462,0.0,2,0,57.98255406970298
12,0,0,11.002849933401807,0.0,2,0,51.041980781570494
19,0,1,8.90239678156451,92.96672892789037,2,0,91.05312997325122
20,0,0,10.511582572298895,0.0,1,1,59.25129763831724
14,4,0,7.576902711743299,0.0,0,0,45.54356586050638
15,3,1,15.571396188467313,2.8679228639340426,0,0,37.857469464814834
20,5,1,12.554117621534559,10.820339715419722,2,1,34.38009671346006
14,6,0,16.91826797605446,0.0,0,0,32.68148965350831
22,1,1,8.95415894229139,6.8628952260601395,2,1,47.639438198514874
3,6,0,22.665108849746055,0.0,0,0,20.380334240935362
8,6,1,2.4767560724802777,42.9215521023805,2,1,59.42248571279272
2,4,0,4.07432546038853,0.0,1,0,51.07786147008295
2,3,0,20.765424238582142,0.0,1,0,45.53515985103572
11,1,1,14.370208337231922,16.847496501329786,2,1,43.66382096588017
5,1,0,13.706930415280375,0.0,1,1,45.05829371024068
9,0,0,14.156376536590056,0.0,1,1,58.58496402669134
10,4,0,14.856036350752245,0.0,2,1,28.666821987921068
14,3,1,13.498838602169753,43.53344399629784,1,0,68.12461581693852
22,1,1,7.170477541874472,20.170158118196593,0,0,59.36935471968376
20,0,0,16.090954525363955,0.0,2,1,52.259486225064855
9,0,1,15.303391057691162,42.71731105254735,1,0,65.4434851577652
7,4,0,19.142155733699152,0.0,1,1,34.380656481150005
18,4,1,20.821205384505827,87.22127859958564,0,1,68.88489632295868
2,4,0,13.65238039821631,0.0,0,0,32.3937479425344
12,0,0,5.862254911839083,0.0,0,0,46.12670513502297
10,0,0,20.862614656010685,0.0,2,1,38.54389260225615
4,0,0,6.909250324985295,0.0,2,0,51.90129561805278
14,5,0,13.689820968361904,0.0,1,0,50.36363108144417
7,5,0,10.716330367895726,0.0,2,0,59.090351098936
4,2,0,9.846873249076037,0.0,1,0,43.63813814255344
15,0,1,15.821500607657589,90.22207262719365,2,1,83.07867168158994
4,2,0,13.222297996339828,0.0,0,0,46.56058286048482
16,5,0,14.566207456340655,0.0,2,1,32.88769665538147
3,1,1,7.9215685491831485,62.62583167966484,1,0,69.37855875827152
10,5,0,11.129625173126698,0.0,2,1,47.0233401426325
19,3,1,8.1523251007965,86.46539345728843,0,1,72.04744902512084
5,0,1,11.004642060112674,13.964128504196278,2,0,42.75920520682139
18,6,1,11.406188875662954,16.928460624803048,0,0,43.206745090675504
17,3,1,21.22152086602398,15.151824953491149,1,0,38.97752974200943
21,4,1,10.703057427656297,87.92616621003883,2,1,70.29467249806592
4,0,0,1.37200837734677,0.0,1,0,63.74565604288848
17,2,1,18.97545768660393,54.019245524261706,1,0,39.117474867545255
22,4,1,14.246296870130116,57.14776097145621,2,0,64.4948500775072
18,4,1,11.344947827233053,99.30711926053765,2,1,84.90804865819388
4,0,0,9.813923165694526,0.0,2,0,39.44626145935412
19,4,0,7.265371719715572,0.0,0,1,47.33239263277681
2,6,0,21.69024048543246,0.0,2,0,34.91098931574037
14,5,1,12.259224443300184,78.94072446852844,1,0,72.20285005892879
11,1,0,3.311244282592627,0.0,1,1,57.65447916708926
12,6,1,13.638700166426208,26.92094515572152,2,0,58.09842048351688
12,4,0,18.030858510174205,0.0,1,0,35.77549113744732
0,0,0,12.782173341767486,0.0,2,1,32.73864454114728
12,0,1,7.492032639023432,105.34020046842998,1,0,87.1959928401115
22,6,1,7.044628569876714,93.33965760399309,0,0,76.77978861915552
10,1,1,7.413405361403823,103.38360396123595,2,1,81.0314940147599
6,0,1,19.608289985234755,2.030639308641309,1,0,41.811663101076775
23,3,1,11.641679723815876,57.286971357599185,1,0,62.25652260738654
2,3,1,3.6063779266068483,31.132059218116673,0,0,65.4648461945782
11,4,0,13.92066962922232,0.0,0,1,63.96631610012247
12,4,1,12.705183927867761,32.38083867892807,2,0,61.655900211158915
11,6,1,9.755522665583344,46.717640621515876,0,1,74.3059393004506
22,5,1,6.897966219555945,49.2845539383802,0,1,70.81836581223564
10,0,1,6.680525501135623,76.08482977778965,1,1,76.90221206267468
23,0,1,17.43316907733169,36.04374628176911,2,0,57.87729261175647
1,0,0,13.237564279025488,0.0,0,0,48.22841372260921
17,2,1,14.39321832330892,43.27298431829991,1,0,65.53341355197455
14,2,1,13.2237940479006,82.38173915225993,1,0,73.72950474093268
5,6,0,13.63844352455911,0.0,2,0,33.62271913739656
5,2,1,9.658026682858795,89.63135486720769,0,0,66.89942169643014
17,0,1,10.970853227596118,40.67625023909278,2,1,64.14987575565638
15,6,1,17.824559027125215,69.1487727901015,0,0,55.93286208546477
14,1,1,19.07295083909556,91.38267506862717,1,1,77.21698947953422
1,6,0,5.889540061201248,0.0,2,0,60.99760081362743
14,5,1,10.958705834461087,77.65814982371688,2,1,71.6481089629782
23,6,1,16.196426794968325,110.39288761597052,1,0,90.37113903639431
0,5,0,21.410398661078652,0.0,1,0,39.94318551258514
11,1,1,20.90979790665375,41.94346034087884,2,0,53.159733091879254
11,4,0,8.021210925267502,0.0,2,1,49.165800665430936
21,2,1,18.37523059102913,100.49157956450777,0,1,68.82506532323598
6,4,1,12.293181510535081,74.01935776218907,0,0,63.4031529520263
11,5,1,17.22208319437869,27.51635416776399,0,1,37.70072993811596
17,3,1,15.941393404106433,39.66396455135385,2,0,50.26450096303236
1,2,0,5.6801797871761845,0.0,0,0,67.5710071095428
19,6,0,14.749869783135878,0.0,0,0,31.25317943813387
19,4,1,17.028482955846446,34.278027559320314,0,0,43.96222405068101
17,6,0,11.899223724860839,0.0,2,1,39.035901929050276
15,1,1,10.768417863466896,93.69244009250745,0,0,73.10837916255767
17,5,0,4.141680441134558,0.0,0,1,53.84124676793144
18,2,1,15.418087582754671,115.61258278896288,1,1,78.23544289309375
21,3,1,13.043741839069554,48.778941255647325,1,0,60.04951098243997
10,6,0,7.3890804264495715,0.0,0,1,42.29272823157084
10,2,0,10.370800015618,0.0,1,1,42.90158014946263
15,1,0,12.772516245638863,0.0,2,0,44.30459049504077
4,6,1,9.206821054736647,38.72755709659417,0,0,60.11274722602982
20,6,0,12.013385637549456,0.0,1,0,61.235404427167765
18,2,1,3.250336763982755,37.455486947137835,1,1,65.28365756413871
15,2,0,18.747108484259776,0.0,0,0,38.324379141628825
7,1,1,12.079546424831424,97.84619955342706,0,1,59.606816619559496
8,0,1,6.503232467548447,28.271103975032155,2,0,61.61170374896208
10,3,0,0.0,0.0,2,1,39.19931633022709
15,1,0,17.14567470516696,0.0,1,1,45.697021325508125
18,5,0,14.79045776361821,0.0,2,0,44.30697278125558
16,1,1,13.053428567345255,63.753898132314845,1,1,73.25429886039129
22,4,1,16.318240006323023,101.66243419663186,2,0,72.45182835410237
23,3,1,16.304491981483558,70.08969021193094,1,0,66.70363635876794
16,4,1,12.972190350267663,57.88637267630382,2,0,70.28860598477566
8,0,1,10.728928913710915,100.66546736466147,2,1,74.21338672357196
14,3,0,9.914292006923711,0.0,2,0,51.9488408452382
10,4,0,14.104710119525997,0.0,1,1,48.230281156681926
15,2,1,18.985156874396747,49.00913383209055,2,1,55.8861330441092
19,6,1,11.485484143420146,73.40317064031521,2,1,84.13099310604876
8,3,1,19.38238702958361,63.19700340361017,2,1,65.73746608649397
12,2,1,13.865762367262061,36.397034722094126,1,0,43.253128450732206
1,0,0,13.903454842583308,0.0,0,0,51.78674094973485
17,1,1,24.025547336619866,99.51201353329658,1,1,65.34389581201768
11,3,1,20.263391081092163,36.05758114404356,2,0,57.7908907425308
11,2,0,20.393046221941077,0.0,2,1,41.04978112055684
12,6,0,8.01193170816571,0.0,2,0,27.456519574961206
5,5,1,22.960912510781455,36.81207548825877,1,0,54.35441574033669
14,1,0,11.588916029400217,0.0,1,0,43.955617102224686
17,4,0,10.862544101232467,0.0,2,1,42.63438898572571
8,3,0,1.2037579329338044,0.0,0,0,50.65940955253696
3,0,1,13.631454122769114,92.57565707234127,2,0,82.80734752365224
9,4,0,6.583230209486802,0.0,1,1,42.36324986026508
4,3,0,14.041269142734954,0.0,1,0,52.67323131045384
8,0,0,6.192174333811542,0.0,1,1,37.88906094589446
15,3,0,20.988499188974018,0.0,1,0,40.574754222534
2,5,0,14.757869814383644,0.0,2,1,49.37322825786905
17,2,1,23.39935787874788,21.037165105189423,1,1,49.62670806533
5,2,0,6.884879842537436,0.0,0,0,50.96471767219671
21,0,0,19.745896223539877,0.0,0,0,37.54891721537574
17,1,1,2.986437914835866,114.27805283997567,0,1,88.20828857806015
6,6,1,13.04037738237147,46.7141230117865,1,0,51.13827765389848
13,4,1,8.841884400290246,92.77543873821271,0,0,74.91253522171228
2,1,1,9.760217323748215,3.724307100670856,0,0,40.80430358803221
2,3,0,9.417517910455855,0.0,2,0,38.46345549598648
22,1,0,7.426419073243355,0.0,2,1,63.48854859775767
19,3,0,5.701558466746537,0.0,2,0,36.68333520739068
3,1,0,9.787865965342652,0.0,2,0,56.17378480477093
6,4,1,12.580141986434356,112.96039729925587,0,1,74.58000919565688
4,3,0,17.818471783130093,0.0,2,0,32.568211516417904
9,4,1,13.47675198310527,87.90377336648996,0,1,66.67711398015089
6,3,1,17.83270100647193,87.06770498531287,0,0,62.32372987941706
7,2,1,4.609115640214499,32.2329432821922,2,1,69.97707773858828
12,1,1,9.83515297145629,110.46954469141664,1,0,90.50315325031758
4,1,1,15.555024595682124,93.50121494455307,1,0,73.42061249943603
21,3,0,13.715953778956791,0.0,1,0,65.68609394519702
17,3,1,7.694124426704112,43.51092009581605,1,1,63.93970844701181
18,4,1,16.67034446082951,100.95057401946893,1,1,77.47543517205217
4,0,1,9.343634090237593,37.7971752755681,0,0,55.26900153488542
16,1,0,8.113182193031395,0.0,0,0,42.07158545304868
20,5,1,14.434738802484041,2.8736563638976165,2,1,40.19308238433864
4,6,1,12.03084682667118,74.30250568228792,1,0,78.1950333953014
18,6,0,9.385438324856949,0.0,2,1,52.060627906365745
8,2,1,9.215657373764476,86.24798079933866,1,1,88.13908245764229
18,0,0,6.651016000966509,0.0,2,1,43.942571189469824
11,1,0,10.021258769705677,0.0,0,0,51.69906556503205
19,0,1,17.500047177437178,104.72430130864312,2,1,80.09753309894035
3,6,1,13.222752314940822,44.170784820464974,1,0,63.35518964657861
9,6,0,16.792970403886727,0.0,2,1,34.65541858252711
6,5,0,14.580342688373507,0.0,0,1,35.02586198895765
5,5,0,8.938768965140902,0.0,1,0,52.16209109751982
7,2,1,3.754293626078784,41.18837327445628,1,0,73.39522393300982
9,3,0,7.3657281764810225,0.0,2,1,44.16096892740334
3,5,1,8.643820944512402,7.585014342781093,2,0,55.611979792409294
16,5,0,8.2570856485417,0.0,1,0,57.989327571577604
13,3,1,16.9050996342986,64.80486444906123,0,0,61.26324063728104
19,5,0,16.85294233424851,0.0,0,1,30.007145111883048
16,2,0,23.059398201383225,0.0,0,0,26.042156662003286
3,2,0,8.181394144038073,0.0,0,0,43.04270302762937
1,5,1,19.987241530322073,102.03659519719061,2,0,71.1549043547255
10,2,1,19.95633602832065,96.09857364396926,1,1,72.38032142420711
11,5,0,10.83868120980568,0.0,0,0,46.202509068984696
5,3,0,14.367776984701173,0.0,1,0,41.32689076675376
18,2,1,18.203666245706053,22.84264538495527,1,1,53.865872721549565
13,1,0,11.705376886688695,0.0,0,0,39.54950950865887
17,4,0,11.318041113926787,0.0,1,1,56.06296225678023
2,3,0,8.86331289441274,0.0,1,0,55.42987662812601
19,2,1,0.19980740668485097,28.294508792776366,1,1,71.67768912900341
4,5,0,12.352358082442395,0.0,0,0,39.84207167387771
10,0,0,8.450653362732869,0.0,1,1,47.30809101275192
10,0,0,6.623256881915862,0.0,2,1,55.484142016849724
19,6,1,14.110958250721573,90.31292322431638,1,1,73.72144312023674
6,4,1,4.74343879589451,20.845844213398458,2,0,52.90809502413266
5,3,1,16.03039945640309,20.884587853794166,2,0,43.571185117977805
8,0,0,14.417996576302606,0.0,1,1,37.94113583714356
8,4,0,9.99903394151374,0.0,1,0,37.71327916505315
4,3,0,11.683448735777704,0.0,1,0,68.61607151163227
4,4,1,6.0488945292287895,8.702229491934803,1,0,37.58811102336852
5,0,0,15.75169301682688,0.0,0,0,34.552321170372906
11,3,1,12.936821205256328,81.01995542946777,2,0,77.77571382755136
8,4,0,13.309249772947721,0.0,1,0,38.901393892505546
9,2,0,14.50945189836565,0.0,0,1,40.5787409625497
17,0,0,8.78792293054138,0.0,2,0,51.13117425080758
5,6,1,4.40470862539533,91.124679139009,2,0,91.62870258848507
21,4,1,16.786591874563154,46.942042604355734,1,0,55.81308713834952
18,4,1,15.443592068062038,30.17131140648873,2,1,60.58130981035789
4,5,0,9.323205983645327,0.0,2,1,33.96207400525397
7,4,1,14.045550995650201,116.38371312889201,2,0,79.6500449052115
4,0,1,18.28986719358975,44.71678039775432,2,0,59.97753067320282
6,3,0,17.6935040154197,0.0,0,0,56.630721742608394
8,6,1,9.177205817840022,30.380299161575152,0,1,50.568205423569154
3,2,1,4.556194772828744,12.665371202268014,1,0,46.656386262998275
0,6,0,5.413924302016232,0.0,2,0,53.400077133855135
10,0,0,10.441369935224444,0.0,2,0,47.07235124950072
16,2,0,19.311585666435793,0.0,1,0,33.80326760746333
7,2,1,8.35777293929316,69.83067004596725,0,0,63.02101109193009
20,4,0,9.018360734953223,0.0,2,1,43.674169977253726
8,1,0,8.91544450940841,0.0,1,0,52.03754335224832
21,1,1,9.341346018556663,14.042506673340721,2,1,49.7761927189974
5,4,0,11.943865779566863,0.0,0,0,54.814206053688515
12,1,0,5.599749127241222,0.0,2,0,49.43202274876126
18,6,0,17.421799781634757,0.0,0,1,45.87459999148698
1,6,1,11.275894609951767,102.5254518554394,2,0,84.09098318763286
22,2,0,24.395672873626676,0.0,2,0,32.25412316868353
8,3,0,6.1321450072499255,0.0,2,1,56.759225980603645
11,2,1,19.949330859124544,69.0655904648452,2,1,53.47521031515473
15,2,0,18.956726989932434,0.0,2,1,35.406054923795224
15,4,1,9.941579955771756,36.90768675333105,0,0,56.653295185023396
0,2,0,10.024696932440662,0.0,0,0,50.03255195545785
20,1,1,7.393510919350517,30.498139634548696,0,0,64.8061617512117
14,1,1,7.450892873802225,4.710974582679532,0,1,44.16668999348909
23,6,1,11.996970251125708,70.21691753062302,1,0,62.329578941614805
11,1,0,12.103479921231806,0.0,0,0,45.94581000149741
14,2,0,3.9882236652941767,0.0,0,0,39.508232121302505
10,4,1,23.467526616629318,119.617535507757,1,1,86.15480246274684
21,0,0,10.702415714184689,0.0,1,1,44.64741604128546
19,1,0,12.328061386085942,0.0,1,1,35.78122796879595
21,1,1,8.86881283293279,105.1514180981348,2,1,75.19333971894795
12,6,1,10.66495230454083,15.631399086485743,1,0,54.44410346482838
18,6,1,10.210609443778958,110.11473984973408,1,0,87.6602671397036
8,5,1,11.985347870873698,80.63530335410506,0,1,67.48660207645136
11,1,1,11.927050447859427,63.37954859086356,2,0,66.73021659665778
18,4,0,16.02433174270535,0.0,1,1,33.14688756237854
1,4,0,13.13609968549388,0.0,0,1,42.42380099680346
17,6,1,15.521415101997516,99.11454838961161,0,0,89.0772976063513
0,1,1,11.950945890972829,6.900545790231689,0,0,64.89892042534589
13,5,0,13.156262775529454,0.0,0,0,42.78090894920856
11,1,0,10.793471586583642,0.0,2,1,49.819961070742764
11,3,0,17.015558671688243,0.0,2,0,44.52623756414768
11,6,1,13.613112147579622,6.540559768821215,0,0,32.63042412812576
11,0,1,11.209625727435496,89.1185904437609,0,1,68.02495872882015
9,1,0,11.060449327243397,0.0,0,0,27.626511381001112
10,5,0,11.453803293765015,0.0,2,1,49.42954573617342
13,0,1,12.152219618385159,107.07400383454706,1,0,98.31719776983131
18,4,0,11.718194493905399,0.0,2,0,54.15213683623542
13,3,0,9.2057917239432,0.0,0,0,47.9913619069263
15,2,0,15.824502776341305,0.0,0,0,41.568531500506566
20,6,1,16.14037996274085,28.56593146271419,1,1,49.26682052724253
23,5,1,20.919284189503735,82.82906295835832,2,0,75.73208826912854
2,2,0,8.981851446776194,0.0,2,0,49.53977746907897
17,0,0,15.332193625760528,0.0,1,1,43.23392609462594
5,0,1,2.4543134185865885,1.3405972388469367,0,1,44.6795334494461
4,0,1,16.14521532510944,99.17760909639408,0,0,81.60460315443505
19,6,0,4.717089424964075,0.0,1,1,50.02645403708728
1,4,0,7.078344482138573,0.0,1,0,52.51307445943729
20,4,1,13.661126645079094,69.87687938746973,0,0,76.52061963688207
18,1,0,8.892504822888439,0.0,2,1,34.806961630139014
23,5,0,8.208232449985449,0.0,2,0,46.06854036050771
16,5,1,9.57591988750827,35.94750773464917,0,0,56.39596023803548
20,5,0,15.648129959592627,0.0,1,1,38.25148260304561
2,3,0,7.335548017911282,0.0,1,0,40.19644402534153
21,4,1,11.729225678887321,110.72791183990778,2,1,78.5512188729053
3,3,0,10.106718577303317,0.0,2,0,38.127020816511916
7,2,0,16.09945385664507,0.0,0,0,48.71974061836474
3,4,1,16.239608770414215,115.70105062427302,0,0,85.52300493914113
9,2,0,2.8235910128194366,0.0,2,1,55.205755664738525
17,6,1,17.225547093821575,108.82755281054577,1,1,63.89339072660646
6,5,1,8.946220467705944,5.168899522799211,2,1,65.24288664560015
19,5,1,13.18146099298337,12.944656229510493,1,1,45.71723466163637
14,5,1,7.305456298083517,58.84492021744252,2,0,83.708405849112
15,3,0,13.855673013548916,0.0,1,0,49.90851802534794
22,6,1,24.75674476810551,52.58556960470629,2,0,51.74624336796338
10,1,0,12.635827806425166,0.0,1,1,61.236973252851314
8,3,0,9.700761411768216,0.0,0,1,51.778432998456225
23,0,0,10.839193826622294,0.0,2,1,44.50189546955691
13,2,1,4.654850213809901,41.509537521440684,1,0,62.67565206721176
14,4,1,19.24481643082229,37.948914683226924,0,0,61.14189704923736
7,3,1,13.564415537983052,84.22742871542997,1,0,69.33598714286505
5,6,1,6.755510468510766,77.81723251920792,1,0,73.80310103023032
4,4,0,6.918408549356235,0.0,0,0,44.68967924336626
5,2,1,12.076411895744132,37.11337523336888,2,1,52.28340231202733
4,2,1,16.659976966692437,0.7673059504424096,1,1,36.38484335653268
17,4,0,6.245050456315144,0.0,1,0,64.18361339528282
1,5,0,17.567046709335855,0.0,2,0,49.00697291035898
15,1,0,11.541832240215482,0.0,1,0,47.64916197827133
22,4,1,7.3487830749645155,38.61983901429335,1,0,58.257937042266335
18,4,0,9.661547867135111,0.0,2,1,42.859779502854565
9,0,1,20.74276938564855,100.56393328911179,2,1,70.67017865293244
1,6,1,5.058933317273313,50.34953852862307,1,0,82.88682437986213
20,3,0,8.340535220269267,0.0,2,1,50.65489585883244
0,1,0,16.7629179231746,0.0,0,0,47.56997627129895
16,4,0,13.082285217268174,0.0,1,1,46.13285204763644
16,4,0,8.04379590870974,0.0,1,1,41.479875939073644
4,6,0,16.823966181824115,0.0,1,0,42.36132646122986
17,0,1,17.061478665845904,52.53164346175683,2,0,51.13023088533153
4,2,0,13.656953342590405,0.0,1,0,53.637118204364455
5,1,1,8.938017062082428,45.76172312565714,1,0,57.87720952934449
19,4,1,9.70847690082821,46.87016547553755,1,1,59.06264775561784
23,3,1,13.423380326491992,41.83887121249579,1,0,65.41032680276693
6,3,1,5.440354693933102,106.47245627194624,0,0,82.32653949330286
22,6,0,18.638924405665563,0.0,0,1,38.3364192544461
21,3,1,20.50104544337919,112.75703608101605,1,1,56.96259726655827
18,2,1,10.820225750798647,42.98660102420729,0,0,58.80833961956552
3,0,0,13.780522462154034,0.0,2,0,48.72991512457547
7,2,0,17.92901021424663,0.0,2,0,35.64558128937968
16,6,1,21.777804192838445,46.59320864710328,1,1,58.3596166366967
23,3,1,19.784906677453492,73.99737865214726,1,0,64.94189462293986
19,6,0,3.3223124332060365,0.0,0,0,61.044827049473106
10,3,1,10.422231558362405,101.54376570311632,2,1,76.32268841936707
5,3,0,14.503441257416096,0.0,0,0,41.46484753019844
23,3,1,9.528913515490341,85.99825534950476,1,0,65.7190168213549
6,3,1,20.913833725201822,47.09216941264705,1,0,54.01458907724292
8,0,0,20.14687586401316,0.0,2,1,35.51006444103576
23,0,1,7.920349293706351,20.42201240995372,0,0,63.492364087858945
13,3,0,11.187999900471382,0.0,0,0,41.05171819079903
6,4,1,8.252229319051814,64.88792111025093,2,0,67.71915824428268
0,3,1,11.024357779469153,25.840642176776093,1,1,49.82329714413018
10,3,1,10.872838253333084,87.44711314357951,1,0,77.1255353389199
23,2,0,16.771289573734293,0.0,2,0,57.49108661278876
10,4,0,7.557676681330827,0.0,0,1,20.972129739559325
16,4,1,0.0,81.08440196902309,0,0,82.99696184992277
6,0,1,3.977284588825901,60.095932550179995,2,0,82.24686665290909
18,3,0,6.858491936466351,0.0,0,1,45.396816663937145
18,4,1,8.721542055014641,29.69827294363149,1,0,62.63313559682412
14,5,1,12.935872003076067,14.790734100073406,1,0,59.247063461852086
18,2,1,6.601030472355703,2.772741818203106,0,1,48.480239356402706
13,6,0,5.944497048700341,0.0,2,0,45.02383990572012
9,4,0,7.3527629117394495,0.0,2,0,56.60109477243246
17,3,0,6.421729994201094,0.0,0,1,53.825585467426585
20,4,0,9.227531278521774,0.0,2,1,47.119019974161404
20,6,0,9.013563020524671,0.0,2,1,52.679131616388275
5,1,0,15.445284084869053,0.0,1,0,50.326426486872705
16,1,0,7.052353074651887,0.0,2,1,48.93395775047439
0,3,0,10.212016858351143,0.0,0,0,49.274048792686266
13,0,1,9.274886600416156,10.740639094157771,0,0,55.519056163950246
13,5,0,16.044424880187837,0.0,2,0,38.46951808994983
8,6,0,11.228603619911478,0.0,1,0,55.52089365626751
23,4,1,17.25348361699597,69.06023415955535,0,0,57.12104128718313
21,6,1,6.238149119975956,39.57461499476342,2,0,62.81059499946639
0,0,1,11.7531669578259,32.719475422120595,1,0,63.18932213206709
5,4,0,9.120544914850338,0.0,2,1,39.252130482607924
4,3,0,5.869769510571981,0.0,2,0,57.27481701917582
21,1,1,11.662444795074713,16.550988994149684,0,1,52.98524204589336
12,2,1,20.664638791176117,43.13515972640062,2,0,64.16702447021774
17,3,0,7.7354559853693345,0.0,1,1,53.71391489406224
19,4,1,11.362725090811168,50.608224120695894,1,0,62.32049449961198
18,1,1,5.438841902037244,74.84564836474105,0,1,78.69774253682907
2,4,1,4.703861140479954,72.37775198991673,0,0,78.70930716050466
3,6,1,8.063738353285494,83.7947862498223,0,0,94.06341427992146
9,0,1,9.750084941854096,18.802208473689838,0,0,54.458229709328506
8,6,0,9.97208479534425,0.0,1,1,45.9183802093881
17,4,1,10.869874924603868,94.89717596741443,2,0,77.95435934432734
3,2,1,3.7583367964831513,26.0583167529144,0,0,62.62458911827051
8,5,0,8.870268942465138,0.0,2,0,38.82928523282973
5,4,0,14.508792367018374,0.0,2,0,40.330852654628686
4,5,0,5.208774635527312,0.0,2,0,42.7358993895389
4,0,0,10.224271525774645,0.0,2,0,39.76886703406784
4,0,1,13.46421879969034,108.28827179811353,0,0,88.56232140606751
13,4,0,8.088665389881651,0.0,0,0,48.739236919716305
9,2,1,13.707621980804237,117.91952314068811,2,1,79.37088262476924
10,1,1,4.394368603074844,34.24950755863498,1,1,62.26958372685631
11,2,1,16.442247864661027,87.07836189018965,0,1,70.35520670119955
17,5,1,13.829003665468479,45.200293440260296,2,1,60.1784377642002
20,1,1,12.278327017547337,100.39052830487033,0,1,68.25718860227927
12,6,1,17.624090131529204,55.48879109083182,0,0,51.59171537914108
15,2,0,10.353254703816926,0.0,2,0,35.185711152565446
17,1,1,8.910719437690439,90.47263502058111,2,1,72.34009393023219
16,0,0,18.86272142048623,0.0,1,0,34.12804680754975
3,6,0,21.203829011173973,0.0,1,0,29.76056676273791
23,0,1,8.532811469411186,31.184126287309226,1,0,65.2035242746126
3,2,0,11.431283814460924,0.0,0,0,60.57456325020088
9,4,0,17.225212716307272,0.0,1,1,47.82448284629235
15,3,1,11.609274990946139,16.610206770847785,0,0,47.00295933557769
9,1,1,14.972942543689918,24.487741929500825,2,1,53.27385405518238
5,0,1,15.902017987441912,12.81772634892327,2,0,46.233286041527315
22,4,1,9.18847712221728,24.160535822249013,0,0,51.23484437067753
1,3,1,14.096373317001296,34.82850938627506,1,0,66.51061581377047
5,0,1,11.969036527450315,100.51523181302524,0,0,96.66280664938542
23,1,1,5.915657033031189,11.421870119143644,0,1,42.50505440932573
17,3,0,7.0517367678579985,0.0,1,0,60.88074860522284
2,1,1,8.737915378018156,116.63161577123401,2,0,84.10288368654636
18,2,1,16.64259925401302,33.808808209576725,2,1,51.42045848877405
23,0,0,16.80679081156664,0.0,0,0,43.81598796791798
2,5,0,15.749564591608088,0.0,2,0,54.78160919165589
9,4,1,14.200553516328089,24.6827199428807,1,1,54.52850353983194
11,5,1,14.064131535782199,87.7891654724098,1,1,77.77456205203498
3,0,1,13.38780224777415,69.59985595067613,1,0,75.47664294271112
4,2,0,14.03798527710817,0.0,2,0,51.858740035214744
4,1,1,14.376812918321011,107.51787751572208,1,0,85.21888276698652
4,4,1,4.9778891713630955,36.263123050717695,1,0,71.84851610320501
9,5,1,8.048764270278808,18.749678012565326,1,1,50.34025010305838
11,1,0,6.855391877589787,0.0,0,1,35.639838912097034
5,5,1,17.535725038270044,12.349079641403677,1,0,59.89358287495092
6,4,0,20.270500517918066,0.0,0,0,30.48211815512017
4,5,0,1.1547603979391248,0.0,2,0,49.805426457480756
19,0,1,19.824073059358305,38.31179008762192,0,0,49.89764956189088
5,6,0,12.433606867657648,0.0,1,0,41.02200399899075
21,3,0,17.06359909579351,0.0,0,1,35.539942922062906
12,1,0,14.532335772924482,0.0,1,1,47.082809171548035
19,1,0,19.201975267999604,0.0,0,0,43.43224845146842
15,6,0,13.048712166787482,0.0,0,0,49.52052595901438
6,6,1,5.182727705935417,46.1879618222631,0,1,71.47720338254598
14,0,1,11.47162558113395,113.39624105081775,2,0,82.17793120096692
6,3,1,14.578280230534029,92.98160467980205,2,0,72.53432987192348
2,5,0,10.920194492328207,0.0,2,0,55.21739084080876
6,4,0,15.288658610763353,0.0,0,0,38.59799170467225
6,1,1,11.67151305679778,58.58114078092311,1,1,61.836179160582596
3,2,1,9.02245340442565,101.34282027456109,2,0,90.68800511549246
0,2,0,6.570108083442296,0.0,1,0,49.595242827784524
22,2,1,10.040923087333278,85.26516351493555,2,0,72.7695364519572
12,6,0,13.022858248501636,0.0,0,0,40.616780756322655
9,1,1,2.2030409787202476,8.779805429391674,1,0,65.30172736063254
22,4,0,8.099617946424884,0.0,0,1,53.20849540129666
5,6,0,2.016539776128008,0.0,2,0,55.27905369381918
9,5,0,8.914625730109801,0.0,0,1,38.5375854055245
20,5,0,17.98657367143612,0.0,0,1,42.5370454650368
15,1,1,6.069418091355822,52.202614887214686,2,1,66.71302189018765
9,0,1,15.515798729306647,71.70499478609301,0,1,60.384544294159255
6,5,1,26.2441256365616,71.50561684539258,0,0,54.218909910516224
0,5,0,19.26769065628675,0.0,2,0,45.15510286792374
2,5,1,12.667566901956059,27.140503298688856,0,1,64.3045045654952
3,2,0,16.292172278982413,0.0,1,0,33.50699430276326
18,3,0,5.151585987816041,0.0,1,0,43.42858208849138
15,0,1,4.1329267329472295,53.35413444308939,1,0,75.92068559405648
10,2,1,12.143490545396968,104.93900236140318,1,0,78.74031480050756
18,3,0,13.993052817342058,0.0,2,1,48.227573915362484
3,0,0,17.472021421246204,0.0,2,0,37.641238696831856
5,0,1,9.156189292993425,57.82066878954119,2,0,72.52823878466596
9,0,1,12.96697742180823,82.63469716340028,2,0,62.5587116242489
22,1,0,12.795557782764872,0.0,1,0,49.1581906901016
14,6,1,11.343029472117665,52.90808990478933,0,1,47.64950948224343
20,4,1,11.637625619329993,90.88793499115656,0,1,84.9032806201096
5,6,0,7.726477486802198,0.0,1,0,48.546664223998974
20,1,1,13.398537041924815,94.74534554518802,2,1,80.97190090359916
1,4,1,12.975249900975392,2.946719865095102,1,0,47.54811805736004
5,6,1,9.799941170219824,0.02275842218931512,2,0,33.521237319858535
12,2,0,15.328871330117837,0.0,1,0,53.67152322254343
1,4,1,17.13915794216148,87.51760948221347,1,0,74.59572491298879
20,4,1,15.386881479877314,114.97584386044916,0,0,88.98266893350137
20,5,1,6.787783399696378,35.09788728419632,2,1,55.46030038330023
12,6,1,12.498228834309959,94.55619032581498,2,0,80.02228724840533
7,4,0,7.442842185682738,0.0,1,1,38.56654259699854
2,4,0,12.482773731499167,0.0,2,0,46.207594562667424
14,6,1,7.46231651490043,83.0433496441794,0,0,70.57879795578152
12,4,1,18.38581668677393,16.5969590900726,1,1,86.15816418737825
18,2,1,15.91665734509921,81.71312874291124,2,0,75.70754157452856
14,4,1,17.764946526711945,72.53804338052903,1,0,76.82323781357506
3,3,1,17.258610450977482,40.04065110184852,2,0,53.210644574173855
2,1,0,10.647001442131675,0.0,1,0,49.674431712863026
18,3,0,9.871951282362872,0.0,1,0,54.34518296807359
3,4,1,20.708619143500766,17.03357939522277,1,1,35.81279910797697
22,6,0,11.174401749137925,0.0,2,0,40.679834488372904
2,4,0,5.227096787640004,0.0,0,1,58.59835077923363
17,1,1,17.037333668329126,116.61557176986165,1,1,80.44116776575477
23,6,0,12.718878341318604,0.0,2,1,38.84360087719394
10,4,1,19.52972061989491,36.585383870582845,0,0,47.13332321001723
1,2,0,13.214848389904244,0.0,1,0,34.64833341745909
21,5,0,11.899992563266435,0.0,1,0,29.805246306957184
4,2,0,19.630604043873447,0.0,0,0,25.726470849711717
12,2,0,4.307668274815064,0.0,0,0,51.91949341191741
23,5,1,9.073188476984964,45.19014654222025,0,1,68.93093118792288
17,6,1,7.563185140723959,11.813799946059525,0,1,73.23576067293848
1,3,0,1.024601107133579,0.0,2,0,53.849237956927354
19,2,0,16.365882140083016,0.0,0,1,31.667612630491938
3,6,1,9.212907930085304,0.361127463401294,1,0,47.528368786524545
17,1,1,16.526840208232876,56.970389217794065,1,0,67.34161183547221
14,5,1,13.94543245617302,8.306434798917767,1,1,54.99234973437083
6,4,0,15.03571233313842,0.0,2,1,50.43638146606476
10,5,1,9.723002595796762,118.23414985462333,2,0,93.18574910406241
2,2,0,8.178759280074757,0.0,0,0,49.21934351459245
23,5,1,12.448804376098604,91.68452111180719,0,1,83.0250309352428
5,0,0,16.595840916540844,0.0,1,0,32.2447599802939
7,5,0,11.74808997258129,0.0,2,0,29.536169732031645
12,0,1,8.490318386838538,100.30904541924806,2,0,100.06193237408269
16,4,1,6.004909543008207,56.54259953361289,1,0,69.60982190324103
12,1,1,13.020815076619135,11.79839686740188,2,0,52.98397213136771
12,6,0,9.229662325357312,0.0,0,0,25.202305768201906
13,5,0,11.6412970630513,0.0,2,1,58.0461550310228
20,0,0,10.806106088756703,0.0,2,1,55.602038937264695
9,6,0,9.777845126577274,0.0,2,0,34.65288110994429
19,1,0,13.469017803797561,0.0,2,1,41.686331525138634
18,3,0,14.772520420720536,0.0,2,1,45.311806493575226
23,0,0,21.82639472325392,0.0,0,0,27.428614684488558
21,0,0,15.789838573422559,0.0,2,0,46.27818686407299
19,1,0,19.9684116473707,0.0,0,1,47.39027608006501
5,3,1,7.906998142991316,71.6700636898291,1,0,76.35254903149462
18,3,1,3.9952761463648816,28.698036854220767,0,0,49.31829231889367
17,5,0,11.92784872139921,0.0,0,0,37.163920451371965
6,1,1,16.290136220745495,74.83562390955355,0,1,67.1699812773306
16,5,1,15.505808590797148,78.78871277289839,1,0,68.174833535987
6,0,0,18.056907861632872,0.0,0,0,38.720411930531625
12,2,0,0.0,0.0,2,0,52.882784353727835
19,1,1,18.264884474421038,97.99700031909764,1,1,60.25494382162721
4,0,0,13.677313132148202,0.0,1,0,50.503387247709654
8,4,0,4.279933274374936,0.0,2,0,56.594097211726414
19,6,0,15.617644233644029,0.0,2,0,46.684874316615435
10,4,0,12.847412884164816,0.0,2,1,48.159792844717
23,5,0,13.906146492890255,0.0,1,1,41.602200412085224
0,4,0,16.995545751576806,0.0,0,0,36.546995067172574
17,0,0,14.151376842153578,0.0,2,1,35.5379926098133
19,2,0,4.6358745076515735,0.0,1,1,63.63470715495652
22,5,0,11.284868651085455,0.0,0,0,45.80803603667647
3,0,1,3.9117741457455413,71.58307373799788,1,0,63.64002039722462
23,0,0,15.245309402794462,0.0,0,1,42.570041267898716
9,5,0,18.989851207920196,0.0,0,1,23.134045038937856
8,0,1,5.792740187238372,34.13135349417043,1,1,64.29585682588628
8,6,0,8.642681197337948,0.0,2,1,49.229689750849296
15,5,0,7.588153394389158,0.0,0,0,44.594115032698355
15,4,1,9.730473640308315,111.43546257422571,0,0,78.70211580388715
11,3,0,14.06211579099434,0.0,2,0,48.249716222586
1,0,0,9.784654389494206,0.0,2,0,46.50814370437702
23,2,0,15.262650863495125,0.0,0,1,27.256304643538385
5,5,0,17.326898850379877,0.0,1,1,50.76959561028558
2,6,1,17.508796306646385,88.85710338416472,0,0,64.57431069751776
14,3,1,6.4090945231517615,32.126573229269894,2,1,50.57158899126033
9,5,1,18.929644722363616,105.34466100150385,1,1,87.59631038395895
14,5,1,19.330361424381195,71.94581544635044,0,0,73.1934079202227
21,0,1,19.763399656185843,88.873404461128,0,1,66.93090176871236
2,4,0,11.210925901411521,0.0,2,0,36.01137224181279
6,4,1,8.240787633448612,18.889264261682982,1,1,47.74084325637924
12,3,1,7.0787940425995775,33.222196208966984,2,1,57.46474250084682
18,5,1,6.491100567125904,61.364493213084586,0,0,81.01429021671585
14,6,1,12.058452033324343,49.99501153436719,2,0,73.21143813544514
9,3,0,16.239259282452124,0.0,0,1,43.33642561039904
14,2,0,18.532792204936722,0.0,0,0,45.37471384239041
23,6,1,9.572214418188244,9.605807153513801,2,0,49.029342029491076
11,6,0,11.806558664598557,0.0,1,1,38.572161803067395
21,4,1,11.47906223299277,20.127867893541584,1,0,40.85671599751001
18,4,1,8.823598750674305,48.810073942816786,2,0,67.60798926110401
7,0,0,15.678747648803096,0.0,1,1,49.659990082220446
5,2,1,13.814241233116128,119.21014461612654,1,0,81.58695294243871
18,1,0,12.70911587559803,0.0,0,0,54.332886900014046
4,3,0,13.791527195979624,0.0,2,1,40.88728928667183
8,5,0,15.077256239787419,0.0,1,0,43.608178475180075
5,1,1,15.02718509565194,32.64596487603225,2,0,52.635773248945455
14,6,0,7.807550219390714,0.0,1,0,58.64566328320374
7,0,1,16.48164274371473,70.01868579388567,0,0,70.2625862738873
15,0,1,13.276830588402797,102.58729185968554,0,0,79.8171440166768
22,6,0,9.826919025098675,0.0,0,1,47.75129096221389
19,0,0,13.171148457230851,0.0,2,0,34.951911823711185
22,5,0,13.722387383625266,0.0,0,1,26.154548048608223
0,5,1,17.40891833582062,2.686535361471032,1,0,37.76125829114262
10,2,1,6.769221857574099,59.941130601364215,0,1,69.01192347531723
5,0,1,18.624921768270966,48.17113259630125,2,0,61.21010016333335
22,2,0,12.115831781549137,0.0,2,0,44.0024466195128
17,0,0,9.469233746257007,0.0,2,1,43.67091975091454
7,4,0,9.316209500714326,0.0,2,0,23.96651977790961
13,6,0,6.993161208287102,0.0,1,0,53.622968001630994
14,6,0,3.2954255812162856,0.0,0,1,54.051825382473176
11,5,1,15.386999401796018,69.62677537569007,0,0,73.57049679399393
11,5,1,21.90443200210982,103.29583667199817,1,0,73.84809619910772
1,6,1,3.9119232558209234,74.62955227841769,2,0,87.16570493832715
10,5,0,7.247860420348208,0.0,0,0,44.79744876467465
8,4,0,15.757915945726666,0.0,1,0,42.06920271965178
19,6,0,11.771815456642885,0.0,2,1,47.50661064212624
20,2,0,16.172096211375745,0.0,2,1,47.34141467241668
18,2,0,11.491397384255817,0.0,1,0,49.13817443528317
0,6,1,9.096862503668111,70.20186832886729,1,0,76.11387393413719
20,2,1,10.870789446634344,117.04372366083693,0,1,89.41909958181017
9,2,1,0.08955288872018485,89.78199068609307,0,0,84.81042571349401
9,1,1,6.282578271757675,82.07125078014752,0,0,85.90897990358589
22,1,0,16.741396871093507,0.0,2,1,28.212392274447364
20,4,0,17.959499220894223,0.0,0,1,35.599158321963635
1,6,0,19.030830275461582,0.0,2,0,52.51007052791757
8,0,1,14.204346732240165,79.30574764520779,0,1,66.01284877190275
17,4,1,0.7196556285686491,84.50276216498575,0,0,83.37502136865345
12,5,0,8.824967354064292,0.0,0,0,59.04244678819022
6,6,0,18.62327838274316,0.0,2,0,39.09259569975565
12,5,0,20.11527119341777,0.0,0,0,32.236724413035695
20,1,0,18.813238715036217,0.0,1,1,49.53629333038853
5,3,1,10.818737676151002,84.33976474614119,2,0,73.54920255486145
17,6,1,5.4671206671271735,116.49431294922645,1,1,89.63095421187373
17,6,1,11.79684205020759,63.00269577738608,1,0,51.7705552064386
21,4,0,12.074035091151313,0.0,2,1,44.322044826248415
7,6,0,19.827824100457264,0.0,0,0,44.60150390093235
5,4,0,13.138956500611057,0.0,0,0,41.0420166020182
13,0,0,12.083405894403857,0.0,0,0,35.08247373217384
12,6,1,12.367475740717294,24.98126764442337,0,0,50.005774370264234
9,1,0,13.999294148813432,0.0,2,1,38.87890603085496
18,2,1,15.132200430307842,1.8696072667559882,0,1,41.51951804579965
19,1,0,8.377312829910021,0.0,0,1,44.15734136801955
5,5,1,6.711898026872157,45.261314682025585,2,0,78.78859451301165
19,0,0,18.852792607023492,0.0,2,1,42.33658496853394
5,4,0,3.7947935278215823,0.0,0,0,38.04245413625246
9,6,0,20.188737296023863,0.0,1,1,39.42096203778183
0,5,1,2.446606513731501,39.745840096787724,2,0,66.63412913777017
8,2,1,9.077294335844895,111.11121379398875,1,1,96.18288830850479
23,6,1,16.859269852917237,70.70404283613468,2,1,65.01089947324628
10,2,1,12.001709445391368,49.73533187658066,0,1,61.328077719613354
17,4,1,5.417615981190796,88.06626279220191,2,1,96.39307957617164
2,3,0,14.13214077062998,0.0,1,0,35.143748050039434
15,0,1,12.335021709002406,16.6299031165585,0,0,57.33392271724169
8,0,0,10.91975855779011,0.0,1,1,46.77531672179608
17,1,1,8.880388546085461,69.53926947675663,0,0,68.22757302498056
22,6,1,11.826970002346998,67.87739827977568,2,0,64.11059671557157
12,6,1,9.090391940238224,88.57749364387125,2,0,89.59662528294099
2,2,0,24.17266334424579,0.0,0,0,39.38431890870915
11,6,1,10.799914240916136,43.949107616947785,1,0,66.55117636975093
2,0,1,10.131215230904447,38.21865235838772,1,0,67.38974233817204
10,6,0,9.291819272561055,0.0,0,0,50.30177700042579
1,1,0,20.884754214190966,0.0,2,0,29.80428399906456
15,0,1,3.804665610522168,35.986531096764026,0,0,51.977821008697944
7,5,1,13.797162109497089,14.450195015812252,0,1,61.33698421330338
4,2,1,10.803550140617977,93.9236990592948,2,0,80.89457280298849
0,2,0,4.882999476789939,0.0,0,0,51.72770837676271
21,5,0,7.904618360684419,0.0,2,1,63.112937205654
20,2,1,13.584769969529164,101.88011673910258,1,1,71.2753544012281
19,5,0,7.678033901719561,0.0,1,1,28.669683681337663
1,1,1,13.297819641100215,91.93883588531138,1,0,62.04788543084468
8,0,1,20.645766143431757,42.04326553419169,1,1,48.951371640437195
23,2,1,12.853003386086677,74.09234492665267,0,0,71.58730744776514
13,4,0,4.732437607377522,0.0,2,0,62.347196373723015
3,1,1,7.76601869076555,33.923671493315005,1,0,67.40620498511973
3,1,1,10.57297130627369,8.27545147133224,0,0,28.943889585027286
6,5,0,10.238824405026705,0.0,0,1,69.21448342781393
23,3,1,12.760069225579592,107.69595388128684,2,0,79.2012524790878
4,3,1,13.562214710390334,33.78372986322106,1,0,65.79696625971982
21,1,0,20.652639775594295,0.0,0,1,42.845981567862616
16,0,1,11.981401674560532,64.14827208798329,0,0,67.90954563281129
22,0,0,6.23902776562045,0.0,0,0,48.11236857220349
19,4,1,17.769030651242836,36.177481836560126,2,1,44.5479581573521
7,0,1,18.31512288390512,62.56695491880399,0,1,51.94341813656466
19,1,0,13.162215470029846,0.0,0,1,43.140328084109655
4,6,0,10.76802802395519,0.0,0,0,35.28002927036176
6,2,0,15.112732012745306,0.0,2,0,56.093122957031866
5,5,1,10.94460093160235,7.6328107243141075,1,0,49.69140231930673
3,2,1,1.7214553561125783,31.557021438968103,2,0,81.40951524893487
2,6,0,14.817371414862334,0.0,2,0,39.661185671551245
4,5,1,16.461257384872887,39.61832971940944,1,0,50.973254282312304
2,3,0,19.20543615189665,0.0,1,0,44.36260475944634
9,4,0,8.346207785237176,0.0,0,1,46.24878749039932
1,2,1,13.130826579306365,55.60745389394528,2,0,71.74262079212467
1,6,1,13.238997789264914,48.60002565054027,2,0,72.92454917817416
23,2,0,12.426912798519073,0.0,0,0,53.851672770704184
2,5,1,12.574280191431077,113.66391783008382,0,0,95.63829878172609
1,4,1,12.18568007688483,36.18520715547362,1,0,64.45696842516976
0,4,0,13.058747007914082,0.0,2,1,40.16060078878085
3,2,1,15.703405169976765,13.173620070504445,1,0,56.16705646341968
12,5,0,18.10143762292158,0.0,0,0,46.09965447025879
19,5,0,8.218337896531809,0.0,1,1,43.483506379214504
17,5,1,11.138493226059088,57.043848829638094,2,1,62.12725075838644
13,5,0,9.886959400561715,0.0,0,0,46.355946452341186
2,1,1,9.171638213999707,63.178725190821694,1,0,78.66707973033816
18,6,1,3.9198429234698686,80.21062682157503,2,1,80.8732785305217
0,5,0,12.12111227926481,0.0,0,0,45.25791775642984
15,1,1,14.39660184772644,9.902163458499352,0,0,45.675265795244236
9,6,0,11.224501240505639,0.0,2,1,43.19361790152731
21,3,1,11.955210518014573,82.86887599250036,0,0,65.12858224482648
7,2,0,14.092184639545657,0.0,0,1,50.088050819719186
15,1,1,19.055598475818158,22.810817513180584,0,0,39.60002231580232
10,2,0,9.90117735238482,0.0,2,0,47.62006059915466
12,0,0,6.141939428330552,0.0,1,1,46.815628711096515
22,4,0,11.54779926503193,0.0,0,1,51.892467099142095
17,4,0,21.417806316849727,0.0,0,0,35.12971467309996
9,4,0,6.19549720785806,0.0,2,0,41.993661996922356
10,3,1,15.25067847790142,7.375366083566082,0,1,53.29530648897968
16,2,1,17.78956614642557,31.893440654405044,2,0,45.3231235172795
8,5,1,0.1723289030286992,96.34868728958925,1,1,89.82161950653011
4,6,0,14.051112618042426,0.0,0,0,53.94951500836706
11,0,1,15.017053185365475,39.488911287411895,1,1,50.96638378080281
1,2,0,10.663323993100729,0.0,0,0,45.641222182841545
4,6,0,8.767807194551414,0.0,0,0,44.53630573394461
10,6,1,9.0466882373801,28.921235980153185,1,1,58.93667848182912
19,6,1,10.357157520621893,99.40716288850977,1,1,80.95905434219297
18,1,0,10.489519841561115,0.0,1,1,53.971579920543086
6,3,1,9.546114786216163,32.878673607788336,1,0,53.90488891354664
10,0,1,10.27762373658777,49.101171848212935,2,1,74.15679132147751
3,6,0,17.95395911923314,0.0,0,0,53.474157397942705
18,3,0,5.9278561054243255,0.0,2,1,52.310072817290454
5,1,1,3.254707883642048,22.227521742053746,0,0,53.854708076489096
19,0,0,18.033925536171576,0.0,0,1,40.2439883735314
20,5,1,11.03991120329709,7.2526541973791225,1,0,47.70746776977933
16,5,0,10.05883853758732,0.0,1,0,61.131862879210686
7,6,0,11.443914381336654,0.0,2,1,45.01950840732503
22,6,1,13.046383503895633,17.542449948088294,1,1,61.76513009865578
16,5,0,9.379743864408171,0.0,2,1,48.38781855048353
15,5,0,14.529655638236514,0.0,2,0,43.74292746036624
20,5,0,7.188687130955518,0.0,1,1,46.41387106282994
21,6,1,10.490869110754069,84.67024035692658,0,0,74.15315029888392
1,3,1,0.9265187235762369,3.8187794116769913,2,0,62.71307945723474
21,5,1,17.861185674318875,25.087069785623306,1,0,43.646706606550154
18,5,0,11.119561517201852,0.0,1,1,53.78225131690574
4,0,1,15.350520458685793,71.63541609036872,2,1,79.31896636803944
7,4,0,14.382872921331249,0.0,1,1,38.75910531243834
18,2,0,14.74906890185661,0.0,1,1,52.86452014499496
5,0,0,11.961122357128268,0.0,2,1,53.81700500584087
10,1,1,13.941136963695874,17.315642440713084,0,1,56.861253444945085
16,0,0,7.193577936940279,0.0,2,0,44.1566376344162
15,6,1,6.144107218851337,97.93994009549922,1,0,83.40843250950596
21,5,0,11.494470332473727,0.0,1,0,44.838266111747664
2,0,0,8.601118098021171,0.0,2,0,64.84452606155196
7,4,1,19.127320866247132,0.16948645645822324,1,0,39.67696051291814
23,4,1,13.87572214653555,41.78935742573189,1,0,57.05938324343505
13,3,0,8.417593049397304,0.0,2,0,39.0824423189683
5,4,0,10.642297807472099,0.0,1,0,38.71131814567059
6,6,0,12.665032909940498,0.0,0,1,39.39478802957884
8,3,1,11.659985219255415,18.881543447772202,0,1,55.171252537453924
13,4,0,13.358730164671325,0.0,1,1,32.92053897646889
6,3,0,12.34327272231154,0.0,2,0,39.79835291919438
14,2,0,5.046716257649599,0.0,1,0,36.07472865854304
10,6,0,1.2454771624804462,0.0,0,0,65.21885234792634
14,2,0,10.131954775540045,0.0,2,0,47.74569992194063
3,5,1,14.802463525491786,41.27486581705498,0,0,60.08752602747962
14,4,1,10.188154827182105,40.17303715586214,0,1,52.19014603646313
22,4,0,18.182820567026127,0.0,1,0,49.744088906957884
3,5,1,11.765566503505507,45.83962353064157,0,0,73.65590446925293
7,5,0,18.785980321259892,0.0,1,0,40.50659671258505
16,3,1,17.75951719632153,115.44473267527081,1,0,77.36507999669959
14,4,0,17.256434325872334,0.0,2,0,45.61281417077375
16,3,0,5.982441828964998,0.0,0,1,56.09242393979847
13,2,0,12.085703339866008,0.0,0,0,52.294115542941036
16,5,1,18.11386743741157,43.72781061574481,2,0,61.12476614169108
14,6,1,13.361723623790192,61.82166559794667,2,0,73.66014343594057
1,4,1,14.77179952499484,3.5738980930828346,1,0,38.89233608749265
18,5,0,5.060563474421892,0.0,2,1,58.24680849997777
10,5,0,21.593949653040333,0.0,2,0,34.09443033450401
1,2,0,8.043127987172918,0.0,1,0,28.486061783619753
9,0,0,2.0278742912490166,0.0,2,1,49.673829316873515
10,2,0,10.244371310874666,0.0,1,1,42.37327628987177
2,5,1,0.0,54.67359296771919,1,0,76.06405379424822
23,5,1,6.574374276044166,40.33348344178855,1,0,70.56114790647239
5,3,0,24.792559165522228,0.0,2,0,36.70845010790253
7,5,0,10.0997961124839,0.0,0,0,62.98926599994319
10,0,0,4.861064160101046,0.0,0,1,46.91088049692608
19,4,1,12.126489432830589,75.78426638145274,1,0,55.92160143628272
17,4,1,7.510981274840124,52.86149732351496,1,0,69.71669149349528
18,3,1,16.32259599836965,44.725458719067554,0,1,53.23701697989305
5,5,0,7.552276103069798,0.0,1,0,40.27269977261391
20,3,0,13.353668550675796,0.0,0,0,41.93679891503537
19,3,1,6.264704815637704,51.065820611374846,0,1,61.59397743785807
11,4,0,24.995140723952765,0.0,1,1,29.52557917266839
13,5,0,14.518118600136571,0.0,0,1,55.56553561676823
0,1,0,11.272471012587662,0.0,1,1,46.9766190163129
18,2,0,10.535208746843574,0.0,1,1,44.44894306225171
23,2,1,9.232000083753178,50.564760637054434,1,1,78.09298150494934
11,1,0,8.195432600962413,0.0,1,0,46.07984133690986
12,2,1,8.05801636909407,71.94334144864587,2,1,63.89272783958295
11,2,0,20.39164425230976,0.0,1,0,28.075029015851015
1,2,0,9.236930211393808,0.0,1,0,46.970487443233196
14,2,1,1.3529054668078953,57.910508446748416,0,0,61.0483425209768
17,3,1,6.170161395600528,62.01767680275057,2,0,62.390402575360966
22,4,1,16.638623099995687,106.74873201427516,0,0,76.00110619296198
22,2,1,10.738379717043316,13.10635837795287,0,0,60.0520292591479
11,5,1,11.329591999318145,71.92846154136865,2,0,81.4457904386459
23,3,1,17.849072257095465,33.85916771669986,0,0,57.84862820605801
12,5,1,8.114167054138484,4.405357314129819,0,0,50.019535220666015
15,0,1,15.16208861065452,52.485794366726296,0,0,56.677113784025366
14,1,0,8.660584251062037,0.0,2,1,51.178400750497524
23,3,0,14.879383183761668,0.0,2,0,57.35221998871441
17,2,0,10.044323746151708,0.0,2,0,48.09587687716911
2,3,0,10.792254125721549,0.0,0,1,42.67019454547882
1,1,0,16.10066828755639,0.0,1,0,40.858143461473595
9,3,1,15.740124038412498,1.4077374332885517,2,1,40.767070160264225
12,4,1,11.172860072977077,48.213840790106694,1,0,67.32663126381885
16,5,0,9.641881650026072,0.0,0,1,41.17710590532877
11,1,0,19.99573792240827,0.0,2,0,42.252869708067074
12,2,1,14.946654057489845,86.0311432114994,0,0,77.69886928681633
22,3,0,10.044290956710574,0.0,2,1,49.71694083988089
8,3,1,8.734578183551225,3.3434822083492355,1,1,40.49261101810637
11,5,1,17.124487534710696,47.52318605553236,2,1,56.73773993523719
13,2,0,12.577000430265796,0.0,1,0,40.72402800723648
11,4,1,11.182235024369568,75.08361134583895,2,0,71.74264800785657
23,6,0,12.57487587781297,0.0,2,0,39.6072148106027
23,2,0,13.688984373184958,0.0,1,0,53.99554829983575
12,5,1,11.716554262846142,86.90967879493775,0,0,77.54024666269645
10,2,1,18.018434334214973,9.130143757091824,0,0,30.835700321332485
14,2,1,18.296692381059934,33.03057003027988,2,0,41.28561048369018
4,4,1,14.659440596008997,70.05716509811646,2,0,77.43051276623075
10,4,0,18.873594952478136,0.0,1,0,38.460543877507696
5,3,1,12.04248384069111,91.51097117035474,0,0,74.27636439016744
3,1,0,15.451655025023076,0.0,2,0,51.66700244880683
2,0,0,17.022281594359708,0.0,1,0,40.17003858439343
14,6,1,17.09519140008305,51.40789463946252,0,0,49.75558372357817
0,6,0,16.57999573869172,0.0,1,0,32.71487911961524
15,6,0,15.155945970408423,0.0,2,0,47.895343137831134
10,3,0,21.78564057819043,0.0,2,1,53.80717909371084
8,6,0,9.301521073672545,0.0,1,0,54.27530862577029
18,3,1,11.223896062198946,119.18321977901616,2,1,84.67989826273154
12,0,1,10.92744761674933,42.94841390966717,2,0,59.47624105755345
17,1,1,10.159664276180953,13.955381296285134,1,1,52.14446003969381
17,1,0,2.056139782925319,0.0,0,1,37.1953402861149
0,2,1,18.87432402854124,52.28303110845194,0,1,58.38735338780128
5,6,1,6.8697977047686125,96.59399817584196,0,0,87.98478820913853
13,2,0,12.849074543730486,0.0,0,0,58.904245836929874
23,4,1,4.890694111625567,73.36598192487652,2,1,85.49141640021847
3,1,0,15.103578653598692,0.0,0,0,58.35652919626887
2,4,1,8.07301982029901,85.77974450129031,0,0,92.00914930467597
22,3,1,6.320190379454711,18.376999151539305,2,0,67.53334465358235
23,1,1,12.971717322408532,62.4138742034398,1,1,66.67709344987213
4,3,0,8.496327097586857,0.0,0,0,50.96178777433704
9,0,1,9.129204519568136,56.231056404551026,2,1,54.01613623130958
15,6,1,12.858948075998104,51.659282925111036,2,0,63.83638100786755
4,4,1,15.999947268172086,72.54745680381349,1,1,72.12093512179068
7,6,1,7.907997560641442,61.14542831832759,0,0,67.80761143803439
9,6,0,7.044037630042501,0.0,1,1,37.031682135877425
15,1,0,12.117418333411374,0.0,2,1,57.968484666468186
7,4,0,14.696262901290412,0.0,2,0,46.491548570314876
9,0,0,19.313775959303126,0.0,1,1,53.313861168699525
6,6,0,6.643352008531493,0.0,2,0,55.62270589288606
18,5,0,10.410164493648097,0.0,2,1,57.61941427798695
3,4,1,17.87893012537627,26.652889115602925,0,0,59.33007615321524
5,6,0,21.865472680693593,0.0,1,0,32.07224550376515
5,5,0,7.03454500345623,0.0,1,0,45.30059885977217
21,6,1,8.305940400966751,27.65643512042937,2,0,54.60797569742985
22,0,1,13.9055004730493,91.04773207825278,1,0,68.01144017012963
12,0,0,9.111284289034563,0.0,2,1,61.831929209703794
3,6,1,8.203841227450237,45.30126982359933,1,1,64.63052910599836
18,1,0,13.222353031844536,0.0,0,1,48.098182748868496
11,2,0,19.747099768698888,0.0,1,0,28.554083151518153
20,0,0,5.45258852450307,0.0,2,0,57.1866021043411
8,4,1,19.491670538897566,89.02881945205708,2,1,67.291124071863
23,5,0,9.126153907085559,0.0,1,0,57.78684820552869
19,5,1,13.728959606290992,27.240658461277462,0,1,48.06777432432432
5,4,1,19.9542536055093,119.14440820008652,0,0,91.39224341827166
17,4,0,13.62661796151056,0.0,0,1,51.62558539032412
6,3,1,10.512544759004058,52.605923609897836,0,1,61.27651877646073
8,3,0,15.590878113473696,0.0,2,1,53.870023561701274
6,3,1,11.134168988337798,59.53426314103159,1,0,76.12006728123939
16,6,0,14.606755247973071,0.0,1,1,47.23165133243455
6,1,1,10.976595008110904,97.0867852666719,2,0,72.25015965876297
15,3,0,16.305764484945193,0.0,1,0,48.356287188686295
13,4,0,5.028841537248919,0.0,2,1,51.50500717025148
18,3,1,6.93239187953162,43.577352006455975,1,1,65.10094782116643
23,0,1,4.955357875660269,69.57411770341474,0,0,75.97729207260785
0,2,0,11.717852854018302,0.0,2,0,45.38474940077532
23,4,0,4.352308905951148,0.0,2,0,44.593165042419315
2,4,0,8.540842124665904,0.0,2,0,36.04444190717552
12,5,1,6.462456977155961,53.461579766333095,0,1,54.767940236796434
8,6,1,19.39838114769412,100.07904757748771,0,0,76.90370134599408
15,4,0,7.046598239120804,0.0,0,0,29.972220327206475
17,4,1,5.567271485383289,76.58137897755512,2,0,83.1594481225765
20,2,0,13.241692668828847,0.0,2,1,48.455973626863795
9,2,1,20.4341057728083,47.961820085838944,0,0,53.01754096054641
22,5,0,11.419664603771576,0.0,0,1,54.07648605176222
7,3,0,11.806403467614679,0.0,2,0,43.47430117022106
4,5,1,18.45378730539238,36.951389392844916,1,0,56.5184907019918
9,0,0,16.39114669108223,0.0,2,1,26.22170700854024
12,0,0,14.127074923059462,0.0,0,1,25.76376346367793
16,1,0,9.088296357999033,0.0,1,1,45.846741785882
19,1,1,14.279789531433064,100.51472614863982,0,0,82.13917012408474
5,4,1,5.196079523236564,2.7845903516943826,2,1,59.4198311134382
7,4,0,8.88162225303701,0.0,0,0,46.47661011812487
22,3,1,19.15731325477625,67.34012078521984,0,1,65.21573114436411
10,2,1,18.509963423705607,12.73229281758804,0,1,50.938246234189975
5,4,0,14.18742349667688,0.0,0,0,42.627984038132276
23,0,1,2.353231393116708,89.89073561801948,1,0,89.27723785168763
10,3,0,5.958892360084249,0.0,1,1,41.20240439584556
23,1,0,8.602637856929656,0.0,2,0,34.86644037325709
22,0,1,11.141504843306414,4.098846534346503,2,0,43.250479226152855
21,1,0,5.747944247470185,0.0,0,0,56.5996487004414
13,0,0,10.76843138208884,0.0,1,1,40.69689548979707
19,3,0,20.83647619077678,0.0,2,1,43.537279227367186
23,3,0,14.004179384293364,0.0,0,0,35.58085263564959
6,4,1,13.094133144805182,37.46690069601356,2,1,52.97799600027497
0,3,1,6.912222904907559,49.35916274604457,1,0,68.68225057303466
7,1,1,3.805076066437465,68.25266468485894,0,1,70.50500998149832
15,0,1,5.859017872284809,74.32998238815733,0,0,72.34462391418978
13,4,0,3.6030542597949484,0.0,0,0,31.250250425968254
1,6,0,12.375176311207545,0.0,0,0,51.81382878463183
13,1,0,13.919429022036796,0.0,0,0,42.91566478873605
4,1,1,7.173550235903267,77.38215002765243,1,0,68.78229269664696
12,2,0,12.739596699545737,0.0,2,1,59.469162723390866
13,1,1,19.344969081161416,71.13543792321633,1,0,58.10835892886682
15,1,0,21.788486711736184,0.0,2,0,33.44490131692487
9,3,1,15.852051753746093,58.077511333736055,0,1,54.95120389565498
9,5,1,11.125797480208282,68.00631093511892,0,1,78.73173694455846
16,4,0,15.690521219381278,0.0,1,0,53.91790955757432
17,6,0,18.759049918389806,0.0,0,0,50.66390624245698
19,2,0,1.9638593110472051,0.0,1,0,64.02379841838152
8,3,0,19.41034518898208,0.0,0,0,34.69324337706582
10,2,1,9.277065897034687,72.5625762376032,1,0,86.35467864919629
7,0,1,9.325185225312548,67.31450505052418,1,0,69.53508801664964
12,2,0,10.22536013707041,0.0,2,0,34.478614935753264
3,1,1,13.600420693878776,13.632525008439353,0,0,45.47917862474813
10,3,1,6.443728731506168,106.1077220216205,1,0,89.59034219168691
4,1,1,10.575929826545241,16.44180608815125,1,0,47.135286322038624
12,5,1,14.626386032489453,17.343645261706563,0,0,50.544346610934674
20,5,0,13.092856246369964,0.0,1,0,48.81843401239689
23,6,0,13.904072571807346,0.0,0,0,47.16164883220444
10,0,1,10.380156438093852,73.41437652684708,2,1,77.63196963251293
1,0,0,15.46854976231329,0.0,0,0,41.18477267223364
5,6,1,17.282080610014276,112.11195030495256,0,0,74.5952527120296
2,5,1,16.982196560813556,93.85007856888915,0,1,62.50039540524874
18,4,1,14.138051164215678,40.19925333447397,1,1,57.05526342343232
23,2,0,16.694463043618395,0.0,0,0,37.34658688505558
13,3,0,16.355302920573653,0.0,1,0,40.96841329988541
4,3,1,25.382539533420733,73.86856221114165,2,0,43.98325368424868
0,5,1,18.090335350243542,90.19005260695293,2,0,59.94676699961635
23,3,0,11.556279316823593,0.0,2,0,49.83481463654966
7,0,1,7.4416035632656525,78.80184036762867,1,0,63.543509521624856
2,4,1,10.694298726204448,99.59625968171474,0,0,79.78297165299306
4,5,1,10.341075722000102,66.74501311874954,1,0,63.44152773869415
6,2,1,14.557112838629338,111.40174872116663,0,0,75.19029828925879
15,0,1,8.498718774053504,17.377172597032462,0,0,54.96549426328699
21,0,1,17.96088585760202,42.685031206526624,0,1,55.79953434487341
6,5,1,5.052184970523522,93.95904141389087,2,0,88.21414769276232
16,3,0,3.8373743184179183,0.0,2,1,43.11405862821631
1,3,1,11.324419960373255,53.15389287373607,1,0,57.46867211753208
0,6,0,7.787204754022442,0.0,0,0,57.75608028819548
1,0,1,5.7088307300785175,64.62838233445589,2,0,71.25581158295402
22,1,0,8.814650224975788,0.0,2,0,50.87539493525169
13,5,0,8.192570854605385,0.0,1,0,44.468980265264975
19,3,0,12.050671656171096,0.0,2,1,49.0014203038745
0,0,0,8.897646058428695,0.0,2,0,27.97188177770347
0,4,1,9.304328208749638,16.400945529736084,2,1,62.508085240511335
20,0,1,11.975671408893536,100.15927946537856,2,1,76.83290926241357
2,5,1,17.071207853677123,33.915195344166015,0,0,43.22198889569451
3,5,1,19.353727327443952,96.26958031128706,0,0,64.71139967707686
12,5,1,12.738837812420323,116.81402185193414,0,0,83.5851332596212
14,3,1,13.127715593852601,39.835368744675144,0,0,57.55704329443917
5,1,0,11.084064913520795,0.0,1,0,47.26229616892232
10,6,1,14.406243100295391,22.944095884164692,2,1,41.96421946629182
16,3,0,13.951096802920695,0.0,0,0,50.808492084616205
10,4,1,18.62923841544206,118.94161789834357,2,1,77.53198033052627
9,0,1,2.556476854222854,97.00462974444282,0,1,82.3119281560407
1,4,1,10.827511281438962,27.56409441031975,2,0,54.17527649077073
10,4,1,13.695949345638219,30.879918249732015,1,1,60.15386401904466
19,2,0,11.868580212289444,0.0,1,1,45.2339302753941
15,5,1,7.30413483951944,113.15911650959686,1,0,84.42363352300389
21,0,1,5.503166603797613,29.449388355350212,2,0,58.314803571076446
3,5,0,16.03161213014431,0.0,1,0,51.92795828429101
0,6,0,8.215370748017925,0.0,0,0,56.8706757282127
13,3,1,3.22549754247199,43.352328030542004,1,0,70.51963058475643
4,0,1,16.28286430004949,48.98614497549032,1,0,60.30773298074081
14,3,1,14.294914502230327,41.40539330488273,2,0,76.5648096360716
21,3,1,11.420629512708823,71.99130706845753,1,1,74.76857026286424
8,3,0,7.427242036194857,0.0,0,1,50.50309051538701
13,1,0,11.43279278314753,0.0,0,0,44.237098218542044
16,4,1,18.077938002596028,60.71927745835778,2,0,64.64385438711501
3,1,0,3.9265035698560027,0.0,0,0,27.496770859051477
21,3,0,4.18011191630203,0.0,1,1,59.87763494921283
4,4,0,8.861173385437947,0.0,0,1,37.73690858932376
19,4,0,11.866781566033975,0.0,0,1,39.76194439100211
15,5,1,9.518540510581097,25.181417187767842,0,0,44.997203430005314
3,6,0,15.214082875835096,0.0,1,0,36.93741788425011
17,5,0,17.444169722241735,0.0,2,0,38.322060907478885
4,5,0,13.393843873037339,0.0,0,0,51.39973438841274
14,6,0,14.802161718780521,0.0,2,0,53.470788253567605
23,1,1,13.360497760118362,43.20387617991197,1,0,74.96179596867424
22,2,1,12.047540454576591,42.962150025941106,2,0,61.21662154425539
20,3,0,5.532206500926525,0.0,1,0,48.82172645890737
11,3,0,6.860041461986859,0.0,2,1,55.748509770347106
13,4,1,5.2454076151403655,117.4456058827832,1,1,85.07648535654978
7,0,1,11.257476025194581,7.42337702739476,2,1,40.865400159305786
22,0,1,13.161390156271862,116.85209927826523,0,0,82.43141857233684
11,5,1,4.753688076093117,8.253850551151181,2,0,53.81516579024146
18,5,1,12.362975235510039,38.101683134548004,0,1,41.910366106708565
8,2,0,7.6239183586989565,0.0,0,1,57.43646108264607
17,2,0,6.654003282315705,0.0,2,1,51.59739274099358
5,3,0,8.873252917196456,0.0,0,0,54.28697824628144
17,3,0,6.397617508274768,0.0,0,1,37.31801680018598
1,1,1,15.033295589796431,14.34126778358336,2,0,42.67226143794598
2,3,1,11.159977909755362,117.87359579590427,1,0,81.60156117422507
8,5,1,16.07607028493794,29.1198687982521,1,1,50.70915335619521
11,5,1,9.78251823946865,8.70564502706718,0,0,49.95246024448114
17,5,0,9.971569690581571,0.0,2,1,53.979435148185544
8,4,0,21.366913204067277,0.0,0,1,38.69654415082367
0,6,1,3.8846976415983043,110.19988418391193,1,0,84.53124931013758
7,1,0,18.422406217098498,0.0,0,0,57.7637847530078
10,0,1,20.272620188229133,87.02117172348296,0,0,67.11476107441604
13,0,1,15.829087481307498,31.250619810072063,0,1,46.01988019557119
15,6,0,10.347647653144879,0.0,0,0,31.64066830998747
5,4,1,19.13451035869871,84.45477424436842,1,0,69.97484084400217
14,1,1,10.391193200550006,89.74479174161641,2,0,83.62386160210386
15,5,0,8.471072071446393,0.0,2,0,39.10337969994385
18,2,0,10.058658279041682,0.0,1,1,51.952996620576485
12,4,0,9.14903130440731,0.0,2,1,48.349903591160405
19,1,0,7.26688437540209,0.0,1,1,34.999540161620466
5,0,0,17.550039170544824,0.0,1,0,45.965455886170716
17,1,1,8.132758236891082,50.705548096540454,1,1,64.12033369895937
1,1,0,11.851765055393136,0.0,0,0,36.50971158987007
2,3,0,4.781140553005979,0.0,1,0,58.830297801694186
20,0,0,12.154053408745959,0.0,2,1,52.77967878982806
11,1,0,6.220369778886304,0.0,1,1,40.84137648819222
14,3,0,6.097570885373835,0.0,2,1,52.46957525554351
14,2,0,11.453560449519586,0.0,2,0,47.46334303884949
16,4,1,17.284861325904675,57.99898959215464,0,0,60.92839673764384
5,4,1,14.202068438698982,62.423924327940526,1,0,61.361469302868464
4,6,0,14.545601930663796,0.0,1,0,42.17613932005678
1,5,1,11.350414100104963,108.14255612542182,2,0,91.27759010465836
20,1,1,10.321798674247413,65.56981200123343,1,1,72.96520273000087
5,4,1,15.955703192471178,8.07821508649262,1,0,29.639869990621765
13,4,1,9.184114188395988,41.39662862019194,2,0,44.99384977956281
10,4,0,16.17217077223848,0.0,2,1,27.205360330231358
3,5,1,18.179734694670298,39.976888491451476,1,0,43.58242062426399
9,1,1,7.793066085121114,92.15282737397409,2,1,74.97766649110925
1,2,0,8.527772521833962,0.0,0,0,44.55616178704769
4,5,1,9.271522467926978,17.160613730440698,2,0,53.064515483276004
3,6,0,4.665186871232934,0.0,0,0,50.99714351118687
19,0,0,9.652986341830712,0.0,2,1,46.88876236780481
13,3,0,18.507248686097526,0.0,1,0,49.343242967364944
22,1,0,6.772122288323262,0.0,1,1,36.16872973533117
10,1,1,18.62598054326974,36.0404742655908,0,1,55.38503323286903
4,0,1,9.832777710234614,110.23090079322476,1,0,88.34738804543802
14,3,1,22.570178185513765,106.65316839869301,0,0,64.17099148302367
22,4,0,8.590934673422861,0.0,1,0,52.39752866628398
12,3,0,11.280090250889202,0.0,1,0,48.95650098001566
0,2,1,7.449084674038001,109.62766989520816,0,0,87.06439615905855
7,5,0,8.561496132070868,0.0,1,1,28.80924917519267
22,4,1,18.690895834291958,39.44620123526368,0,0,61.56372978363594
12,6,1,14.3726834256949,65.49675513056587,0,0,68.23921273399199
22,2,0,17.144088895887247,0.0,0,0,44.51335516027593
12,1,1,5.422053495049838,91.37754908431408,1,0,55.518715549605794
0,3,1,15.274142265789575,64.43163202037026,2,0,61.079620891430075
20,3,0,7.142783416397644,0.0,1,1,37.81625800265861
18,3,1,5.313407434835737,42.76647206168611,0,1,76.06491477553868
17,5,1,13.19383069426778,80.54868629078081,1,1,63.79680847862761
23,0,0,13.142691667057067,0.0,1,1,56.31997725465186
4,3,0,12.266728931495752,0.0,0,0,52.80941211747261
21,3,1,15.587792063138327,1.9315333912418486,0,0,44.97660093355593
5,1,1,16.367831588168386,98.50403475853041,0,0,85.46526231132319
23,4,0,19.348646695968505,0.0,0,0,31.9657440081688
4,5,0,6.048285008470823,0.0,0,0,44.039248845018676
13,3,1,19.510081227251124,94.39116199995311,1,1,79.80773712400601
18,0,0,21.411557448477883,0.0,2,1,30.352247443310866
1,0,0,10.168849917739827,0.0,2,0,36.25838744877751
1,2,0,3.6575415846341173,0.0,2,0,49.50359745113019
20,4,0,5.08250543465441,0.0,1,0,43.87687245478645
1,2,0,9.690743095331442,0.0,2,0,62.170489585691385
14,2,0,22.07070795153711,0.0,2,1,43.546304090147544
22,6,0,12.085400001015893,0.0,1,1,40.72380048795422
14,0,0,8.914079416240934,0.0,0,0,39.857802061076214
11,0,1,8.572988708213515,99.49451677971804,1,1,85.67400584167618
10,1,0,5.386388374971043,0.0,1,1,60.1912445400248
15,6,1,16.37288014840195,24.73369694295917,2,0,52.88576626936692
13,3,0,11.539656276404578,0.0,0,0,38.16004544038592
12,1,0,22.49914754881216,0.0,1,1,25.507058348830178
3,2,1,15.141046982132252,24.605273210795936,0,0,48.474288279356195
15,6,1,16.14968158028635,106.58254421917312,1,0,81.91099036716028
17,4,0,10.78947584628661,0.0,0,0,42.604541830915046
17,1,1,6.5448483091325595,105.61470115325982,1,0,94.79096938640313
1,1,0,7.632095098354099,0.0,0,0,53.11170645149772
16,0,0,5.153765280554591,0.0,2,0,52.77578354195311
17,5,0,16.551973599090456,0.0,2,1,45.81800729070729
4,0,1,10.075424063770567,9.264666554096909,2,0,39.06910683379528
20,2,1,16.76250269796033,95.8806248630956,1,1,71.1623756762948
12,2,1,12.679572011537818,30.772765031827124,2,1,47.30483284143464
11,4,0,10.53590822114777,0.0,0,0,49.646371347894934
17,4,0,6.151985825157251,0.0,0,1,41.87832625891129
12,5,1,13.508163664813388,117.81245675607556,2,1,86.08332742712379
13,2,1,10.906834917766025,99.82474687570826,1,0,79.8971014632685
7,2,1,16.510919639777107,28.91536841363246,2,0,56.711579737200466
22,2,1,8.422946620622007,49.10582404323278,0,0,55.875317333981776
23,0,0,15.080538867485181,0.0,1,0,46.549658612485075
3,5,1,20.204242081112685,37.92779475294134,2,0,43.55551981707238
17,3,1,13.362779573298598,65.58043423783762,1,0,59.54836888558097
0,3,1,15.926457263709406,28.51765425858556,0,0,51.09924399709704
8,6,0,14.859451230887897,0.0,0,1,52.66707840085891
23,1,1,21.49045742258761,41.05607775269032,1,0,45.444448392025514
4,6,1,13.857802108469144,6.621364600449402,2,0,32.0087826302866
9,4,1,15.49979425867755,116.1328874815697,1,1,75.68447967174228
5,1,0,11.818619857420217,0.0,1,0,42.46380868232849
17,4,1,8.128057321586205,36.44601271305796,1,1,76.20602548984503
11,5,1,5.959121571594155,15.554976022805196,0,0,58.783591345222376
14,2,0,18.334620328183377,0.0,1,0,34.30629431777053
22,2,1,6.9582031432872995,26.480733813284964,0,1,57.57153094220962
12,5,0,15.72932249891716,0.0,2,0,54.98429001990738
17,1,0,14.080083151918808,0.0,0,1,41.812925450679
2,0,1,16.588926724478657,32.69086360599006,0,0,51.343658652534025
5,4,0,9.426439887083907,0.0,1,1,44.21534561986147
22,6,0,8.046350427583947,0.0,1,1,54.131447313994435
20,3,0,13.891859190498788,0.0,1,0,39.68332581964511
15,0,1,10.538291633962434,71.69412821577934,2,1,78.64060437836922
9,3,0,5.844858316968609,0.0,2,1,58.82627928858979
4,1,0,21.692627711701732,0.0,2,1,42.553816785478894
20,5,1,8.042959170187274,86.68988800246257,0,1,77.1134384433392
18,4,0,7.031836440074928,0.0,1,1,38.18678113023808
5,2,1,10.789321159103112,63.67400069477939,0,0,66.8626505897142
14,4,1,18.26429284578957,46.97290608990963,2,0,51.480501710342665
14,4,1,1.1663247843819189,45.88237885064119,0,0,63.89361756135226
11,4,1,17.849418072877246,67.19858396234608,2,0,62.325025638857156
22,2,1,7.442632492718485,12.978079078594043,1,0,57.422105811521774
2,3,1,13.322626200541272,25.837635102168388,2,0,48.40258961869158
6,0,1,8.619965191380999,17.961636559973826,2,1,43.392102091390946
2,2,1,21.95958427001003,20.877503322841456,1,0,37.069486433227006
16,2,1,12.623100433211757,78.62609376546435,2,1,85.94341808744306
15,3,1,8.45954224829382,119.539786530951,0,0,94.4612135224105
23,6,0,10.494543390811547,0.0,2,0,38.942492460502635
13,6,1,12.448185374508437,118.16682264676759,2,0,96.71187387585209
3,3,0,12.888383038811003,0.0,0,1,42.76961846087341
10,4,0,14.193812417606605,0.0,2,1,61.86915678611584
2,0,0,11.992976961588425,0.0,2,0,47.50203609980402
16,3,0,5.11418791695642,0.0,1,0,55.43280127344507
16,4,0,10.298661645491695,0.0,2,1,53.459378207906454
20,4,1,15.033291874204291,113.714929065222,0,0,94.66141197480115
8,6,0,8.650585968104995,0.0,0,1,44.56748305838578
7,3,0,15.363906398491888,0.0,2,0,53.90529638326602
1,6,0,12.15859066478905,0.0,2,0,40.28278700791271
9,6,0,10.911299216167551,0.0,0,1,43.379393643526456
11,4,0,17.970719462697964,0.0,2,0,40.69479165775832
18,0,1,3.3093427780785927,41.202502116042574,0,1,74.13684514407967
18,2,0,8.623395508676753,0.0,2,1,45.459586141946524
3,5,0,18.16214354839388,0.0,2,0,53.67605598246961
6,4,0,21.150245815767672,0.0,1,0,48.691406962718766
12,6,1,23.429962423358504,106.4731265090215,0,1,73.83839825361639
8,5,0,12.251777651691519,0.0,0,0,37.47015584087178
0,0,0,14.289486898077715,0.0,1,0,51.57735925620216
20,6,0,16.087139136178337,0.0,2,0,25.365254068562223
17,2,0,18.37537636079142,0.0,1,0,46.23005256868571
12,5,0,13.565459673373805,0.0,1,0,37.55707454183958
7,3,0,16.630744617230334,0.0,1,1,51.745514322736206
20,3,1,14.29886900222261,7.83094299244167,2,1,35.215224163275785
0,0,0,14.611119709541882,0.0,2,0,38.01354848637059
10,0,1,7.408153815499601,114.40976844212415,0,1,92.62204893181931
19,4,1,10.35393140311888,56.862129900593025,0,0,71.4314972965188
22,3,0,9.386154009610902,0.0,1,0,42.48228443526867
6,3,0,6.0555227321073914,0.0,0,0,47.49858220148114
15,1,0,3.741973878945423,0.0,2,1,59.62751098826574
4,3,1,9.881862507039259,67.23063844730477,2,0,78.67959844324473
2,0,0,10.680588367818702,0.0,1,1,43.641439047633945
8,1,0,12.52518538013921,0.0,2,1,40.12279682724855
21,3,0,14.778689204200703,0.0,1,1,32.224892440096454
16,4,0,12.940611218029112,0.0,2,1,46.676603970464306
11,4,0,10.715444112347118,0.0,2,1,52.92867699655167
6,6,0,7.424368421115625,0.0,0,0,50.27135463266372
3,5,1,16.38534548750609,66.75394675700352,2,0,57.85563492811613
6,2,0,11.490888913552993,0.0,1,0,60.099447873780946
3,5,0,9.831051024965452,0.0,1,0,30.307929057997747
4,0,1,11.067728587933654,6.115317378569185,0,0,55.311989769152305
16,6,0,8.336278263226461,0.0,0,0,50.064672267281395
3,2,0,9.346630382944468,0.0,2,0,51.27212607321844
1,5,1,9.18770843354906,100.65537093687847,1,1,76.58457659643283
13,6,0,10.563312909997657,0.0,0,0,45.330019438262326
6,4,1,15.27877478409045,67.38847254935604,1,0,68.70974988193319
10,6,0,14.03556034270304,0.0,1,1,43.08499444963292
3,0,0,19.73368703640392,0.0,2,0,24.86294839828311
5,1,0,18.058645460560044,0.0,2,0,54.253092992392794
10,4,0,21.782108866172877,0.0,1,1,42.775893225872295
16,3,0,14.795792398354147,0.0,0,1,43.44010947199891
9,0,1,14.715526111867653,49.61245014448964,1,0,61.384661664391565
13,5,1,9.562921111814322,60.74528420080744,0,1,82.08041680228577
12,0,0,16.130074487477494,0.0,0,0,36.15411030854795
6,6,1,8.719415349784553,41.18386696877721,2,0,54.692959644475025
6,1,1,4.647722378092108,53.13453994669699,0,0,76.67952728193683
10,3,1,19.631616961238773,70.48512143296809,0,1,67.66602064295189
0,5,1,5.754092026836643,110.78097490017633,1,0,81.0909867203058
16,3,0,14.194258947977993,0.0,1,0,52.35405481217657
14,5,0,7.598343135833189,0.0,1,0,51.280988875956396
7,4,1,17.63333811395917,101.67163447192121,0,1,69.29473799816758
8,6,1,18.31474992885348,6.607736616286113,2,0,46.58349888930575
7,3,1,14.64588903711593,32.67588743816034,0,0,57.44539551273702
15,6,0,18.231823547380998,0.0,2,1,39.71018348286276
18,3,1,12.036685379155616,53.64463685163106,2,1,67.22076105034805
2,6,0,23.17087340413025,0.0,1,0,41.47282635691389
9,5,1,15.730826167464537,63.719438552744435,0,0,72.03067663291968
0,0,0,7.497242201881534,0.0,2,0,49.86056919140108
10,4,0,12.348033543720694,0.0,2,0,42.956650600596475
5,6,1,11.23748986892466,27.920033550839563,1,0,57.69450776167024
8,0,1,10.747879707811695,64.37062334021125,0,0,78.4584490133476
10,5,0,3.714303860503964,0.0,1,1,57.06801557191971
7,0,0,13.934322722217301,0.0,1,0,41.23872134078805
9,6,0,5.071235105297237,0.0,1,1,51.388233769429014
18,5,0,0.0,0.0,0,0,68.32527802219242
19,1,1,10.27993179438348,65.76698068314421,1,1,75.78883578554183
0,5,0,8.220531733038811,0.0,2,0,49.638069788353405
9,0,0,7.692314936822234,0.0,1,0,57.96917506973361
20,3,1,0.0,24.921961773229118,1,1,59.37796467442548
12,6,1,7.7457856202347575,3.939854604994384,2,0,52.81356689230312
4,1,0,11.131790674136488,0.0,2,0,61.09954094859734
14,1,1,8.829230299519532,101.07765251987256,1,0,88.54218896701887
3,2,1,13.936718381266658,77.12835275639499,0,0,83.81235164800134
0,2,1,18.963303242377812,56.273417149508035,0,0,58.854977046410895
15,0,0,14.581837201275876,0.0,2,0,39.52490455679377
12,3,1,17.131971470509924,44.491228445244,1,0,66.14809451248169
18,1,1,17.545633448242242,48.70774239534383,1,0,43.384668610742295
8,0,1,6.905696164666437,70.9335296713596,2,1,75.74370010062147
20,1,1,14.195573463430975,51.65122600834158,1,1,69.96848114509532
10,0,0,16.97578676682733,0.0,0,0,45.9194660802454
17,6,1,9.820197609757603,115.98764550400472,2,0,70.91951583549488
2,6,1,8.046866749848544,28.499843070124072,2,0,47.76949119067997
2,2,1,14.652032296082215,17.827551095332744,0,1,48.602938004672026
18,6,1,4.5918556410616045,50.82614800735819,2,1,72.91459299194307
20,3,0,6.559977084668535,0.0,1,1,53.86505903690416
22,6,1,8.666218262082833,85.58359012498673,1,1,77.97197088878463
7,1,1,14.252571065653541,114.62078167570495,2,0,89.55713664237963
0,1,1,13.094562607778322,82.64044044834804,0,0,76.94366489541167
23,5,1,17.16185439776066,118.46101867371834,2,1,81.70298824113843
14,1,1,7.390649728182907,29.560643201235134,0,0,63.73450730311552
5,5,0,7.122635143662459,0.0,2,0,44.122153758557104
18,2,1,14.619559843748322,36.78417010785294,0,0,61.27337943982446
21,2,1,8.006665479464822,94.45487071289705,0,1,74.87865097063255
6,3,0,8.982480422527896,0.0,1,0,51.713586956974176
18,5,0,2.7161758037412564,0.0,1,1,56.529902744944465
18,0,0,13.454230007067938,0.0,2,1,41.84562520898744
12,5,0,19.706452359080842,0.0,2,0,44.314439725878586
15,5,1,6.8535554184981,77.57737069725728,2,1,89.01082162305241
6,5,0,17.108518058600566,0.0,1,0,33.15306963775137
22,6,1,11.703007095050243,16.639268621027966,0,1,59.09492124780097
23,5,0,3.1729268079498443,0.0,2,0,61.15360605744027
23,3,0,7.526365721859359,0.0,1,0,47.320829832970745
17,3,1,7.217663335981141,26.579209207535385,1,0,64.93580550436974
1,2,0,10.417361074296869,0.0,1,0,44.62953021455051
8,5,1,14.097571442233521,69.4923534896077,2,1,78.09389029216996
10,2,1,21.24461418620716,66.58547907036888,1,0,39.397616586905556
23,4,0,4.8442710254075685,0.0,2,0,62.683696491069455
13,0,0,9.57611301540006,0.0,1,0,38.440884284593366
12,2,1,7.520095735446443,22.46758537529169,2,0,57.56733789182075
3,1,1,5.660102692553513,89.20589729529655,2,0,75.18237923722745
19,3,0,12.477238433047827,0.0,2,1,56.9902908822134
8,3,1,12.007399955934236,9.565324191035863,1,1,46.90947508932366
2,5,0,2.9309882645856558,0.0,0,0,48.31837453981757
23,3,0,12.090752639727326,0.0,0,0,54.288827008616764
4,1,1,5.973020035444304,10.82212580893405,1,0,59.86642526559728
0,3,0,12.05913859567488,0.0,1,0,42.68361115120753
1,0,0,18.34748246603045,0.0,2,0,32.39250030560767
10,5,1,14.315339805379695,108.02085233265507,0,0,72.34506971079367
2,5,1,12.887585472035449,107.25462754497644,1,0,92.42960473913563
20,1,0,9.356171212983066,0.0,2,1,50.86650070391685
12,1,1,12.334338254223873,88.20426709033258,2,0,77.39130864628568
7,0,1,14.81627111123741,119.95215757593027,2,1,89.06807768687561
0,2,0,14.320831714042049,0.0,2,1,27.954099392995754
11,0,0,11.503906180932281,0.0,0,1,43.20066763746725
3,6,1,13.086881619694578,78.13799268541882,2,0,69.49504260060563
23,0,0,5.417190899789599,0.0,1,1,58.51733738040162
6,4,1,8.32831612611131,95.64198608689577,1,1,70.05931671621624
11,3,0,15.53779876272993,0.0,2,1,50.99895380491979
0,1,1,16.210164756871038,85.55403409443588,2,0,86.331162867174
3,5,1,12.46799295419681,30.232263630700857,1,0,41.854171163609095
4,0,0,19.394828671825756,0.0,1,0,39.61736357524323
1,6,1,14.540097082306835,65.66858940629946,1,0,70.34666168822375
17,5,1,10.834362410684676,83.55610214766934,1,1,82.56161399011445
22,4,1,5.901236234797213,19.107338701007688,2,1,39.65032715623837
23,6,0,19.193666250144574,0.0,2,0,42.34600372584898
6,2,0,15.851587285772887,0.0,0,0,40.5687902532676
18,1,1,20.99155711465259,18.240239185192667,2,1,42.32462868293008
12,1,1,22.834237277519577,101.96501716196104,1,0,88.97279678549663
1,6,0,5.565298466086197,0.0,1,0,48.82328254165399
2,2,0,5.578331279364074,0.0,0,0,54.13618032782369
13,5,0,0.0,0.0,1,0,54.03734744986099
10,2,1,16.59181068514878,114.54014931615765,0,0,83.74542387092146
0,6,1,15.282413437437995,108.90387059655869,0,0,85.31152202803297
22,6,1,12.488895000629233,22.80944593440764,2,0,60.13890659259119
17,2,0,5.869333844782995,0.0,0,0,44.08876358918427
12,3,0,11.554831554376143,0.0,2,0,46.97714572684199
23,5,0,12.923527475038528,0.0,2,0,46.16487704755726
23,1,1,15.913628334395849,69.29442712911171,1,1,53.337821427822476
23,0,0,13.36493457232643,0.0,2,0,36.67875143568967
6,2,0,15.319006474955833,0.0,0,0,49.87218309576452
21,4,0,11.379345650429759,0.0,0,1,42.20348279710673
12,0,0,17.90740946962626,0.0,2,1,61.570093476767035
17,2,1,15.15865038721721,110.30528195684084,0,0,89.18449078953967
20,6,1,6.065334646495878,117.26616572731459,0,1,94.8056752682011
3,0,1,18.94610183828121,18.71305211677396,2,0,58.475862439757734
10,0,1,18.12785761357568,51.71402359309081,1,1,64.77940831200837
3,2,0,14.327373685264709,0.0,0,0,45.01194209308537
6,0,0,13.403588524937325,0.0,0,1,32.963804178652914
9,0,0,20.293057844391626,0.0,2,0,44.08825330290699
20,1,1,3.8334356686396287,40.08335496849703,1,0,77.13613506404036
20,0,1,18.206122620298252,95.75157740412236,2,1,69.20518513396772
9,5,0,9.618966507128246,0.0,1,1,32.69662521305665
7,0,1,17.475887232051928,72.59321697293286,1,1,57.87261802772596
12,3,1,12.601879235845216,67.20066278599938,1,0,82.51099419731534
21,4,0,5.785369882958809,0.0,0,1,51.01329876994092
23,4,1,9.517400949821543,16.9837468700181,1,0,65.00853498135571
5,4,1,17.108645365829826,113.81286745051388,2,0,81.29994489805502
4,2,0,10.948960593400633,0.0,1,0,42.26865053286413
16,6,0,8.892572926409475,0.0,2,1,64.962698048206
7,0,1,8.859139711024898,14.153056421884678,2,0,49.89331420890062
4,0,1,15.211237111168952,76.98036166558651,1,0,67.78158367185085
0,5,1,20.753175150699818,100.81320436134523,1,1,77.36692417695053
9,0,0,1.2955831468185917,0.0,0,0,51.64273382183464
9,1,1,26.003422236716435,1.192598704109491,2,0,40.840040936719326
13,1,1,13.018731144880658,54.264655945464085,0,1,67.14512555440187
4,0,0,14.901120676494136,0.0,0,0,46.96331659858907
17,0,1,9.818691264262968,18.339012933328487,2,0,48.6305520016335
16,4,0,11.982424375715865,0.0,0,1,32.11486365101512
11,4,0,12.962565060655539,0.0,1,1,37.97244552754178
4,0,1,6.754520038314824,76.09169294198419,0,0,70.27645142110661
12,6,0,7.971592808712352,0.0,2,0,50.963779323501505
16,0,1,17.922837704456267,29.27959102261896,0,1,44.38892200049564
8,4,1,4.238265773203894,45.46492769086975,0,0,55.799718256288855
6,5,1,14.205195516567702,15.04290614114935,1,0,39.72810300762335
12,3,1,10.147415453154078,101.75617228500741,1,0,85.59765859059291
8,3,1,7.196464252622123,23.34062198649274,0,1,62.911392207008824
9,0,1,21.859659259847003,15.546129268049405,0,1,38.90030287190642
8,1,1,7.22748719369281,87.08216065839778,0,0,76.4961935480812
7,5,1,6.349490001327643,15.21988215186855,0,1,60.15917861305615
17,2,0,11.06513648239732,0.0,0,0,47.471792309433724
11,0,0,8.157206829489493,0.0,0,0,57.96281121143382
11,5,0,12.031903284972744,0.0,1,0,44.11319806628531
15,4,1,12.776996483256951,66.69458448822344,2,0,61.470002380244644
8,0,1,13.173290328174632,57.619680305997406,2,1,73.3195444402278
2,0,1,11.380545763782184,80.20995344723461,0,0,71.47868923547452
20,0,0,8.489191484538875,0.0,1,1,41.898635173168444
1,0,0,15.217015213396653,0.0,2,0,49.968909680450416
13,4,0,11.44153616747928,0.0,2,0,57.440751645792275
6,0,1,9.521913439725108,4.271594668927663,1,1,50.34349521084674
5,4,1,19.399968495487613,13.895393135241543,0,0,36.30913839148107
1,1,0,11.393440198042745,0.0,2,0,58.16350705423488
21,6,1,17.459933007482952,12.76276486886256,1,0,48.51278511627768
10,5,0,18.134192235546955,0.0,0,0,42.25054339597796
8,2,1,18.438364177128964,118.48589071772213,0,1,78.48759420635056
17,3,1,15.455789040555503,54.691197861865724,1,1,70.81590143460306
0,0,0,11.996832515621177,0.0,2,0,36.53480831702359
13,0,1,11.679791546744871,30.58858756584618,2,0,46.73235326924242
11,3,1,10.779399407583556,0.9224690304575311,0,0,61.8554025657598
13,0,1,1.1655216499343712,90.08690224898199,2,0,78.69860963401729
2,4,0,15.594034028739312,0.0,2,0,50.20223520534038
22,2,0,13.222327831925396,0.0,2,0,55.44962816183073
5,0,0,16.127621331043137,0.0,2,0,43.779212507393495
16,3,0,11.41499224264018,0.0,2,0,38.81986366656473
17,3,1,15.324125809767626,85.45692585171345,1,1,77.6888459374244
8,5,1,5.112464685692778,39.60883648110667,1,1,75.90731978913809
3,1,1,6.153671953692149,7.652775781252981,1,0,55.49540683161741
7,3,0,0.0,0.0,2,0,49.02837061796974
19,5,1,11.32825402084187,10.526031059316306,1,1,52.07004950398127
21,1,1,8.137372061107,100.51269067333676,2,0,72.59253698289477
22,5,1,7.4830906241479,105.23197864855194,0,1,78.05540039054692
5,5,1,13.67326188982654,76.42679063844894,1,0,68.74163371194241
14,3,1,9.872464029011859,46.271670724484636,2,1,63.78930229826038
3,6,0,4.834544965981687,0.0,0,0,41.51611308254671
17,6,0,24.72383386376049,0.0,2,1,37.218820514399226
9,1,1,11.81494689755962,95.03783750330231,1,1,82.98455248281063
17,6,0,6.58418473532152,0.0,0,0,48.01485667642164
16,0,0,8.650822695334751,0.0,0,1,30.81374407882933
23,0,1,11.13428515495398,34.804043338619444,0,0,59.10962843243419
11,0,0,11.123770188713996,0.0,1,1,60.619864749326716
8,2,1,18.51082136522938,96.96631203729068,0,0,77.79133746936054
12,6,0,11.602850211838962,0.0,2,0,45.84270926838987
3,4,0,21.27604085934126,0.0,2,1,34.99956886808164
2,4,0,9.83788527993947,0.0,0,0,51.74663401849188
12,0,0,14.132180201299462,0.0,1,1,45.36179363549776
19,3,0,17.109900971639153,0.0,2,1,46.97057500919
12,2,0,17.97576152355839,0.0,1,0,31.848709811205055
18,3,1,18.559361087144065,22.10715661668371,0,1,48.860702267799375
4,1,0,10.639941295599327,0.0,0,0,42.798481494489124
10,1,0,11.972553698625404,0.0,1,0,48.39471503134718
14,6,1,0.0,97.30875805798327,2,0,73.49347679854277
8,3,0,11.019949806997197,0.0,0,1,43.04219178860866
0,2,0,17.456270889649907,0.0,0,1,45.3745896553173
1,0,0,16.484182399279412,0.0,0,0,47.442453180088734
22,5,0,11.567564394949592,0.0,0,0,45.50203282765961
14,3,1,20.495697214649788,8.223316578277252,2,1,24.198340803640704
6,2,1,10.079973578275965,108.78136601342402,2,0,90.14022237894636
6,4,0,8.419300879900502,0.0,0,0,60.937686644547284
0,0,1,9.659191323868153,10.726645542244064,2,0,44.31670308522051
22,3,0,6.387674875819423,0.0,0,0,46.482872925418036
2,6,0,15.111975158517684,0.0,1,0,49.36274411650817
18,3,0,13.442409058043046,0.0,1,1,50.91205264622536
5,0,0,15.049897231865257,0.0,2,0,51.73636179475635
8,1,0,9.928144240343943,0.0,2,1,55.17455531482136
6,0,0,11.709635103303732,0.0,0,0,33.37459995481138
19,3,1,1.1079063829554627,86.36275359120914,1,1,80.50558032832384
0,2,0,13.881127756555236,0.0,0,0,48.90660305451393
8,0,0,12.494207275298248,0.0,0,1,44.31529772832353
6,4,0,6.497361692532676,0.0,0,1,52.72924419397967
6,1,0,11.476712339567014,0.0,2,0,44.775245874336505
4,2,0,10.710753489649164,0.0,0,0,42.944627627940704
21,6,0,20.821559675037463,0.0,2,1,36.40776871381544
9,0,0,6.694365159360978,0.0,2,1,40.669899018047175
10,1,0,13.65713089433351,0.0,2,1,38.286598963290224
9,2,0,6.546158236608196,0.0,1,1,49.227582068062766
23,3,0,9.210632779648648,0.0,2,0,47.24149545913425
8,1,0,13.384094768461152,0.0,1,1,48.833211693946744
8,6,0,10.943185045684443,0.0,2,1,43.964101672001014
7,0,1,11.970045718932218,77.23469288496842,2,1,85.86227511381064
7,6,1,13.663610541159848,99.58417977021321,1,0,88.76297546008712
2,3,0,9.531552144007211,0.0,0,1,43.3558483878057
14,0,0,16.4207326740772,0.0,0,1,43.44590666919065
0,0,0,10.472601283811976,0.0,0,0,56.324654456027645
5,0,1,11.512222692237142,55.25694335303568,1,0,60.00451484609051
4,2,1,13.806556372939278,4.061533630743366,1,0,39.394380050874275
6,2,1,13.135001005824174,11.0844057539712,0,0,58.7663477818859
18,4,0,15.221139622714263,0.0,2,1,48.354121420945454
14,2,0,13.584822007423526,0.0,0,0,52.72258055278064
23,5,0,14.345153307780873,0.0,1,0,46.04732872491426
8,2,1,10.37313742917429,54.04091485997736,1,1,63.576693769090824
22,1,1,6.656144509572398,83.99599796574589,2,1,68.33858572663293
1,1,0,4.861805486235699,0.0,0,0,52.205388026943346
12,2,1,3.6464492617885025,101.71143001259541,2,0,97.53858714705379
19,5,0,20.81363358864638,0.0,2,1,48.299520665098726
12,1,0,0.936132945529371,0.0,2,1,62.81714428678571
22,1,0,17.96861749488551,0.0,2,1,46.92288781498201
7,6,1,7.895654943512635,64.7877903452258,2,0,89.04775581659278
0,4,0,17.932204860599022,0.0,1,0,28.24045678188763
18,1,1,0.9872998604227501,89.34279947471535,1,1,87.32768662870495
1,6,1,10.824530490583587,96.77656449566294,1,0,72.71804185349883
18,1,0,19.27012201512634,0.0,2,1,52.00342351034966
17,1,1,15.566047817377909,110.64591540589298,0,0,76.85220200501776
20,3,0,10.31367269654604,0.0,1,1,54.817079674430204
11,4,1,2.285113492357592,32.67907274374093,0,1,61.014876969604366
21,1,0,5.38755738924534,0.0,1,1,54.05207577618756
4,5,0,18.945735482796895,0.0,2,1,38.97527618538766
10,1,1,10.258793993731372,38.03167269715183,0,0,59.99377181920262
2,5,1,11.640879482932803,101.25002122617546,2,0,83.79385264608021
18,0,0,13.417675523513154,0.0,2,1,51.62192135530486
17,3,1,5.485805434562219,116.11744583248252,1,0,90.37793864667508
19,4,0,14.036450899200895,0.0,1,0,50.9017347661806
18,1,1,9.90192259665497,73.67762088596595,0,1,81.16829962856878
7,4,1,13.468513927877703,11.522915679961026,2,1,44.921350049996946
1,4,0,9.109745397314828,0.0,1,0,62.793742507989364
22,4,1,4.134419699694215,45.928202704006516,2,1,73.72878069407933
11,2,1,9.863137340939915,81.69298981343607,0,0,72.25070423256317
2,5,0,15.20388808554001,0.0,1,0,47.74907562088895
22,5,0,13.97030044538518,0.0,2,1,52.131164649354055
23,2,0,12.154654336673634,0.0,1,1,49.993709536113386
10,5,0,16.490659265051715,0.0,0,1,43.422454667177746
18,6,0,10.982029937278867,0.0,0,1,18.603412766545087
0,5,1,12.281381570076087,81.19488085454569,2,0,65.85426283430627
2,5,1,9.601165601531372,62.123717971545375,1,0,74.49113600957921
6,5,0,16.783089883767275,0.0,2,0,33.67569591337751
15,5,0,13.457642738608822,0.0,1,0,48.344796647388414
3,2,1,9.21520944913314,45.37294374245706,1,0,70.58624349882258
0,5,1,4.554851267360978,109.43960609709754,0,1,88.75906995965669
16,1,0,17.524806374491632,0.0,0,0,26.862822960033302
18,2,0,8.2796747440768,0.0,1,1,42.48224436128817
17,6,0,12.360321762447734,0.0,0,1,50.589951302276525
19,1,0,23.762998415722855,0.0,1,0,46.0452943659098
19,5,0,16.007547708666543,0.0,0,1,25.540888053169567
14,2,0,20.055747944134957,0.0,0,0,39.60188858767274
12,1,0,9.309375937294256,0.0,1,0,35.812491470966535
20,0,0,17.354881984101034,0.0,0,1,41.83969466604801
8,3,0,12.133344964759456,0.0,0,1,44.03714074489655
2,3,0,13.83008460384291,0.0,0,0,62.81905682770275
18,3,0,22.1042085651978,0.0,2,1,33.00628036400916
6,0,1,10.606770879251469,79.39105944321406,2,0,82.69180993237599
23,1,0,12.096272268382682,0.0,0,0,53.394636516718876
9,0,0,7.483926742460187,0.0,0,1,47.45374301051814
20,2,1,16.442342779540382,14.85398632930789,0,0,47.9958175393866
1,6,1,9.196865508566821,40.36930493872809,0,0,61.77557962490279
15,1,0,17.113552079094394,0.0,2,1,35.359067565121364
10,4,0,3.7504337912757446,0.0,1,1,45.357463088531006
11,0,0,14.743190359168036,0.0,2,1,39.926784246348696
6,3,1,8.781533469684721,57.877071786078986,2,0,59.12449262105811
23,6,0,15.652588196651054,0.0,1,1,38.47480563380647
9,2,0,11.932204135728858,0.0,2,1,43.8905050539536
20,1,1,9.323305425658543,47.676026970190506,0,1,65.52251859815772
10,3,1,10.067201915620025,106.27569555507873,1,1,87.69220293202355
1,1,0,7.748058499706799,0.0,1,0,47.23085219211454
21,6,0,16.188938776604296,0.0,1,0,35.896167800552234
4,5,1,6.756813252872927,59.81759046066735,0,0,73.93516924507612
6,4,1,10.664606806336012,112.02810524679386,2,0,92.00588647180386
20,4,1,13.726197898512368,73.59101742376562,2,1,65.88901962700638
21,4,1,20.067472627242594,27.477528013875947,2,1,40.702193390900916
22,5,0,11.953506995540929,0.0,2,1,41.86707508151952
10,3,1,10.787447067307797,55.8789884393098,1,1,64.4751458571511
18,6,1,13.36817432558014,37.248513012789395,2,1,66.50297667833638
7,2,1,1.6326789216278534,88.35594141247115,2,1,90.1686945017745
17,0,0,6.006771496546403,0.0,2,1,50.168344966495525
12,4,0,10.123167505607746,0.0,0,0,62.106993315229026
1,4,0,8.435154246336737,0.0,0,1,47.9736161633078
10,6,1,3.995833553782939,56.02352006949389,1,1,82.7217830680556
11,2,1,16.288893255837927,68.0130668968528,1,0,75.5435620163642
6,2,0,13.29878364778661,0.0,2,0,53.566108210530075
8,3,1,12.70132623641254,17.159981122290834,0,1,53.41422466424014
12,2,1,8.530044244228133,34.599012204459626,0,0,61.21967180417341
1,5,1,12.396964823318326,92.74041206754765,2,0,77.58279385846878
3,2,0,14.572247297205298,0.0,0,0,50.143457937533164
18,5,0,10.675519730483597,0.0,0,1,40.145048255713526
8,2,0,14.222861196201823,0.0,2,0,41.51806991975376
14,1,1,8.019697590874424,112.05956170359396,2,0,101.14080847317112
13,6,1,12.487426564948567,17.752907350372293,2,0,56.210679925933626
13,3,0,17.7124914146305,0.0,2,0,48.46289845396938
9,4,0,18.160098517880197,0.0,0,1,30.70269426587504
11,4,1,18.63794402474831,14.484531173718693,0,0,41.702856392244854
19,2,1,13.427842077164584,12.303006386767725,2,1,51.234438313450326
23,6,0,12.158069774288728,0.0,2,0,44.94174665635368
6,2,0,9.756055419202928,0.0,0,1,37.39234224527246
16,6,1,2.9625762174129164,64.6400641986742,1,0,81.33200650078228
23,3,1,5.275501517997538,28.34828438039965,2,0,69.32092598053083
0,0,1,11.159725140173704,72.08094157568566,2,0,69.01774628452151
18,0,1,11.458557754357848,100.80342526932242,2,1,87.48020538892239
11,6,0,19.06111514403246,0.0,1,0,55.983848850417374
23,3,1,18.573995646878128,5.593999073356928,2,0,54.30131590267994
13,2,1,8.567569292567077,71.42272123604998,0,0,71.21915715805517
20,5,0,16.091628575445093,0.0,2,1,33.29850820498782
3,4,0,9.614655677130447,0.0,0,0,49.149540183381696
3,4,0,15.413081715019004,0.0,2,0,61.44531239147636
22,4,0,16.030088640533727,0.0,0,1,52.880351609751635
12,1,0,18.210464060738687,0.0,2,0,40.38284137791665
13,0,1,9.536783226086515,114.06660876240039,1,0,99.79185641751754
4,5,0,17.07151843590462,0.0,1,0,50.692465342437124
5,0,1,2.63592981939364,27.885474961936648,2,0,47.455693900879936
19,5,1,18.48107840769431,10.343729030021418,1,1,52.32851192423501
7,0,1,11.874916385907419,44.9314727521586,2,0,62.17617142568179
14,1,0,11.981360010071512,0.0,0,0,38.48225332375632
7,4,0,1.8128174715477368,0.0,1,0,54.279761210425
6,4,0,10.056670563763095,0.0,0,0,50.268818931834645
3,5,1,18.777396998067754,77.51053866016463,0,0,60.75383426012801
22,4,0,9.866490541485929,0.0,1,0,46.147629262428694
22,0,0,15.567313804876042,0.0,2,0,39.89980541516673
2,5,1,12.172775638570545,86.81784064959052,0,0,82.01007185883134
8,1,1,17.313345697998493,61.71223563130275,2,1,60.33749225207419
13,0,0,12.957504826020623,0.0,2,0,31.034587468426253
9,6,1,7.340942344509489,34.017512775372516,2,1,57.45337793454233
17,1,0,12.282253399244716,0.0,0,1,37.603433046528124
6,3,0,20.006084518506064,0.0,0,0,28.64295912545758
1,3,0,14.488225390181007,0.0,0,0,52.85234637875715
8,5,1,11.417768463531678,59.75015665003828,1,0,73.20685542610903
14,0,0,23.27871909566654,0.0,0,0,28.64152101031157
4,0,0,17.796078512806105,0.0,1,0,30.608097558296578
19,2,1,16.0836695769923,108.10446782955576,0,1,79.14845388448198
0,3,0,13.586712326221875,0.0,1,0,33.54285491830363
1,5,0,15.651369173755537,0.0,0,0,40.54211680737045
12,4,0,15.813660365914203,0.0,1,0,42.91318924903926
12,1,1,1.0859232722393113,87.63606789993855,1,1,87.2397759119447
7,6,1,13.974681064147243,59.3047661138326,2,0,67.29800859815
6,3,1,11.195970703321708,48.21597817054023,0,1,56.672922568513044
1,6,0,9.501118634317123,0.0,0,0,47.963585004947525
15,6,1,11.02281359977881,11.954203775722632,2,0,60.61011786675567
9,0,1,4.220756565888994,67.4595054021489,2,1,58.45738222814187
2,3,1,2.976949499814104,56.70217010150995,1,0,75.06977039120248
9,2,1,18.232512087242483,14.268347440620541,1,1,35.98136380320467
22,3,1,14.31078909854463,32.19236982704361,2,0,66.04984805129162
6,2,0,0.0,0.0,2,0,61.53607279111074
21,3,0,9.118077292991297,0.0,2,1,53.986715894276045
6,3,1,16.402758666982653,51.0862971655181,1,1,52.93093836819255
4,1,0,10.599928131396844,0.0,0,1,48.63067475009081
6,2,1,18.22502476899181,20.381593439447823,0,0,50.55497218957978
7,1,1,17.24875899638317,90.7614862371197,0,0,53.99794410819267
2,5,0,5.216443953446432,0.0,1,0,51.99892344321558
14,4,1,11.28337950575584,34.20313727150268,2,0,62.85054677050631
8,2,0,9.75955287595648,0.0,0,0,35.87992500877107
17,2,1,5.0538085282394976,57.10714966665182,2,0,75.76032444517264
11,0,0,4.728628375723643,0.0,1,1,52.01430464783184
10,2,0,7.969892268791362,0.0,0,1,59.674232318498724
11,6,1,8.795372952436809,23.536641516700968,0,1,52.896724877176524
3,0,0,13.416148886216813,0.0,2,1,45.688261961709806
17,1,0,17.2210673660721,0.0,2,0,43.953296231452136
2,5,0,14.568224779061849,0.0,0,0,20.885018606705167
17,3,1,15.751861201404118,28.07805743274381,2,1,49.38921939651447
23,0,0,10.666910892648163,0.0,0,1,47.15684979332227
18,3,0,15.01500098306445,0.0,1,1,24.13598216192364
10,5,0,11.258125092048694,0.0,0,1,51.38722257875894
7,2,1,9.792638083736087,68.79624586261912,2,1,71.93153120177041
20,2,0,21.485504744478128,0.0,2,1,38.45341471296277
6,4,0,0.3476202172625076,0.0,0,1,60.491422917479674
11,4,1,2.6334785134631957,3.235141725372155,1,1,50.738819233354974
18,6,0,13.913498770668022,0.0,2,0,44.2157377951652
22,1,1,10.67508825733775,101.98675702044248,1,0,89.0759885847091
22,1,0,4.8150782491653885,0.0,1,1,51.59173832007918
2,1,1,6.726945244181159,100.90083835111358,0,0,70.18347048097856
21,4,0,7.377971015691092,0.0,1,1,49.5101077977385
2,3,1,16.46168268565457,9.470911057928202,0,0,45.656956813945186
14,2,1,18.062052155322196,45.30530046229652,0,0,63.611815856760686
22,4,0,20.19781282615309,0.0,0,1,36.09587451676792
15,2,0,4.05494388895331,0.0,1,1,43.93232172134735
22,1,0,5.1643823374423405,0.0,1,1,43.07095362035623
8,3,0,4.821867627497387,0.0,1,1,62.6834218250076
7,3,1,18.444285028850047,106.56209213812576,2,0,79.85534629193235
7,2,0,14.086122272097647,0.0,1,0,54.863383846214674
8,3,1,12.400996082348607,77.0935842721161,2,0,84.3519691583532
16,6,0,13.148143469237237,0.0,2,1,38.53313567691587
10,1,1,11.716108614306282,114.17470676215152,0,1,79.02855197977526
17,1,1,6.394289762967475,22.754991133608023,2,1,56.827312135734104
9,3,1,14.565863948924521,86.8725940649617,0,1,78.66793659505868
7,0,1,11.069307471731568,66.00769311190959,1,1,58.03471553703134
4,1,1,5.998392432603534,117.44493836892849,0,0,94.94620539406543
13,3,1,14.871427226790289,119.28677253592075,0,0,88.08721128418408
21,3,1,9.871061818637061,95.2437720508715,2,0,71.43520661305489
20,4,0,13.137417434206885,0.0,0,1,35.76735943513952
6,0,1,11.375104193509875,56.28083331920521,1,0,69.15419079181748
11,5,1,16.456893861124044,102.54155677278344,2,0,94.30813828737456
16,3,1,13.100814871144708,76.61799493095226,2,0,68.97675418327343
14,1,1,7.581499125715972,105.47632721809451,0,0,88.48950927069751
1,2,0,13.61001611769266,0.0,1,0,39.27194247586989
14,1,0,13.773443622365312,0.0,1,0,45.87315077677312
0,3,0,14.556664870194362,0.0,1,0,38.351611520442844
2,3,0,17.179371273659562,0.0,0,0,39.185010719928655
15,3,0,8.920086074114135,0.0,1,1,67.4568194897358
2,3,0,15.339678335902661,0.0,0,0,43.584834046077994
8,6,1,3.375913810795975,5.261784521062767,1,0,41.62750998103217
14,6,1,11.400075923558468,89.09723782634191,2,0,82.20672853641855
15,3,1,10.626700575961788,5.363623974823586,1,0,57.41054283992866
10,6,0,19.239226100901398,0.0,0,1,45.01262888687886
2,5,0,11.218322855117572,0.0,0,0,44.61115711684277
19,5,1,15.039943890858048,60.36322218537704,2,1,56.75629832531576
22,1,0,3.1911068856372147,0.0,1,0,45.30490314463949
21,3,1,10.241210176557091,89.73482175701322,2,1,76.69631788705348
17,2,1,7.768200662832103,101.92466763857483,2,0,81.52452547172389
9,0,1,24.377555616477625,83.7480662147169,1,1,60.34402086051508
21,0,0,8.666016214393213,0.0,0,0,57.78972453146308
11,4,1,12.36639536330726,30.900076725543112,2,1,63.2912490885651
3,2,1,12.632879011375849,19.287611266413393,2,0,61.78031120534156
20,5,0,4.052608545316733,0.0,0,1,45.45095027477419
7,4,0,9.36982294728443,0.0,2,1,40.13775851359509
22,0,1,14.023832563246275,19.452872463641256,0,1,51.20849574576982
8,5,0,12.428611376206426,0.0,1,1,48.376943992199365
20,3,1,0.49794513996031675,71.80205718323279,0,0,80.30450112042833
12,3,0,9.165042777476996,0.0,1,0,50.44273184537147
11,6,1,17.104108307234462,52.16380956642105,1,1,72.25448113536959
7,4,0,14.941114636564674,0.0,0,0,41.29999456507296
20,0,0,18.09016675912602,0.0,0,0,46.984968284888176
1,1,0,7.0717633128835455,0.0,2,1,53.48631149051877
11,2,0,18.40464767639529,0.0,2,1,41.03885348885168
8,0,0,11.777969758554091,0.0,2,1,51.665916280013825
13,1,1,19.961112504694697,106.1411415734028,2,1,70.03687269281258
6,5,0,12.016522170418867,0.0,2,0,37.63419253081029
15,0,0,1.7626225364284345,0.0,0,0,57.05286264143603
9,1,0,16.246272856535718,0.0,0,0,28.898766115744657
4,3,1,9.782431610126787,10.815286001457931,1,0,55.05173874439262
4,0,1,10.118851943157582,8.742774150684394,2,1,40.93955243093111
16,1,1,4.734517844651153,77.64198717980064,2,0,90.53051632909975
6,6,0,20.110997495030215,0.0,1,0,35.74107688706374
7,4,1,9.394494130985763,119.90297404734648,0,0,101.07629455487069
15,6,0,19.8751788745626,0.0,1,0,37.41330819390681
7,2,1,9.843784192035734,3.501210834083026,0,1,46.32207773655475
9,4,0,7.361273989253609,0.0,0,1,56.038319684796676
5,1,1,18.59764587014907,31.29264644588797,0,1,53.41804856703741
8,2,1,11.633326254998853,40.90797418926369,0,1,59.47752167967304
16,1,0,11.68213996322422,0.0,0,1,42.421460171373084
12,5,1,5.5918702985844,99.66547477306541,1,1,82.25307021751495
23,1,0,9.711883226518719,0.0,0,0,66.09079128421142
18,1,1,14.143479118154994,4.848186810628832,1,1,31.97972312931443
0,3,1,5.504100031205738,32.40457358124621,2,0,52.31807721390652
9,3,1,9.304561529140916,53.84381547817021,2,1,75.81676591670828
6,2,1,9.897767812962712,62.61864379008105,2,1,77.81323119166034
14,2,0,12.33220402356999,0.0,0,1,37.75423351723301
6,2,0,19.39779822819132,0.0,0,0,25.4623756301897
23,6,1,10.50023433508508,112.07758794660855,2,0,96.00559007274252
7,4,0,8.547496687937189,0.0,1,0,39.78763217285118
12,6,0,25.731853160123357,0.0,1,1,30.485649175008987
2,6,0,9.83407323238285,0.0,1,0,47.901705694276586
21,4,1,11.046709194154019,71.00923332966677,0,1,62.43500514976641
21,5,0,10.210768154044837,0.0,2,1,54.22685382216948
19,0,0,10.616154494451862,0.0,0,0,46.674530274444855
8,6,0,12.388774315079806,0.0,0,1,38.032702874827166
1,3,0,16.603982387966372,0.0,2,0,35.3654252184933
17,4,1,14.019938616367028,85.46217116653223,2,1,84.07163524390099
10,1,1,17.385477816832104,19.087464209769287,2,0,45.54219974164892
23,0,1,17.220143373037168,29.179387767655175,2,0,56.352442574864504
16,6,1,13.04276052807938,57.59051450561572,0,1,64.64260085338567
12,3,0,13.881559850318878,0.0,1,1,29.858374721926417
23,0,1,17.543683381343115,28.749400459276085,1,0,57.002095721164686
19,4,0,6.443950359987587,0.0,0,1,58.43562836640977
11,0,0,24.491056011191503,0.0,1,1,50.146605976675374
0,3,0,9.437074347361966,0.0,1,0,32.24572640243875
2,4,0,10.245175392155119,0.0,1,0,21.53623365537511
10,5,1,5.940495126631172,101.49365411395176,2,1,90.88304980955142
13,3,0,6.089245960228009,0.0,1,1,45.334018649137235
0,2,1,16.87017034444868,13.30644682845926,2,0,34.721058762795636
3,5,0,23.35096638821126,0.0,2,0,37.179475277046485
16,1,0,9.163799445958261,0.0,2,1,44.07454895916497
18,0,0,13.736582640637591,0.0,0,1,33.80121211206439
0,1,0,13.100832978560815,0.0,1,0,43.85698286001729
12,5,0,17.001222812083792,0.0,0,0,45.93103968180536
1,3,1,23.09357232258699,61.628101269083366,2,1,59.494413631162864
17,0,1,19.60486708990793,35.00788080716946,0,0,53.028928901981
20,1,1,10.806703595096263,64.08130801897758,0,1,72.33050018439297
20,0,0,14.643838178548176,0.0,2,1,29.753864125483005
14,5,1,15.140289213711133,98.1079701882296,0,0,76.81518222666224
15,3,1,11.899546844161902,65.24021424012363,1,0,70.23410896706675
22,0,0,6.520319332516346,0.0,1,0,46.760223278819204
14,1,1,8.006118907184891,92.36216747400285,0,0,74.28641148807176
10,4,1,17.740763254646076,4.533891398338943,1,1,36.424816097508156
18,4,1,18.256539979110247,71.13880675385425,2,1,62.94623936515922
14,5,0,10.962163175804067,0.0,2,0,53.54533357967077
20,0,0,13.30527697030044,0.0,1,1,56.573554106982385
12,0,0,17.986319106648217,0.0,1,0,51.198551045455
20,0,0,3.4786556398335087,0.0,1,1,39.731150437663885
1,2,0,9.768237845805718,0.0,1,0,39.67088795821904
0,5,0,22.08935690741322,0.0,0,0,42.5882190788736
2,4,0,13.496538581016587,0.0,0,0,54.60855975038943
13,1,1,6.353919576482829,13.104862159038477,2,0,46.76907269090503
17,4,0,12.586411467868572,0.0,0,1,46.397049232720995
5,4,0,17.10717796134138,0.0,2,0,32.25938138665421
3,1,0,0.0,0.0,0,0,57.211910975175705
20,5,0,12.881429085955464,0.0,0,1,39.547262429601005
18,2,1,10.137927227037562,7.2867867106964646,2,1,50.903411167968116
15,0,1,3.790009367815262,113.7187814109939,0,0,82.07514004288738
11,2,1,12.409636275651545,2.7610808514155982,2,1,32.967655829174575
10,5,1,11.31759884119776,101.89710135189209,0,0,106.39615969532363
0,4,0,11.879548739011806,0.0,1,0,46.05108973746426
4,1,1,10.258696898776186,18.004790679280063,2,0,70.17240732537265
21,5,1,6.8933122402292994,45.29892948844991,1,1,77.41237220002664
8,2,0,4.7259858320087655,0.0,0,0,38.13436046390726
16,3,1,8.546550298626878,63.477334233376666,2,0,73.27410307205814
16,0,1,16.296260570380323,7.1136223866559956,0,0,34.096943463984296
7,6,1,13.165351468633727,112.98502386847551,2,0,81.64288958848147
4,5,0,11.65413335276705,0.0,1,0,30.5975080854016
16,1,0,6.801159254642552,0.0,2,1,36.96526281804417
2,3,0,10.130425335728944,0.0,2,0,40.057339141156106
11,5,0,15.685787791786062,0.0,2,1,38.085397696390324
21,3,1,14.523918812427453,18.362305126952666,1,1,50.118288517224144
17,1,0,9.614005651136424,0.0,1,0,39.019286722412744
18,6,1,0.0,113.29384206400539,1,0,95.84731172264453
1,1,0,8.625761849192093,0.0,1,0,57.18551060842111
4,2,0,9.586527411946811,0.0,1,0,49.52189780899698
6,2,1,7.464470311486192,70.37456937211516,1,0,73.12094141257019
7,6,0,9.934121084301475,0.0,2,1,49.78573195814245
4,3,0,16.08275064097609,0.0,2,0,30.653943848012247
23,5,0,11.81351773521743,0.0,2,0,53.165242335717785
3,6,0,16.94848023952471,0.0,1,0,31.860160913899698
16,6,1,4.458139571772978,91.05704048023591,2,0,95.71835627534438
14,5,1,10.474679710225281,41.82090223805622,2,1,67.4235976756822
14,6,1,2.3048894457749984,17.269563316584588,1,0,63.6529319397142
5,6,1,9.86711235081576,42.68887262009043,1,0,66.84819973149428
7,6,0,6.771712723511633,0.0,1,1,49.56749553044541
14,4,1,18.406264167141913,94.4498064788633,0,0,67.04133829835772
7,0,0,14.04856002921753,0.0,0,1,36.226935688338244
16,0,0,17.07414747796507,0.0,1,1,55.35181747309905
0,5,1,9.853260873635351,98.97393784630715,2,0,82.58470121087112
1,2,0,6.901409514416785,0.0,0,0,40.55944062413259
17,5,1,6.742185027307807,75.2150860979195,1,0,80.06522284835287
14,6,1,13.327196403854288,27.521804227137764,0,0,56.71394162588
1,4,0,21.050807470967122,0.0,1,1,35.52463897562443
21,5,0,14.06191146010244,0.0,0,1,36.566288096057214
0,1,1,10.126161353562084,10.239150410142246,1,1,56.367248091907186
22,3,1,11.05614572436708,36.158940858833034,0,1,66.3790903877566
17,6,1,11.843498341241013,43.53306670634059,0,1,63.34094811764155
23,5,1,22.133212800890796,85.06655239637992,1,0,67.63907129895371
22,1,0,18.16804282917441,0.0,2,0,34.20644357315352
7,6,0,13.299795020751828,0.0,1,1,48.19888276985239
18,3,1,12.548659839030531,110.03295608026673,0,1,78.39506640092883
5,5,0,13.49676695184938,0.0,2,0,34.022801052224935
11,3,1,14.471378346415383,25.2909690482064,1,0,61.279511385809
5,4,1,9.93401023512202,30.274515063364422,0,0,49.409670726056035
11,1,1,7.779605263116817,14.89682839169545,0,1,38.81471679952063
20,2,0,17.161101302774327,0.0,1,1,51.74324182754755
10,5,1,12.109913652859918,27.625030565444483,0,1,41.025313979290864
2,5,0,16.743639679074843,0.0,1,0,38.487172278770146
7,0,1,20.230793743882217,31.7173629891023,0,0,41.15152549538717
18,0,0,14.6030736704978,0.0,0,1,37.527140713836005
12,4,1,13.792742397850352,1.2542582899949073,2,0,62.1973609183094
13,3,0,28.00121490258532,0.0,1,1,31.786513423366255
10,5,0,13.03510064139909,0.0,2,0,47.45115992962547
7,0,0,6.547265960768259,0.0,1,1,56.08609102500989
14,2,1,10.593873839140063,119.05875524283339,1,0,83.02087593845417
15,0,0,19.758423558727706,0.0,1,0,47.79438283121766
21,4,0,5.529163248599767,0.0,1,1,53.584743143775185
14,6,0,8.237701979235098,0.0,0,0,54.440265754082255
23,1,0,17.532134029842588,0.0,2,0,35.176173106247376
19,2,0,10.64189678743483,0.0,1,1,50.03840522524575
1,5,0,11.448771065117525,0.0,2,1,45.76946709564736
9,0,1,17.366864100653146,22.879549434980852,2,1,58.152375137781405
9,6,1,8.415894121730195,32.73845809806703,1,1,55.403059408528044
0,6,1,4.656987742389693,18.61786078811329,2,1,74.04838472558043
4,1,1,5.055570145687321,111.66695935750822,1,0,92.74876455553785
18,0,0,14.908902217048109,0.0,2,1,42.0711353084407
8,4,1,13.295660469153972,17.142106460812276,2,1,48.425671224174216
3,0,0,8.53716743360335,0.0,1,1,48.11550539095614
6,3,1,6.206041895964329,25.591094601228356,2,0,53.96276614856294
6,0,0,10.647134374255664,0.0,2,1,51.81601634805005
4,3,0,17.58258643125236,0.0,0,0,40.83861018785472
2,2,0,7.820910230853721,0.0,2,0,64.29216154424702
18,4,1,8.686579890237189,99.89047124102606,1,1,79.54582351370814
19,6,0,6.047392163268105,0.0,0,0,49.19691617682301
11,3,1,10.162935554489144,29.618210589569372,0,0,53.761539065883795
14,4,0,13.6903949535829,0.0,2,0,59.000023271009375
22,4,0,22.575845785215453,0.0,2,1,25.373482639102548
20,6,1,13.088907564099685,63.94285457691833,1,1,67.65799975062151
0,1,1,11.731609473814904,68.59729454449818,1,0,72.12763149270836
22,1,1,16.314683029925657,92.60185919165653,2,1,65.33472223415296
1,2,1,15.481077759151221,55.93049040907408,2,0,83.33630473953433
0,5,1,9.111695928166585,94.39653743296688,2,0,73.30490943065527
9,6,0,23.510300367150386,0.0,0,1,36.45994737447192
17,1,1,11.878083238530236,110.56115181707632,2,0,97.66616202706422
1,0,1,13.181876601778978,22.26104675912298,1,0,49.24533956900878
7,4,0,14.75674293643066,0.0,2,0,44.34363083494875
6,4,0,13.729361838064767,0.0,2,0,41.258319663871006
9,2,1,19.626988344372947,12.566088743341837,2,1,43.27029434283597
23,1,0,9.050456304350153,0.0,2,0,56.41129599267426
7,5,1,15.916911244263526,110.19967374112802,0,0,77.46377141341678
5,5,0,12.822842226924895,0.0,2,0,23.506072597841147
2,5,0,16.913615975547618,0.0,1,0,41.20548068600338
4,4,0,10.92507275015861,0.0,0,0,46.76328289918335
3,1,0,10.247923219234396,0.0,2,0,48.3651625183625
13,2,0,15.660367437130061,0.0,2,0,41.005267524292414
10,0,0,13.789966285449902,0.0,0,1,37.06772375120023
11,1,1,7.898528488373659,31.31283907118808,2,0,57.679518333160324
19,3,1,18.728061432071293,99.48081834322332,1,1,88.95737310012828
13,3,0,15.662546875542299,0.0,2,0,42.13360713598167
3,0,0,11.628979047519733,0.0,0,1,50.920084838666305
9,6,1,9.65884444134442,79.13783181230674,1,1,66.7013279846692
7,1,1,13.820654484367926,39.016338442400965,1,0,55.26782620505958
19,3,1,15.302426120133918,18.67835392311433,2,1,41.29058215452426
7,3,1,4.029624630145852,28.222073826357065,1,1,72.00340869724705
3,3,0,13.87840461261416,0.0,0,0,31.451040716224558
17,5,0,15.262773512067673,0.0,0,1,45.76899444364608
10,5,0,0.23775700016114243,0.0,0,1,57.535760899914344
2,6,1,12.980948293726449,88.75936304579805,2,0,77.8885234647612
16,2,1,15.473045671977896,54.8567044411038,0,0,43.062352704881604
5,1,1,14.90439157132273,118.53526622966571,2,0,68.38032747510952
20,2,1,16.012241773904126,106.92247263342497,1,1,80.54952099076348
19,3,1,10.362167039908758,10.446022201506494,1,1,42.98142820639542
8,2,1,6.800467826622721,55.25407875697698,2,1,63.75570844681502
13,3,0,3.001278341173018,0.0,2,0,49.202657477550424
13,1,0,17.461116202840287,0.0,1,0,32.60736250544626
15,4,0,15.515327468971716,0.0,2,0,32.78526132765521
1,4,1,17.84244465414234,113.63369473613584,1,1,80.49739420333576
7,3,0,8.374293205779278,0.0,2,1,33.051906569684675
4,6,1,16.019182113126817,99.87900010256543,2,0,73.09589207250836
16,6,0,4.4865952402160065,0.0,2,1,46.07140786760851
1,6,1,7.652532206450943,20.54108068954752,1,1,55.877860014030766
12,0,1,12.629886082539183,83.91288207792347,1,1,93.36303358215383
17,6,0,15.316038149132103,0.0,1,1,34.89158311958296
22,2,1,20.39506223948512,27.17753980343219,2,1,51.44704511315689
6,3,1,10.799679673007974,5.203182895922254,1,0,49.94772078959685
0,2,0,7.671251391054678,0.0,0,0,53.34216876776782
17,1,0,7.414255610842854,0.0,1,1,47.362262898848186
0,6,1,8.560770274878536,83.31487647684386,0,0,88.84323727338504
1,4,1,23.105133982375598,107.00713774400101,1,0,79.45077242347433
23,6,0,15.78436790567229,0.0,2,0,47.98215077947765
20,6,1,17.562659251812295,74.60928734819032,2,1,55.74913179629597
16,2,0,10.805072064100528,0.0,0,0,47.12666073118567
20,5,1,11.99175658800627,112.21011662797645,1,1,80.60129207651869
1,3,1,15.496322529792618,66.53911274355113,1,0,58.998543926255714
2,3,0,9.471006221095303,0.0,1,1,42.411479096851544
7,5,0,10.543460567266619,0.0,2,0,46.11787943971037
0,4,1,8.626478418680799,9.83452477419139,1,0,55.19501659157516
21,6,0,9.762536501214425,0.0,1,0,55.0427986785666
1,5,0,12.244893062516613,0.0,2,0,52.6816440177281
13,4,0,7.891449369180201,0.0,1,0,51.02839718250431
20,6,0,13.429894895646932,0.0,1,1,44.70107234248494
17,0,0,13.422908727755585,0.0,1,0,41.66577604552983
5,5,1,11.103756785719083,64.9526458496138,2,0,66.86966698273959
11,2,1,7.862700722182895,31.42999114049799,1,0,53.46799032739142
13,3,1,12.524815244759308,6.01005763390055,1,0,43.655993560846994
18,5,0,9.475477185241044,0.0,0,1,50.250231523560984
10,1,0,12.232970835530171,0.0,0,0,57.536448619504675
6,6,1,17.490637337017176,52.213197938257956,0,0,58.08429512437201
19,3,1,5.735299414479836,72.18706847707104,1,1,69.21577725825735
21,2,1,22.867431684466876,37.63928488410209,2,0,57.63383741522702
11,2,0,11.637382041061297,0.0,0,0,29.67077068044392
0,2,0,14.059196369529603,0.0,2,0,52.09783869776302
12,6,1,8.236249548790825,10.745392072483956,0,0,40.709182863293535
21,0,0,17.71105774770824,0.0,2,0,46.08843074611735
23,3,1,11.37186765274665,10.793675780774304,0,1,45.87157870907052
9,5,1,10.029408451004132,0.8320305176956522,0,1,49.834959396094234
3,3,1,9.122424893622131,6.147618324608137,2,1,66.51892271238846
13,3,0,10.657539871054025,0.0,1,0,39.771755131302555
19,2,1,14.091736614764542,10.116632467964951,1,0,39.26302514247533
22,0,1,12.864053453152877,104.22019098177448,2,0,81.81151838812859
1,4,1,11.800701334448636,91.13328964613484,1,0,89.65871397044002
6,6,1,8.4428929102509,1.0581925098764566,2,0,50.049373411603895
11,3,0,8.15413263037512,0.0,1,0,48.833619610249144
2,3,1,9.695628587101346,1.2302295056556245,1,0,49.02671698298647
21,0,1,14.30137856080357,13.103377629408598,1,0,40.10770349829117
2,6,1,15.311299378852016,118.58991318371687,1,1,85.69125098750312
15,6,0,15.985220984490095,0.0,2,0,39.06917788299795
22,6,1,11.992665532305958,3.265344203948284,1,1,57.12843197055824
16,2,0,13.917809704589123,0.0,2,1,50.24965457641734
18,4,1,11.157746475585443,110.08137964488806,0,0,74.01240489765559
6,3,1,3.2885100453581586,65.80601277679521,2,0,73.13623018832679
19,1,0,10.92036605230301,0.0,0,1,50.48759466754445
10,1,0,10.123366873211241,0.0,0,0,39.04908473206832
1,2,0,6.804773977854742,0.0,0,0,40.92199907309555
8,3,0,9.16302912123598,0.0,2,1,43.973734330780324
8,0,0,12.675457071454888,0.0,0,1,47.61516279646189
12,4,1,6.333766071574621,63.27942249761594,2,0,80.37800390269494
6,3,1,8.446072642920953,31.140392062363354,1,0,60.998873956081574
11,6,0,19.73951007776359,0.0,0,0,58.90708245595368
10,1,1,3.9864683705984696,43.03079093747705,1,1,61.45751844139442
7,0,0,11.084089201964476,0.0,1,0,52.055541262665486
16,2,1,6.168453171179576,7.5931702362274045,1,0,43.85006912389124
7,6,0,8.241816010869453,0.0,0,0,61.294361731802
18,2,0,11.01131385190943,0.0,2,1,57.06623894914595
6,4,0,7.062119386856155,0.0,2,0,55.04236656439519
20,5,0,14.86965307683214,0.0,0,1,29.213609382141602
8,1,1,18.755753098862066,99.60937920798659,1,0,80.47661019750525
0,4,1,16.20839068051366,48.219557562033366,1,0,52.357070730873566
3,1,1,17.12306558860434,91.05644774846438,0,0,76.80028087173382
19,2,1,5.101321604855929,65.0801196903154,2,1,62.05980855733051
20,2,1,10.784644890904332,72.4717575417107,0,1,73.89725742755203
5,4,0,14.337105336767161,0.0,2,0,40.70188484012236
14,6,0,16.355954570572685,0.0,1,0,35.68936198790749
13,1,1,20.766764963049127,74.61065282825871,1,0,69.24113169845936
3,2,1,17.345197958144727,3.2121835882518335,1,0,41.837709035241176
10,5,1,16.48244311836942,22.5991817689661,1,1,48.08407284663713
16,3,0,25.1679779026968,0.0,1,0,40.76315879033395
23,3,0,12.48154540803648,0.0,2,0,60.24642863782525
20,4,1,10.554707808792156,61.15065432508332,0,0,70.16435201058923
2,0,0,12.886789518302244,0.0,2,0,30.242780394542134
5,6,1,7.424736221565995,87.22344544455152,1,0,67.12217816105732
10,2,1,12.338168928839034,3.7265686073085735,0,0,46.98508140693046
3,4,0,3.365739031112591,0.0,2,0,60.51917246947644
13,3,1,9.352404817160973,98.90581825714145,2,0,83.21277696355996
0,5,1,11.423330589672043,32.52819832086264,0,0,61.338729566314896
2,4,0,16.748176454265217,0.0,2,0,41.130902252757586
1,1,1,17.555452721931808,36.97799418470265,1,0,61.59470092825911
7,1,0,7.181914676244592,0.0,2,0,54.187314857942575
18,6,0,22.38016716981796,0.0,1,0,28.939251701970058
4,3,0,12.741867392197511,0.0,0,0,48.38892003288513
23,1,1,13.200224830153848,109.42944449764056,0,0,70.39905957736966
6,1,1,3.9115325750583647,72.08326735847662,0,0,80.68410915453305
1,0,1,8.899713049399715,16.54435394891285,2,0,51.410741461910526
8,6,1,17.24911905766239,75.12202093135883,0,1,68.7789638682611
17,6,0,12.848892313565495,0.0,2,1,47.31301114729189
2,2,1,12.53907363126437,40.54094003326375,0,0,61.41116701113507
1,1,0,13.135860852877405,0.0,1,0,55.831108224384906
20,2,1,4.783978474569758,75.22098649640121,2,1,77.77280038228892
14,0,1,11.516957232992558,61.250005807194746,1,0,68.73527451864528
8,3,1,19.04165177648811,119.89494113631937,2,1,92.36844162549994
18,4,1,17.43353811032747,60.81514164873364,0,0,77.51287567019536
20,6,1,11.374002789422008,77.20475906832101,2,1,72.78078881446484
8,2,1,19.818343371807778,95.23073238741566,1,0,68.37939745104663
13,1,0,5.704507466158029,0.0,2,1,46.73628128133284
0,0,1,7.1415116757187,5.269238397634819,0,0,54.73680040249272
7,2,1,21.318111885786536,116.75878305087228,2,0,77.18398355778957
14,4,1,14.889865591542616,87.87109797017642,1,1,59.84898662405514
4,0,1,10.555563289488429,47.19383706289695,0,0,72.05778233343726
23,5,0,11.723407169823764,0.0,0,0,52.14438467312407
23,3,0,7.96684443436408,0.0,0,0,57.79966953212461
6,5,0,13.382963009037226,0.0,2,0,55.04663365746631
9,3,0,12.986942231557354,0.0,0,0,46.13534718572277
4,1,0,12.099423549313451,0.0,2,0,47.40488462908266
12,0,1,6.201218923944521,19.26998413139041,0,0,64.83678580976243
2,3,1,13.323780555344554,76.78287716517345,0,0,61.49461651882936
9,3,1,9.352442837889841,114.50895030313362,2,1,84.77638254368588
13,5,1,7.07011369755406,118.85405543791934,2,1,90.46823717476441
14,6,1,18.333712457686808,99.97997177993363,1,1,82.70151824960396
14,1,1,22.848606789176294,53.26606899493031,2,0,51.05537745650003
5,2,1,21.71310064409818,65.68912536874856,2,0,54.92351948329256
19,1,0,15.250613818811424,0.0,0,1,39.35176926842119
16,0,1,10.672074604604049,18.68000705279392,1,1,56.757384905300306
18,0,1,11.648222086976896,102.5297005230437,2,1,81.02061131485361
11,0,1,14.028011317311373,81.09491243124555,2,1,60.55493151127602
21,3,1,9.898761237694053,76.55227394267406,1,1,63.845671889586754
9,1,0,18.59405030061198,0.0,0,1,41.21759006507026
19,1,0,1.821362528357307,0.0,1,1,54.90213038181971
4,0,0,10.521372230062834,0.0,0,0,46.803582083179755
5,5,0,16.0053574603366,0.0,2,0,38.43001787436862
12,4,0,7.774201763600896,0.0,0,0,55.08181821159597
13,6,1,10.799255544110835,75.07262413556273,0,1,75.58785872427576
17,0,0,14.968217081216011,0.0,1,1,45.70471255206215
7,1,1,19.591345535188978,14.354689237361043,0,1,47.31424228153766
20,3,1,5.5303085891687775,24.823128638278167,2,1,72.04316556627823
7,4,1,5.159627561225699,94.65165540738471,1,0,75.80619912333196
12,0,0,7.269849060800796,0.0,1,0,45.81555729746045
22,1,0,4.312320747459199,0.0,2,0,48.85940155953568
12,2,1,4.668107722942649,95.04059674228803,2,0,94.59104920716268
16,0,1,7.136694011526497,38.32801414548961,2,0,59.715421480900936
21,2,1,18.167467741229956,84.38807288808135,0,0,63.662176429287506
23,5,0,10.439615909656213,0.0,1,1,45.80183713069354
11,3,0,12.156875530783033,0.0,0,1,46.11109350440664
10,3,0,7.222678716229107,0.0,0,0,58.792916468242254
4,3,1,15.167685375322911,34.09630581429044,1,0,51.76206699199876
12,6,1,21.378820139163864,17.934626513896532,0,1,38.67445519959206
22,3,0,7.561850579802893,0.0,1,0,41.67174909493403
11,3,0,20.623741855373673,0.0,2,0,35.7467243868567
8,6,1,13.822121915839228,81.48465748880987,0,1,92.9711696451565
2,1,1,12.084317496443555,57.10970929645648,0,0,68.3802803871405
9,0,1,14.000619161626206,9.035916675218662,0,1,51.748300650640786
5,3,0,13.952632494835077,0.0,2,0,43.8355680529944
23,2,1,21.28552209531622,57.94489041584284,2,0,59.3513600978401
12,1,0,14.601103659108624,0.0,0,0,49.61120870226872
3,0,1,14.705535855704856,25.035831493284512,2,0,56.499542308516666
1,6,0,9.892500900187278,0.0,0,0,49.87924602007743
20,4,0,16.19538568232202,0.0,2,1,42.17265061025808
22,4,1,7.215765131885071,32.353203938626265,0,0,57.732559024287006
18,0,1,12.54501994789797,78.26932420984741,2,1,75.75297496300922
2,2,0,26.41641777890414,0.0,1,0,34.53532910593947
2,4,1,0.0,14.189629596635323,2,0,77.02849740897607
4,3,0,13.165734981677257,0.0,1,0,52.872172458198115
18,4,0,13.358114604394485,0.0,1,1,38.91926007424663
18,4,0,10.859554787563987,0.0,2,1,36.95594701235498
20,2,1,10.977403694662845,105.19251077900707,2,1,79.84974567696028
2,5,0,12.457048865807415,0.0,1,0,36.368507441933666
3,1,1,10.739983622677343,38.37574942105831,2,0,56.17303407807049
21,0,1,13.109898644105021,116.44161355724496,0,1,77.51008219428466
22,6,0,9.561946470915505,0.0,2,0,44.734202543159654
17,0,0,22.111964093735395,0.0,1,0,34.789461536698255
2,1,0,10.739931283513242,0.0,0,0,47.58543375284872
1,0,0,14.848057038123581,0.0,1,0,41.466534702604584
1,1,1,8.654819500783915,33.74167565709452,1,0,52.66736517257032
16,2,1,16.665715152005735,97.44779592432818,2,1,85.4933619253966
20,0,0,15.667338936756673,0.0,1,1,45.69003525622611
15,3,0,14.09630118266085,0.0,2,1,39.36724867271802
6,6,1,6.8633232189074,102.81354118078478,1,1,78.40506750947357
18,0,1,8.237984797182396,119.29095802086385,2,0,78.42362013250171
1,6,0,20.430864928730905,0.0,2,0,26.33154068776432
19,2,0,8.182631461446602,0.0,1,1,56.83356334986947
21,4,1,15.204510851062523,86.74942689622732,0,1,80.72892662968782
17,3,1,7.276643349093488,63.54035475401981,1,0,66.74373482436697
21,2,1,17.041916178008847,48.71592553374495,0,0,69.34648278596481
14,0,0,8.568013212513076,0.0,1,0,53.079701461895645
11,4,0,7.1840605623,0.0,2,0,50.878779753171386
7,6,0,8.438287616515492,0.0,1,1,55.144887139792424
22,3,1,9.230987016694883,31.829947896629914,2,1,63.70337905424445
16,4,0,14.023366774621099,0.0,1,1,45.01072606276099
4,4,1,12.346918530688917,16.629983570277517,1,0,49.02261505460267
22,2,1,6.5242196004358455,64.34796674810222,0,0,71.4448498635354
1,0,0,11.860264931005899,0.0,2,0,32.64798983412231
14,3,0,6.282492963544518,0.0,0,1,43.568168863000054
4,6,0,15.217786825004897,0.0,1,1,57.227060185164206
15,2,1,16.134514494362037,13.97082348337451,2,0,40.362495450331224
9,6,1,11.880263307253191,104.71168525569745,0,0,67.33962502451132
10,5,1,13.358267014963808,61.15824877587389,2,1,72.95048154064538
16,1,1,20.76062055332205,38.62205879804054,2,1,53.898137651428094
18,4,0,11.211985038039405,0.0,0,0,48.46939237892942
9,5,0,7.278710249745552,0.0,1,0,47.91684344291404
23,3,0,14.895976179688951,0.0,2,0,50.36931037923107
11,4,1,6.336731171173276,78.0073500260553,1,1,89.47058631734329
3,6,0,10.947155183635287,0.0,2,0,42.07068791084103
0,4,0,9.005049769582413,0.0,2,0,52.85901361479296
4,5,1,8.49090083395565,116.60435743389169,0,0,97.96677508684081
16,5,0,10.749562021777447,0.0,2,0,41.77823867986834
12,5,1,16.499456631070412,32.01355194881249,2,1,65.08180196946215
8,5,1,17.528343941620932,61.479547529850265,1,1,71.41650414416843
11,1,1,16.631029315453354,0.6234632368421833,2,0,31.977295262984107
20,0,1,13.681770445642073,53.09381857422224,2,1,75.3972433953788
13,1,0,10.71141719306172,0.0,1,0,36.91423358349087
1,1,1,0.210875023000213,89.88217421043063,0,0,80.79050497568647
1,4,1,13.838304966386373,90.9304061018057,2,0,81.22431018379565
11,3,1,0.6033413762055648,73.88818135685393,2,1,88.70986790164623
9,3,0,2.383163617634935,0.0,0,1,53.88289535007897
20,0,0,11.191661721065264,0.0,0,1,41.00772454123364
13,4,0,13.322886223152487,0.0,1,0,42.260786367842044
18,2,1,9.744575480853698,60.85123430564761,2,0,65.47439744733704
14,5,0,19.67765574296984,0.0,2,0,45.987648803526014
8,0,1,14.310508287592533,13.611946665918522,2,0,45.06875691123539
15,2,0,10.752960466023712,0.0,1,0,41.18285841688451
14,0,1,18.93154972590898,43.25871503019901,1,0,43.17734062889786
17,1,1,19.825566737820452,83.86234113406097,0,1,63.73752630024225
4,6,0,14.562793467373346,0.0,2,0,42.402805401450664
15,3,1,8.123711701212518,119.14323321959513,1,0,81.15796577454267
6,3,0,9.24864784489134,0.0,2,1,33.64328710878809
18,1,0,4.766306435033315,0.0,2,1,59.02662327616666
19,1,0,11.787915600997433,0.0,2,0,37.56632688062305
14,4,0,6.749792792777338,0.0,2,0,39.125512734164325
22,6,1,10.354626154017408,64.86215712169445,1,0,81.97425222738917
12,5,1,13.303001515275806,81.24207877632534,0,0,79.58251028316535
0,5,1,2.0814567899803045,28.349965284555942,1,0,71.46120777886028
14,3,1,5.681293657393815,33.55079392624213,1,0,66.23934832784116
18,0,0,9.465759725823371,0.0,2,1,57.91837982907835
2,5,0,11.737363156384138,0.0,0,0,52.67733530690327
2,5,1,9.53054600130946,32.44985441954698,2,0,55.97749028484227
6,3,0,10.647410343068115,0.0,1,1,37.96168543348344
20,0,1,8.469064019372212,17.940985892737643,0,0,44.238927663004894
12,4,1,4.753000790956869,97.11718774241253,0,0,84.07103387036084
23,6,1,9.326246113041506,106.31657967165704,0,0,75.94985708750862
20,1,1,10.934157375348477,108.56663348760168,2,1,77.86953617424311
13,1,1,10.448049481968757,98.59604047335004,1,0,79.9318303565469
16,5,1,12.558979593982265,16.47470678113551,1,1,61.902005928506156
7,2,0,14.094472852375986,0.0,1,0,31.639801362210235
2,5,0,15.408631134483349,0.0,1,1,42.91089863463948
9,4,1,8.832245822443046,62.571234366999796,0,0,59.82267052015696
14,1,1,4.121015980401076,87.93878309520834,2,0,78.03101584255397
4,0,1,18.357981828643034,26.74569043874509,0,0,57.11341854024531
5,3,0,13.92722957805544,0.0,0,0,37.07153879262082
0,2,1,7.226688244130307,37.19157515942602,2,0,60.12873637073158
17,5,1,13.388525282462107,69.33707410961735,0,0,69.68533315568837
21,2,0,17.33997366634062,0.0,2,1,46.737444250803286
19,1,0,20.645882626196958,0.0,0,1,34.100154316924275
9,6,1,13.253051380788655,90.42689338000048,1,1,86.13321162433085
14,5,0,17.298353186749303,0.0,1,1,37.6002642849475
23,4,0,5.951989638426379,0.0,0,0,54.11323333126407
14,6,0,11.820486242016617,0.0,2,0,44.02429457920221
7,5,1,10.324936753718402,47.095553678238794,2,1,69.15073801339439
8,6,0,13.712849258521048,0.0,0,1,60.24978126095879
17,5,1,20.055969677181107,96.41977201981635,0,0,70.48134547537437
10,2,0,13.249446971396292,0.0,2,1,44.272318107586415
20,0,0,7.311546303665616,0.0,1,1,45.69454279901191
20,4,1,5.682807100580594,49.43007009528842,0,1,63.06669874785
0,5,0,20.228900313769692,0.0,2,1,33.22250529682191
17,6,1,14.568967061926163,54.8316683107607,1,1,62.38673559486659
8,4,1,14.240406734875284,116.35757589228828,1,0,78.116999502215
12,3,1,10.281343057209147,34.90402550975719,1,0,53.01825909007294
6,4,0,13.339308923339217,0.0,1,1,19.004543868295862
8,0,0,7.06520046936595,0.0,2,1,60.427449522947846
7,0,1,13.93599177851826,57.74165292117927,2,1,77.21120287025795
1,0,0,6.125649317129861,0.0,2,0,55.28954313438072
18,6,0,10.203557774861203,0.0,2,1,39.846097444535815
3,5,0,8.785534256702972,0.0,1,0,37.86367249676185
9,1,0,0.0,0.0,1,1,42.48398313590903
4,2,0,10.266156867332965,0.0,1,0,51.900352006325996
3,3,1,7.505667877685357,4.976508559172825,1,0,60.859623851875284
8,1,0,10.94805058054608,0.0,0,0,47.57025655132646
22,2,1,12.00861400240927,108.70537255506302,1,0,90.30261238017687
22,2,1,20.83965971490792,91.66666024425464,0,0,73.97037743781833
9,4,0,13.523544985787545,0.0,1,1,38.01411257596725
12,5,1,13.67056316491769,10.391537704442818,2,1,55.77632653210184
23,0,0,14.478069176096223,0.0,1,0,50.982113331854684
5,3,0,16.35904256120563,0.0,1,0,33.98889495160823
22,6,0,14.27139726927259,0.0,1,0,50.0397273438147
2,6,1,13.408565122120596,73.8908746101074,1,0,68.95410484918546
5,5,1,15.556234592815716,41.98437792937676,2,0,55.162432102370936
8,5,1,0.0,31.775883926340626,0,1,69.24642691639468
0,0,1,22.44525791639413,14.17561947520455,2,0,44.88296444833037
19,6,0,19.948649223566992,0.0,0,1,46.1505650026242
20,5,1,13.08567875929645,59.2923259355453,0,0,58.48933975247636
9,6,1,4.9349677479561675,117.97381130927248,2,0,96.86765233647603
20,6,0,18.051752162464723,0.0,0,0,31.278826113854375
18,1,0,8.530617504676446,0.0,1,1,46.74547592277776
19,0,0,14.669205082874678,0.0,1,1,42.36801264923739
19,4,0,5.5854719910726685,0.0,2,1,58.291992418120465
13,3,0,23.132034494865614,0.0,0,0,36.56847777741849
2,0,1,4.7889161894568995,50.751290760498705,1,0,66.83709353765913
22,1,0,12.344930351582507,0.0,1,0,56.53149055224224
14,6,1,1.3890639274425354,28.01473031885509,2,0,60.26193143580621
21,2,1,11.79388773901839,4.092026387691368,1,1,43.227880473103426
23,1,0,9.873573974308622,0.0,0,0,32.08917736870154
4,4,1,17.68591696952983,100.36342109203058,2,0,74.24353617697084
9,4,0,9.873102842040673,0.0,0,1,39.58404880810588
4,2,0,17.69311791423165,0.0,2,0,38.83967097400923
1,5,1,6.879397162056645,77.55601987891906,0,0,78.5607554135836
23,4,1,10.59019198477628,110.83768497284062,0,0,76.64021262435628
22,1,0,10.69043951039747,0.0,0,1,39.86380750743944
22,2,1,14.477941278164586,15.441160824941576,2,1,36.026381057936256
21,5,1,13.841872132035283,2.6575520108043538,2,0,40.77814288435965
15,0,1,15.611125774616808,20.68937576354783,1,0,42.196508251691746
12,0,1,13.334153016448695,97.67430933907065,2,0,95.67221965120704
23,4,0,15.306574133065578,0.0,2,1,54.787048268075196
13,3,0,7.5106803565343085,0.0,1,0,59.72618617908523
15,1,0,13.943993334406171,0.0,2,0,33.48652489690151
5,3,1,20.041029637228405,96.81365028023792,1,1,71.43303176195991
17,1,1,3.600036163062015,23.401829214668837,0,0,50.685089954968994
19,2,1,14.44503977484464,16.782478811764907,1,0,64.06041314407071
16,1,1,15.383898889690588,10.705226151931303,0,0,53.08837449037927
11,4,1,19.305931887358415,102.15911358268933,1,0,66.89025793978385
4,4,0,15.630234666451047,0.0,0,0,45.451601782045486
0,6,0,12.501579710793543,0.0,0,0,33.13823721747459
15,0,1,14.150365977550193,87.29609546530493,2,0,73.14147384075844
16,2,0,8.324810827193298,0.0,1,0,46.93564797855199
18,1,1,10.060159638211271,46.17469049894359,1,0,69.03019412442771
22,4,0,5.321485801490026,0.0,0,0,58.645529039344005
11,3,1,19.435147571721117,110.01186113773194,0,1,78.11862515884533
19,6,1,14.25078659475423,61.57147607068095,2,1,63.357382273107575
17,6,1,7.419437698376931,14.647373529957438,1,0,28.308938964691432
6,5,1,13.356784813312922,117.42207988952394,1,1,97.90929114456112
20,1,1,17.796738549971664,47.403424966891194,1,1,52.093080016459965
1,0,1,16.96396162727192,38.279359690491404,2,0,55.64378024264765
14,6,0,7.361806934167993,0.0,0,0,67.18329357132868
22,6,1,0.0,1.5155545193658115,2,1,45.978002540520706
15,1,1,13.9769304244819,72.4408006982377,1,1,69.34290708866419
22,0,0,7.565651840808834,0.0,0,1,52.922346113130956
1,4,0,15.111637529902504,0.0,0,0,51.65038281102729
12,4,0,16.751351941681207,0.0,0,0,41.60867863812943
18,6,1,17.56816555581691,63.361056059872034,0,1,72.5264958809778
15,4,1,20.723702429892658,52.248822607034235,1,0,53.382999351875995
21,5,0,18.181784590386517,0.0,0,0,44.802712398051
11,5,1,20.74774414392011,26.187943436906572,2,0,50.879238515363255
16,0,0,18.895301716176654,0.0,0,1,39.15488765160797
10,1,1,19.331087870110835,118.05935509265994,1,1,83.44390491435954
20,5,0,11.795659303511137,0.0,1,1,38.56694940858277
2,1,0,5.553367843838114,0.0,0,0,48.16810808223666
6,1,0,24.411351272412062,0.0,0,1,25.175875610527143
2,5,0,12.3147646760801,0.0,0,0,41.615708744391924
16,1,0,18.14354031987117,0.0,2,1,49.59062451075023
5,1,1,9.248625844878891,59.897879144375075,2,0,71.92867049528753
7,0,0,16.819612212728195,0.0,0,0,44.00775634316888
20,3,0,0.0,0.0,2,1,42.2089590783107
8,4,1,9.94778304499523,29.151263209073836,2,0,59.80512839365515
3,5,0,11.507944583038558,0.0,0,0,45.29144105580083
0,6,0,14.313043841525932,0.0,0,0,47.848890942896944
5,4,1,17.36012338300554,11.49508188219996,2,0,56.20091260441325
21,5,0,6.529285391848424,0.0,0,0,46.50521063190382
13,1,1,15.29984094460102,114.84314420461088,1,0,80.4303811635298
23,2,0,18.133334883183707,0.0,1,0,47.83838275419993
5,2,1,23.729557913771288,75.10852456184936,0,0,57.47698056619939
8,0,0,15.533139919187668,0.0,1,0,43.272624711355306
3,6,1,9.70247009259389,41.66677560320427,1,0,45.848687480000706
9,1,1,5.641176714458695,18.042968335322698,2,1,54.33765280313908
13,3,1,21.14601148932615,98.6316737987518,2,0,83.04444554740428
19,2,0,15.686709677964709,0.0,0,1,45.134124573038775
8,0,0,11.890121842098802,0.0,1,1,52.68324201331584
18,6,1,3.900908528890909,7.607465696511588,1,1,62.19240511721329
15,1,0,7.344080245509736,0.0,1,0,59.91880411816391
7,0,0,15.156601443869683,0.0,2,0,40.09737731610656
21,2,1,13.7691651206295,80.92917522604348,0,1,79.84812498126801
10,1,0,2.2683422051677304,0.0,1,1,71.1662765361237
3,6,0,15.163062782509142,0.0,1,0,42.659049450158996
23,1,1,4.1578177589002,37.60851612066875,1,1,54.27942124606415
21,2,1,18.770045343011297,18.52421472058014,1,1,41.707802763046274
1,1,1,13.042779574524786,3.789536389770456,2,0,49.63880825780857
21,0,1,9.682892756253501,5.039682326968444,1,1,35.72390526968496
22,0,0,16.950771695553364,0.0,0,1,35.34270549923574
19,3,0,13.767496442228923,0.0,1,1,41.34774006038439
6,1,1,18.624638042525092,6.487400946870463,0,0,43.24974423025609
15,0,1,12.402378066947836,13.464277150338528,1,0,64.16267466774913
12,2,0,12.694096832028569,0.0,2,0,50.34723300128257
14,1,1,10.573747837010455,112.64162583625698,0,0,77.05466788619879
14,2,1,13.314835713835816,48.957383078149185,0,0,92.42407387163391
15,6,0,20.489754398946268,0.0,0,0,38.47603413519343
12,2,1,9.486179149694781,116.82981721368968,1,0,74.85811514441562
16,4,0,15.23977574665318,0.0,0,0,34.50113060520235
12,5,0,7.597782084960245,0.0,2,1,40.662083031238936
0,0,1,1.6663394116077548,73.9080953018064,1,0,68.75091216460157
0,3,0,13.037293701850547,0.0,2,0,48.67386656632749
22,3,0,13.852027117347115,0.0,1,0,22.583032145493885
21,3,1,11.44974365278758,93.95861411528617,2,1,86.58372759646892
14,1,0,4.5200751461388196,0.0,2,1,57.89920574864771
4,3,0,13.521505373208107,0.0,2,0,40.53096232863805
18,0,1,13.33156817069723,88.7246849677766,0,1,82.71408755623031
3,6,0,7.556096844537133,0.0,2,0,40.21318147818151
9,4,1,5.2325421426349,103.63189433341077,1,0,80.34654438098251
7,0,0,10.738060361470163,0.0,0,1,50.805948224508654
0,3,1,15.264646233888842,89.3893911878004,0,0,72.39823998866022
19,6,0,14.083273658959953,0.0,0,1,38.73252705148936
12,5,1,7.595815010829609,112.64345116794064,0,1,87.4402811117451
7,1,1,12.684625425110037,25.147881138217212,1,0,64.20417346843674
12,6,1,16.435632027377835,9.277171610929557,2,1,55.33846703295547
0,1,0,6.136671453665927,0.0,1,0,53.49967368216246
10,1,0,12.31577684021597,0.0,0,0,42.303928165655286
12,1,1,18.698204900854364,81.59872619589977,2,0,72.77229284765843
8,6,0,5.625339223530509,0.0,0,0,43.600149811366656
19,5,1,17.777631455247544,3.2107973947878055,2,0,51.2532602787456
5,3,1,20.095937261611926,96.24556092128903,1,0,80.21259553363886
3,4,1,10.888972374145567,72.01544153778909,0,1,86.9469458812909
12,1,0,10.284956904918596,0.0,0,1,40.35461976944208
21,0,1,17.165472095097797,41.74769075644792,2,1,48.46893367892095
9,5,1,11.069348124852404,74.0374151362319,2,1,76.46821017711433
1,6,0,0.23436649652453845,0.0,1,0,52.62240836958357
23,0,1,11.506027026552102,61.967450490397695,2,1,75.4783393508929
10,0,0,14.352019840972813,0.0,0,1,54.06006441069481
4,3,0,15.70041926791234,0.0,1,0,56.06210223701111
14,0,0,7.596854176240386,0.0,1,1,49.38970304052604
7,5,1,10.650994402636957,59.38854988173331,0,0,74.30827387978297
22,6,1,16.884536320761498,76.75305282075506,1,1,64.2202634221674
7,1,1,11.700006892933313,68.4625278979417,1,1,71.33959925895054
13,2,1,4.3563100301954325,85.54993702108587,2,1,81.0299339524792
13,6,1,18.18819004810188,4.6793572289358165,1,0,41.233035307165615
5,2,0,10.929444888113775,0.0,0,0,60.847777690983044
11,1,0,17.456093885906903,0.0,1,0,30.29848552647661
2,0,0,5.022716520667253,0.0,2,0,50.94200094777422
15,5,1,11.395066262054575,84.27526011812795,0,1,75.81045217655522
18,6,0,14.548680118386173,0.0,2,1,48.507462247938214
22,0,0,11.56427569249506,0.0,0,0,36.97120093855787
7,5,0,6.084968988395036,0.0,0,0,47.74014367030063
6,1,1,0.06598346578242698,77.33782087808169,0,0,77.24931668791713
13,0,1,19.6163256475168,38.320149448508666,0,1,34.703697493153825
16,2,1,13.240191009506626,1.693186905111621,1,1,54.30028693847253
23,3,0,17.83400526395569,0.0,2,0,28.973337155315768
0,5,0,16.643345496802247,0.0,1,0,28.859573166253426
5,4,1,14.984234130597896,17.643294215785343,1,0,56.76878985538056
6,1,0,10.393313224264661,0.0,2,0,44.00650870206776
6,4,1,14.448834628195643,112.38351790919852,0,0,80.37289107084669
11,6,1,19.162684731853624,7.946704878721489,0,1,40.20143971409223
20,4,0,12.415054641368785,0.0,2,0,53.6629217449442
0,1,1,21.50850522199595,108.24591973752904,2,0,71.26469910877881
19,0,0,4.50289056766572,0.0,0,1,56.15821301992277
14,3,0,3.965456943687766,0.0,0,0,42.69822574910076
14,3,1,16.94037607259697,101.50235073806522,1,1,79.61388279439088
16,2,1,7.906285317395609,78.39467292730943,0,0,83.33464049903556
2,0,0,22.216684602143893,0.0,1,0,48.46742346654534
17,0,1,18.68670685616472,75.55864594272163,1,0,54.10312509998352
5,3,1,19.937857533790208,16.385134196181475,1,0,42.41093591427254
12,6,0,16.42218152775625,0.0,0,0,54.64916241685693
16,4,1,7.3920818816485285,108.35947417903637,1,1,94.38710172627071
14,3,1,3.7032919993240405,62.60175175420491,2,0,72.35588367947186
7,6,0,19.47647334594511,0.0,2,0,39.44929393499752
9,4,0,4.502158969939714,0.0,2,1,53.774422598233954
11,5,1,19.9244284386376,102.90804381377454,1,0,72.09441915366975
0,4,0,15.348073801146777,0.0,0,0,47.098743457065076
17,5,1,11.61873673089949,10.611541721193781,0,1,53.343120869940414
2,3,1,14.210238421676555,109.51830935193048,0,0,73.04497090454963
11,4,1,14.326454677245497,109.25131846099359,1,1,77.85862167952354
15,4,0,10.9879480570646,0.0,0,0,42.57694568200324
1,5,0,19.12843617459657,0.0,0,0,37.65307001216784
23,6,1,18.95700430299767,26.956493398251258,2,1,51.428180207577064
9,2,0,12.778296509104706,0.0,0,0,46.221155539297165
0,4,1,9.000028066498476,24.952455734004012,0,0,50.77529072250673
15,0,1,18.529770222021455,58.07854069724644,1,0,71.22587086753207
13,3,1,1.8871980993059019,6.9321004180429835,2,0,55.956926009449376
15,6,1,14.219463035056615,19.200741973368483,2,0,62.0536417688661
18,4,0,15.697875541044608,0.0,0,0,53.96319309048645
11,1,0,7.858240826109938,0.0,0,1,40.23978201565606
19,4,0,16.868927437188233,0.0,1,1,37.5821487791765
8,2,1,11.868070693416866,24.794729909110792,2,1,50.84557615451471
13,3,1,9.27149939025441,10.622603170893314,0,1,53.80719591762482
3,1,1,16.81611669831836,93.66576672128656,2,0,80.14139701009108
14,4,1,6.571577856511254,41.86005943186429,2,0,65.56916926305789
6,1,0,16.345966682819398,0.0,0,0,37.515987700884985
16,3,1,2.0882689309037215,119.05548305466881,2,0,108.21163340271761
19,6,0,13.428522233655983,0.0,1,1,40.749769696658745
20,5,0,12.219219781067471,0.0,0,1,51.159252468388125
22,2,0,9.301521165671199,0.0,1,0,47.26148224214816
2,6,0,13.948124339445055,0.0,0,0,43.32016549041474
3,0,1,11.60214935316106,85.9718523617525,0,0,81.19844752064708
22,6,0,17.273478136527736,0.0,1,1,53.52523864255237
9,2,0,14.800754944017175,0.0,2,1,45.59932805301199
0,5,1,14.263471164371763,51.66502316405428,1,0,57.76131162127249
6,6,1,13.459306017801023,55.2801417121816,0,1,75.42118494083871
20,4,0,9.63916771726479,0.0,2,1,51.23942208066275
8,4,0,10.490982250121514,0.0,0,0,47.97011605532137
1,5,1,13.241079201104446,91.80787066344104,1,0,84.76128835413319
17,1,1,11.13320256446432,45.89400484924258,1,1,64.73408961650236
4,1,0,17.55726415216498,0.0,2,0,60.6098088455616
8,2,0,12.467250947718764,0.0,2,1,45.04105662078728
0,3,0,13.879833039125655,0.0,0,0,53.09335856867856
14,5,0,4.9865803305221945,0.0,1,0,54.54664121352731
10,1,1,16.716151360301886,26.16133944537404,2,0,54.29302495611826
20,3,0,9.094132031628282,0.0,0,0,44.82807907162074
8,0,1,6.786732088516431,58.251266306037806,2,1,67.10164280013787
4,0,0,20.230930045562857,0.0,1,0,42.78830966273994
3,6,1,15.488107612162958,116.751055647763,1,0,76.5262929300296
4,5,1,16.885478594458874,56.728331670140754,1,1,56.74214286388145
10,6,0,14.272480914536589,0.0,2,1,43.704401711624435
2,2,1,11.534246020481445,116.48770130894133,2,0,96.46628077003695
9,3,1,10.601979959718683,61.66581497088813,1,0,68.74570824577764
20,4,1,15.89555092728335,8.767172560399224,1,1,45.869600222800884
18,1,0,17.662595211191466,0.0,2,0,32.40100117603261
15,5,0,11.65908126037077,0.0,1,0,59.23823374172548
21,4,1,22.362714323504008,59.375506683301815,0,1,66.7481836572326
18,2,0,11.013407251445953,0.0,2,0,55.94691294511989
15,3,1,5.029957775550138,101.9592009830658,0,0,75.04052265468235
20,2,1,3.392386295030116,81.76603331714486,1,1,83.71662598060848
2,5,0,3.5611231606033655,0.0,1,0,44.645064287995
19,6,0,9.930941037137526,0.0,0,1,53.22828253390006
7,6,1,10.839909894436085,80.92797035926874,2,1,77.22639918199525
17,5,0,15.412998188399458,0.0,0,1,46.82024404772198
21,2,0,11.856959823731144,0.0,2,0,39.781546778097386
11,5,1,16.216855173170924,51.971123120060895,2,1,51.89765330126241
2,1,0,12.224464163114137,0.0,1,0,40.0946049535142
8,6,0,12.06760713063433,0.0,2,1,47.80831768223022
9,1,0,9.112425629957764,0.0,2,1,45.77222500088471
22,2,0,19.112942301989065,0.0,2,1,41.73492638648811
22,0,0,4.342578517110026,0.0,2,0,43.334166828996075
13,0,0,13.50655145356941,0.0,2,0,44.14247061305088
22,2,1,11.091747691253833,108.21208239875709,2,1,95.16165526964708
10,3,0,15.908772987522504,0.0,2,1,44.931669091978705
9,0,1,11.895852994220755,87.71190092792774,0,1,79.34174317152389
20,5,0,12.043218528079493,0.0,1,1,48.58870657040174
16,0,1,10.666801888451444,46.262823353020075,1,0,58.5631091082083
12,6,0,18.96628202065999,0.0,2,0,52.88089465528132
10,1,1,12.012029425301451,111.30806032904059,1,0,87.20438980263812
16,2,0,21.848256058067363,0.0,1,0,38.93900256391306
18,1,1,13.361235408137679,113.83056550613273,2,0,89.64749665960643
11,5,1,12.108799203986635,52.35680302376716,1,1,71.16339262777308
0,5,0,11.27336520072781,0.0,1,0,36.01647507233736
2,0,1,14.821234498425891,105.14675651455858,2,0,80.39528208751221
3,0,0,9.058033135463969,0.0,2,0,65.63502442198958
11,4,0,12.728711995195184,0.0,2,0,58.05953788671845
14,6,0,12.040685070539093,0.0,2,0,44.51623204623474
19,0,1,13.626238496325948,61.47701547459001,0,1,71.43995872569504
5,1,1,13.750151631308775,66.29029813703282,1,0,64.58861492272351
18,3,1,14.009974400919566,50.12241331968606,0,1,64.16417968373278
15,0,1,12.47452373086646,79.71512261868806,2,1,69.25414841605557
1,2,1,19.844717461746868,38.97478533403291,0,0,48.96314569325955
8,0,1,14.112844080912419,88.75913729531948,1,0,70.04058590164531
7,3,1,25.02993144179664,60.6138432678592,2,1,69.64947044883633
21,5,0,12.249257042829363,0.0,1,0,41.357004605089664
22,2,1,16.794566462275874,17.667350184633083,0,0,56.882086131664565
19,1,0,8.369753958126596,0.0,1,1,44.85089480725
12,2,0,19.00394627655652,0.0,2,0,35.427724883741206
11,3,1,8.478580316127651,44.38191666660038,2,0,66.86604993735527
7,1,0,14.279390089780474,0.0,2,0,33.18662420522687
18,0,0,10.677863992179368,0.0,2,1,51.77504052769142
2,1,1,14.260038985584412,43.96292387753531,0,1,57.88995372089558
6,6,1,10.826018815642549,28.11610569242422,2,0,51.773746763235266
3,5,0,8.05373553039392,0.0,0,0,42.43313802032836
11,0,0,10.642038551011076,0.0,0,0,62.25705846446739
7,2,0,19.70790062070823,0.0,0,0,38.959196800185694
4,2,0,14.336381342525739,0.0,1,0,42.91906745283474
9,1,0,5.555749850604344,0.0,2,1,57.53901202608526
20,5,1,17.476913506200297,37.407000524253455,2,1,47.37775352218571
13,6,0,7.542429098363605,0.0,2,0,58.040437448373325
19,1,1,15.71679644029076,73.59644806820616,2,1,67.89938386925024
21,0,0,14.76582573797953,0.0,0,0,32.117180972453866
21,1,1,15.081552331256773,24.64276096121178,2,1,47.31577710003981
8,4,1,21.2659458308409,70.43760536531421,2,1,53.87914460634154
21,5,0,7.856795375489924,0.0,2,1,49.363792808697184
21,2,1,15.053973879434144,65.32515109088789,0,0,59.471895037462
23,1,0,18.29794306216193,0.0,2,1,33.132036594882244
8,1,1,8.78329149187564,100.67280814300126,2,1,85.54646084189287
5,0,1,8.271232097425028,47.14502655804192,0,0,65.2352463720428
14,0,1,10.564062306137828,33.467629756634395,0,1,67.93567519848516
22,2,1,13.623665179110338,64.65661602141572,2,1,76.04968611636725
21,4,1,4.947618630195241,8.361756920931471,0,1,54.459456329010166
13,0,0,14.757009954291577,0.0,1,1,47.19157790301407
3,1,0,4.958066291271367,0.0,1,0,39.77332520120199
10,6,1,18.46665412903723,26.16945000398726,2,1,54.9543117541222
17,6,1,14.568834140450615,0.8659890256041658,0,0,46.933640857380205
13,4,0,21.56569936067802,0.0,0,0,45.380077402003934
8,3,1,15.34391880304649,97.93866440945152,2,0,74.5535810616992
8,4,0,10.476197744395039,0.0,2,1,44.23892949659445
1,2,0,8.006614323911682,0.0,2,0,46.26455783307679
6,1,1,13.194455290389312,118.07819433855344,1,0,97.24847746551268
16,2,1,11.848747057610625,32.25068200784884,2,1,59.072124161959735
5,4,1,17.930695174386383,87.69776785440483,0,0,59.3819785947005
23,4,1,7.3569059182257535,19.45230931361438,1,0,61.077834100834075
1,4,0,22.10451000230489,0.0,1,1,33.610006640362734
14,4,1,18.37388470857497,0.052030222287000605,1,0,48.99574909402011
11,0,0,10.98238184871428,0.0,2,0,50.52410243701302
19,4,1,20.989104488188097,117.17190221080052,2,1,89.14243617537709
21,6,1,8.084359524713637,80.48282856019543,2,1,85.01237704039443
13,4,0,13.027948949576142,0.0,0,0,52.07657652007096
15,4,1,5.61764474215173,94.9638698179729,2,0,92.8190340445138
16,1,0,21.23284628150705,0.0,2,0,44.534196704224556
12,5,1,3.76306593459511,58.472540488476675,1,0,66.90419765505602
4,3,0,4.797791518689211,0.0,1,0,42.01308730211085
10,1,0,8.826434464693982,0.0,0,1,41.29682495888309
5,3,1,18.611618373380807,113.17369407548884,0,0,85.56705696629932
11,0,1,16.774224430394426,19.332335645480065,2,0,30.55976253920142
14,6,0,12.610253141145533,0.0,0,1,44.78860250088265
5,4,1,17.094631055836476,17.464520954535544,2,0,45.309966059836654
5,2,1,11.422931376444254,12.672709340463957,0,0,60.08785930072335
19,5,1,14.112143896339981,62.64300703080704,2,1,64.69763882071716
9,0,1,20.25863037828058,47.60511495533457,0,1,52.50674652217856
4,2,0,10.766905633978933,0.0,0,0,56.91459629915891
17,4,1,8.168136896141469,17.423385204774696,1,1,53.828411700086924
17,0,1,14.351858571634953,4.519005550495239,2,1,43.07269869892654
19,4,1,15.701371537457753,2.9507939565631425,0,1,39.557872631787816
18,5,1,12.552238685726394,21.41641125685533,0,1,54.73907839072767
23,4,1,17.016906568530164,89.23791508208497,0,0,69.9678855383982
13,1,1,10.993704318832439,1.7723961850929904,2,1,44.20241886238065
6,5,1,12.63773004791746,36.537290983219044,0,1,69.27972902719786
20,2,1,13.87287441281805,67.77456852453986,0,1,68.01393820686698
6,5,1,13.436805190187224,89.24442821231328,2,0,71.9003700811562
6,4,1,20.066358146444244,81.34702787508652,0,0,59.457534120013214
19,0,0,13.847781250001661,0.0,1,1,45.509880705322416
21,0,0,10.480489325393245,0.0,0,0,42.1376192617967
8,0,1,14.639908507455058,0.01664736031135483,0,1,40.34723732223599
17,0,0,17.044254201350633,0.0,2,0,34.55236256926888
22,2,1,15.871177207593977,11.702245250403003,0,0,47.974038600837034
19,0,1,15.594037855814893,117.02852263008046,1,1,73.05814799259845
0,6,0,4.509749282429826,0.0,1,0,54.68393142249846
15,6,0,0.0,0.0,2,1,50.628221013182184
4,1,0,18.37632269310312,0.0,0,0,46.03204754225399
20,2,0,14.19428723103066,0.0,1,1,47.52667467549968
1,5,1,11.89211291692365,48.91390516384983,0,0,63.43822961809814
23,4,1,15.471565138900774,105.10577226254647,2,0,86.17891136988193
4,4,0,21.636549678329565,0.0,2,0,50.146359082604576
10,6,0,19.067655829232052,0.0,1,0,49.893832428729375
5,4,0,16.81110286400979,0.0,1,0,31.06420114763662
19,4,1,7.566371835836782,109.88968089454421,0,1,82.56536407526978
9,3,1,8.216045985150618,94.14459595552883,2,1,77.51422738768329
17,3,0,0.06797659316146465,0.0,2,1,60.05449902486383
1,2,1,15.1675673694246,102.58395410047801,0,0,74.59249737453602
10,3,0,17.54313598730583,0.0,1,1,36.47361996257614
21,6,1,17.95089023095756,82.14896723015626,0,0,63.518019008562874
22,2,0,15.37715235638388,0.0,1,0,45.08939049009354
5,0,1,11.22966570886343,23.365680811349474,1,0,59.271666995938716
9,4,1,9.178612690449281,37.616448454401215,1,1,51.13001042294842
9,5,0,7.873176019546175,0.0,1,0,44.58753402703975
13,6,1,11.182875754174004,118.77251817435618,2,0,72.46384691242852
12,3,1,7.1108687305177565,31.670019653567017,0,0,41.262319027068514
2,5,0,20.779770325042936,0.0,0,0,42.25351031089151
18,1,0,5.4881422346719955,0.0,1,1,53.13289688379127
5,2,0,11.014733615553885,0.0,1,0,47.56745524754668
7,2,1,2.3189079328456295,63.36003065543759,0,0,88.01670802507132
20,2,0,13.482774306490324,0.0,1,0,30.80789429407536
16,5,0,11.988081451214349,0.0,0,0,28.768698836483132
9,6,1,10.216048231802302,9.726838978981721,2,1,41.24480953672451
21,2,1,7.336083669849731,109.75475875722753,2,0,70.5881785267052
9,0,1,12.012309177938082,69.20769893566462,0,1,64.70599991734211
13,5,0,9.277695549928811,0.0,1,0,52.24071900877036
5,5,1,11.315660553166653,24.895355583372716,0,1,57.03333799771546
4,6,0,21.787150009589965,0.0,1,0,45.79041045340148
11,1,0,12.860886079462846,0.0,0,0,47.67743041509698
13,5,1,14.664336039870165,5.9715901951884565,2,0,42.126264998166704
19,5,1,9.677676121597525,86.398241955135,1,1,73.28955116819047
9,5,1,8.07782245162619,31.650817733784425,1,1,63.11516992490256
21,5,0,11.88521143275676,0.0,0,0,33.250532152276094
14,6,1,24.519630024261122,64.48355102243993,2,0,32.532035319347386
1,3,0,10.562861525530197,0.0,2,0,49.67149685580456
17,0,0,13.807189016824113,0.0,0,1,45.8285807057303
13,1,0,7.858007424547299,0.0,0,0,61.26798478258568
9,6,1,0.0,29.29193777458274,1,1,70.82366197370261
11,5,0,8.05084334034172,0.0,1,1,51.03275256721795
7,0,1,23.903547636768806,31.673838567919553,2,0,44.46596217795313
14,2,0,14.97695147362383,0.0,1,0,36.52940984596593
13,1,1,20.204621005267256,8.719049928092106,1,0,39.64594494352224
10,2,1,10.26138882534012,82.10418254892804,1,0,83.16842444337898
6,4,1,0.21584448121669375,49.39605693649866,2,1,75.82525369202543
9,3,0,6.456454982687773,0.0,2,0,57.30868224344922
11,3,0,13.985123805220843,0.0,2,1,44.66560902864543
11,3,1,13.188069304682253,72.40206639121777,1,0,62.59392871892054
7,4,0,11.947881017108855,0.0,1,0,54.72632998312484
13,4,1,9.348754937818406,28.059598161490655,2,0,65.90254083120666
5,0,0,16.69857843401622,0.0,0,0,43.12532581652936
12,0,1,9.493266629995192,6.724641218462439,1,1,54.206744036054424
2,2,0,13.5390843508135,0.0,0,0,48.176345919948886
11,3,0,12.976640825163019,0.0,1,0,40.871507582377475
18,6,0,10.157487783188937,0.0,0,1,44.79330160815544
19,6,1,7.593519744802183,84.67872659620932,0,1,71.2853531478818
16,4,1,9.863349566385194,17.78167198926267,1,0,51.22242271811322
17,0,0,21.368108913488733,0.0,1,1,46.15224478983748
1,0,0,17.562239316330892,0.0,1,0,47.67864766968367
8,3,0,17.101943656409894,0.0,2,0,45.786145526893456
15,4,1,8.067681466125926,36.682967378026284,1,0,69.05831835621576
19,4,0,4.811553635165552,0.0,0,0,48.22824324292864
13,0,0,17.482471078793104,0.0,2,0,31.627476703346353
20,6,1,16.52383630224972,62.23204996780864,0,0,62.30713691170123
6,3,1,12.686244883412762,1.1164480473088512,2,1,44.62025711900294
3,4,1,10.147300562082696,35.760283733878076,1,1,64.80415803965715
2,0,1,4.6802767288248415,31.724056784348818,0,0,66.45077280755747
13,5,1,16.33700222189251,28.346763906981533,1,0,59.93640932302047
15,3,1,17.93067557482955,94.63430374551959,2,0,57.65820433553536
6,1,1,8.604537857544027,30.155759598276962,2,0,52.28663049057282
18,2,1,8.187001996301884,18.115756926679186,1,1,54.06003661240163
17,2,1,18.205309625044016,102.21912073644123,0,0,80.04727482015842
8,0,0,8.790677685532591,0.0,0,1,64.72254876729426
5,6,1,20.89530103928191,22.084079660218293,2,1,38.19472131227673
17,5,1,11.45474121067145,90.14494267912298,1,0,71.70826488905662
16,6,1,10.067191465666752,78.8609194166383,2,1,71.16095357734538
4,2,1,12.225540006066984,113.43597204223732,2,0,78.95760366561349
6,3,0,10.066841328179901,0.0,2,0,39.8406352946001
11,3,0,17.631061931738408,0.0,1,0,41.262489683826686
12,3,1,16.429050697876935,19.318935062853125,1,0,56.48754425993517
3,4,1,17.44053146375416,57.981748612573575,0,1,62.29599300756228
22,3,1,12.922598703470314,14.254642825237628,0,0,42.77333188048944
9,5,1,9.718227508458185,65.92779367467989,2,1,68.73038803503638
9,0,1,11.954679962861336,110.01402683357075,0,0,75.63243955729186
1,1,0,9.87151604214863,0.0,0,0,54.967011161549934
21,6,0,19.332982565914797,0.0,2,0,51.30283724803434
5,6,1,17.011368618993007,64.7181689110642,1,1,51.28116367441981
23,5,0,11.54238466571395,0.0,0,0,47.59830323633157
11,2,0,7.367625216143646,0.0,0,1,42.88025697245518
20,3,1,19.704198441019088,64.42756171501333,0,1,62.28930393881411
4,0,1,12.683420677721504,53.77988425392014,0,0,62.99177885563777
3,1,0,11.349162699016329,0.0,0,1,35.19218282616307
19,5,0,19.74826359859479,0.0,2,1,48.871922459827
19,2,0,9.450255933109661,0.0,2,0,46.22611947771969
13,3,0,10.405365493352326,0.0,0,1,42.91562155906606
0,0,1,10.846205258121177,105.64942428542865,0,0,84.23080246882981
22,3,0,5.417154141790794,0.0,2,0,43.701497296196884
9,5,1,13.57867682712974,100.89422279282427,1,1,77.98078168391332
22,4,0,8.188276276607745,0.0,0,0,33.75082139121563
20,3,1,9.146391338444387,3.844868855244128,2,1,30.1716689026698
20,6,0,8.47782260299168,0.0,1,1,40.457128673071
16,1,1,9.064648983480282,92.6511084630598,2,0,75.91708921820464
16,2,1,7.8054276799209275,41.997235920620525,2,1,49.398661065304424
12,4,0,13.236070888099858,0.0,2,0,40.43131038280156
0,3,0,11.222034537571428,0.0,2,0,41.75261646439672
9,6,0,12.24004069104058,0.0,1,1,44.715460938539536
17,0,0,23.768940382311566,0.0,1,1,40.898074836100896
19,0,1,11.222194094504012,56.86114336950379,0,1,79.6203948182261
13,2,1,15.024738111181833,94.74608885447896,0,0,79.56734004181138
17,3,0,15.593747996679895,0.0,0,1,34.6520933393606
0,6,0,11.685716878178631,0.0,2,0,50.98335657444056
11,3,1,13.36899565772519,77.96731932223153,0,0,82.79820030966364
12,3,1,12.103490951312128,112.3968469109372,1,0,75.69393259227755
21,1,1,13.012791978557392,119.668819362021,1,1,77.95686571988666
7,3,1,9.067416053259315,39.622519241145085,2,1,50.24546819761362
5,3,1,9.528943452100881,117.5188575974548,1,0,83.99247005892441
8,4,1,12.084611266415381,83.10155601968475,2,1,77.40358055813392
4,4,1,2.1404817807450325,28.570344027483912,1,0,75.15286509229227
13,3,0,19.48036394882662,0.0,0,1,46.5490977062335
15,1,1,22.804290089995646,82.06061908244038,1,1,68.56199724912854
19,1,0,12.851751299623572,0.0,1,1,45.084660992423515
23,1,1,15.327345886255024,27.76543452559151,2,0,55.58816332512373
1,4,1,17.405288350252484,66.26016778224071,0,0,67.87038447282642
5,5,0,5.376651302108655,0.0,0,0,61.12424852654959
7,6,0,16.64138972642212,0.0,2,1,41.519839748603815
5,2,0,9.867801027828875,0.0,2,1,49.199739265792886
19,0,1,23.45362114908422,3.2712286570546034,0,0,34.114050838768954
3,4,0,11.058702150006527,0.0,2,0,47.06024418694478
0,0,0,16.5409111158583,0.0,0,1,39.716836651972855
20,4,1,11.107935348199334,103.54072492608638,1,0,72.83633164423259
23,2,1,22.983463781652233,46.88243146812858,0,0,60.008294187033314
5,5,0,9.438248914805474,0.0,1,1,59.35543453348118
7,4,0,17.825443936636944,0.0,1,0,40.440226262369535
12,5,1,15.133389412259731,105.3402151149592,2,0,82.41879086531908
12,2,1,14.021549808320803,62.023187386053195,2,1,72.38403277790141
23,5,1,13.145037005223863,58.3335606213804,2,0,63.75410772591218
9,3,0,8.664937411515686,0.0,1,1,49.584806610918555
0,4,0,0.0,0.0,1,0,53.26412287122707
10,2,0,17.371960542308074,0.0,2,0,36.70640770760629
13,3,1,9.555804448278579,72.76737390632161,0,0,76.99661975450189
12,5,0,17.848000718410148,0.0,2,1,44.82177585327023
12,2,0,13.758488839578325,0.0,2,0,51.373550587116995
22,0,0,18.001283905100603,0.0,0,1,40.57179228139543
19,2,0,16.00946260054737,0.0,1,1,32.593831438936476
6,2,1,0.0,79.26600996875469,2,0,91.60440159707726
8,2,0,15.074478081239985,0.0,2,0,37.06411654913934
16,0,1,10.28162257192758,60.486367730007935,2,0,61.930517735365584
9,0,0,17.82505593634088,0.0,0,1,36.48430409094746
10,2,0,14.956037475683999,0.0,1,1,29.086429664563816
4,2,1,15.014845189828035,95.57084381332716,2,0,74.69693823883271
6,0,1,10.638786021458749,35.15296765079907,0,0,63.747232895222524
17,2,1,7.436969039461043,31.145512588937724,1,0,56.48229623777
20,2,0,9.835565205147372,0.0,2,1,57.837121740891
18,0,1,3.0005386923452573,92.88194463807838,1,1,95.3178769620858
7,1,0,9.048281327266771,0.0,2,1,54.87568539035293
3,1,1,4.679204502302839,51.292317776667126,2,0,53.72930497920065
3,1,0,4.811295981210947,0.0,0,0,62.62066009761577
9,5,1,12.582394236131048,91.98245447107217,1,1,75.23052812514685
12,0,0,14.670244697519804,0.0,1,0,56.69109447164061
21,4,1,11.84103259912392,93.38958036009522,1,0,73.38097998506072
21,4,0,9.50604751330799,0.0,1,1,46.27669505114893
0,5,1,7.262959188805371,101.15154884698707,1,0,85.30970411346993
16,3,1,10.414035038176447,118.82920168883409,1,0,80.80017911235542
7,3,0,7.888884793861271,0.0,1,0,35.72517028008063
4,5,0,11.685846289393444,0.0,1,0,26.470290409039194
13,5,1,4.392341129605472,85.1953126152712,2,0,104.92701216432653
0,1,1,15.50658789102864,101.34878992257472,2,0,64.71791347412842
8,5,1,9.164844389621539,62.17502182329045,1,1,56.19071517451828
13,3,1,13.881284501411692,12.917728868164687,0,0,52.99213107531027
6,0,0,16.43610997815596,0.0,0,0,30.46044176866458
14,4,0,13.639354409655,0.0,0,0,31.211728971276948
11,6,0,15.995633947990413,0.0,0,1,19.2085535167555
19,0,0,1.6668036857296435,0.0,2,1,56.00830192708783
4,0,0,9.535716681480569,0.0,1,0,38.8109585123311
1,6,1,17.51538333394542,114.07938044925436,2,0,86.06258716339096
12,4,0,14.546147691581108,0.0,0,0,42.75663990982229
6,1,0,21.242316327757315,0.0,2,0,38.69030306652408
16,5,1,20.521902399835085,39.107143066016626,1,0,48.642564066418494
2,2,1,13.497960672253184,35.08872535492587,2,0,54.27636119543833
13,2,0,10.740106905575967,0.0,1,1,39.24944136060262
23,2,1,7.207806434665051,70.35986723415843,1,0,67.45909038873296
2,4,1,9.620957172323763,51.612151869755415,1,0,56.60752941442344
7,0,1,9.95876545755317,26.916143634072817,2,1,68.56548784500347
20,2,1,9.033754038091427,46.10569492646106,0,1,60.740987413465696
12,2,1,7.408311261294768,112.91306497452666,1,0,70.47437903173105
4,0,0,14.007882937610225,0.0,1,0,45.86377770500397
5,5,1,20.483198390711173,51.64887588625918,2,0,50.26062309513692
18,0,1,16.666283841151294,117.59436318826475,0,0,82.4691550092371
20,6,1,10.387899708648384,55.45413275590265,0,1,63.94224200719717
8,0,1,17.070144238003547,41.8970253858118,1,0,67.92924997605516
11,2,1,13.733254334194411,46.550473145849715,1,0,57.23705371237049
18,0,1,11.796478245315788,104.95400238128623,0,0,88.82530643524439
4,2,0,11.484386371762978,0.0,2,0,51.496491742734406
4,4,0,11.000299310058681,0.0,2,0,35.26730764852149
18,0,0,15.25533061368635,0.0,0,1,44.29770393649665
4,3,1,12.698350411382107,88.11226895996725,1,1,69.61400033487166
18,5,1,8.35788601211505,91.65369777193615,2,1,70.72322175979924
11,3,0,8.115739454498241,0.0,2,1,38.86964686483923
23,0,0,13.529519906408341,0.0,0,0,50.74688036035067
0,4,0,14.143256078416377,0.0,2,0,64.8296138885517
22,1,0,10.434336778416078,0.0,1,0,40.21006883062962
5,0,0,6.339971886268779,0.0,2,1,51.65395252604619
0,3,0,18.25482558542566,0.0,2,1,42.879546409886025
17,1,0,17.193023047635503,0.0,2,1,37.00567490632968
12,0,1,2.0631174951325093,3.3436540090722167,0,0,65.78061113379748
20,5,1,18.69791461656765,3.7963312288222184,0,1,58.9459466627757
2,4,1,10.95512101333493,37.18950389305001,1,1,54.47060096047353
1,6,0,12.949935400135713,0.0,0,0,58.515198946102366
13,3,1,17.691115300263135,117.3532945598009,0,1,77.5470642958438
21,3,1,20.26269393314527,14.223326745896259,2,1,36.00597898918948
9,5,1,17.01432642522765,47.45278006163388,2,1,56.882343533625715
19,0,0,13.205152494752795,0.0,1,1,51.38801397512655
21,2,1,5.121796568485008,77.46338973584639,1,1,77.1809755470037
20,5,1,1.8688408800763092,28.00520146990379,1,1,69.20909751476304
12,2,1,16.39079469512252,39.50471280922993,1,0,57.52661925027374
16,6,0,18.710151728722384,0.0,2,1,50.85463262697556
12,1,1,7.92677569580976,4.248786853721218,2,1,54.39086182193715
16,2,1,10.65110017630635,90.98747728258178,0,1,90.56914137912092
13,6,0,9.213670558072725,0.0,0,0,40.76832481907063
12,1,1,9.080499632554982,99.40154211872449,0,1,80.89849200201596
10,6,1,17.374805919459824,82.04026101849445,2,1,69.80196981277277
15,0,0,13.091865663768212,0.0,1,0,37.69546414623341
18,1,1,10.854108443021655,92.083334513296,2,1,70.48906509864553
22,4,1,25.287600102551863,9.01614259401267,1,1,40.98244584382842
14,4,0,4.827895504962199,0.0,1,0,56.45967405456919
2,6,0,14.739555407478928,0.0,2,0,44.109441599734865
14,6,1,6.755108574139025,93.25876003834614,0,0,90.70865377735706
7,4,1,11.212815640028793,101.88669031898561,2,0,72.86355585400818
0,4,0,12.743191922313365,0.0,2,1,41.67695966899692
1,2,1,16.22297859817546,95.23771813301241,0,0,65.91597132748264
14,5,0,10.694090524194888,0.0,2,0,47.55981530457905
22,4,0,10.16525951101579,0.0,0,0,50.77073260348561
12,0,1,10.60457451093246,29.590011008064863,0,0,67.60757612847799
10,5,0,6.600236568494122,0.0,1,0,40.30175482962284
2,2,1,15.161549010458433,65.28437047062634,2,1,68.69966662128031
16,3,0,13.406671853909542,0.0,1,1,55.76356394748393
1,3,1,14.17584335657525,89.20016279331114,1,0,66.86586917854909
20,5,1,11.652284987334596,1.2111517794067694,2,1,36.21209913561527
19,1,0,11.035610200549534,0.0,2,1,34.375776282116696
23,2,1,17.878001691154257,11.952327091364609,2,0,49.87673231102463
6,0,0,17.10893235078508,0.0,0,0,35.50903427700867
3,2,0,19.07400293092194,0.0,2,0,43.56522565788915
7,0,0,13.862971757479352,0.0,0,0,42.18038639108926
19,4,0,18.763320473277098,0.0,1,1,54.39656733111358
5,6,0,9.91958680139793,0.0,2,1,53.36722053361524
21,3,0,10.995741069293343,0.0,0,0,39.77293237417379
3,6,1,17.97550376840981,23.52748790407192,2,0,46.437488639072946
1,6,1,16.217107691301194,60.34220212694529,1,0,69.4490314417282
5,0,1,10.547747965425517,5.843738297101071,0,0,40.05800096203103
18,3,0,6.7687088199014465,0.0,0,1,59.04236159726613
14,3,0,10.980178965037636,0.0,2,0,44.214097062947815
8,2,0,8.575657793614827,0.0,0,0,54.61075286903456
15,5,1,20.622517412443372,82.88390965677468,1,0,65.94242270281632
15,2,1,15.800203217598755,100.70728566648881,1,0,73.41664254450644
13,0,0,8.170387113066171,0.0,1,0,42.963809961424445
12,3,0,6.775045196674937,0.0,1,0,63.43897327933832
2,1,0,8.108433631077222,0.0,2,0,46.152309056300034
6,2,1,9.205873807668329,117.8002467066579,0,0,113.51023710936488
12,3,0,11.166498031014028,0.0,2,1,47.28147472092544
3,5,0,17.572732454404438,0.0,2,0,34.13549736891383
11,1,1,7.167415543234982,47.23545818108177,2,1,53.116338879160125
2,2,0,23.447686224232747,0.0,1,1,46.1041162808051
18,0,1,7.283498815856727,95.82868171405866,2,1,81.16339395743755
2,2,1,4.954761344527005,27.054620314991457,0,0,67.08677883535367
2,4,1,20.441524126617352,99.14550161437113,2,0,91.92591450232416
15,4,0,18.60627799918478,0.0,2,1,45.4656651832351
5,2,1,11.088256011218574,118.6972405486286,2,0,90.3718210415298
8,0,0,13.906661575622632,0.0,0,0,53.6851163973033
7,4,1,14.03284559551007,82.19529638702764,1,1,78.97500136136598
5,4,1,12.683562143717793,96.02325081658189,1,0,68.35934631650784
18,0,1,5.517602307647635,25.975129789358217,0,0,70.33842487861031
16,3,1,0.0,9.090689398460942,1,0,57.81408522003278
5,0,1,7.776369088382915,66.14969778832572,1,1,84.26214895702364
16,3,1,21.080772056854737,81.24948756485402,1,0,70.62907262981037
17,4,0,21.27706751363328,0.0,2,1,47.510750593556665
12,5,0,10.690815177538456,0.0,2,0,44.65044129000385
13,4,0,7.210178887381643,0.0,1,1,37.093404921359436
22,5,0,13.390606098646902,0.0,1,0,48.79721841121793
10,1,1,14.194905977335129,93.50243734773788,2,1,84.18474356657968
9,5,0,15.00359759647029,0.0,0,1,38.541664956446844
12,2,0,0.0,0.0,1,1,53.373557614818374
20,2,1,27.788780919125813,119.72848245786228,1,1,56.95913124953137
17,5,0,17.66237334021816,0.0,0,0,39.62772359019163
1,2,1,11.010681481301667,75.21499642733983,1,0,62.513085782240495
11,0,1,8.407611849195733,108.16344097321806,2,1,90.26890217928926
17,5,1,16.936528470398024,4.756975828964363,0,0,45.795100378429325
5,4,1,14.476973075172706,90.88534348944606,1,1,75.34989458153153
23,4,1,12.460737440172556,78.56130839031606,1,0,83.10906288697285
19,1,0,14.291673168204058,0.0,0,1,45.49437965433444
20,4,0,11.436401978876928,0.0,0,1,47.39851153091033
1,1,0,14.00931132858651,0.0,0,0,46.36552621173627
13,3,1,15.631814254767518,8.516214347437142,1,0,40.81273862673506
12,3,1,13.716584370410136,109.12818485675717,1,0,90.15266660023214
15,5,0,13.454609491609595,0.0,1,1,36.90540622600741
20,6,0,18.964300666055905,0.0,1,0,43.21059155925573
8,1,0,4.014464402907718,0.0,2,1,61.53788616729775
12,0,0,8.010588607207847,0.0,1,0,40.37973700931971
16,3,1,12.132803429905113,44.46727347133271,2,1,50.118213716291976
18,6,0,8.350662085353795,0.0,2,0,39.96644535177648
18,1,1,10.019837308780295,80.17332924714412,2,1,89.58124183484719
8,3,0,18.43870891445022,0.0,0,1,35.37457617815506
23,2,0,11.255145130211375,0.0,2,0,36.39221824933099
0,2,1,2.853944861430131,64.3738003103811,2,0,78.17851785989285
11,4,0,9.883291353328605,0.0,1,1,25.302880549092702
14,2,0,12.29056587066936,0.0,1,0,37.530822915284105
1,3,1,12.198447662281634,60.22650805016096,2,0,77.63311920456061
10,5,0,14.780187206732073,0.0,1,0,35.53290807922632
14,2,0,14.37194287377737,0.0,2,0,41.416117981642564
14,0,0,11.30586950737007,0.0,1,0,48.30825203293676
2,6,1,6.0348012087728335,5.504292589665969,2,0,54.45604306136691
6,1,1,9.794303741812188,73.96611911091237,2,0,68.79253244265374
5,5,1,8.886117216891009,95.33248304330702,2,0,85.6285437973218
15,5,0,10.57448098656872,0.0,0,1,58.11020891754134
7,3,0,15.455842676289436,0.0,2,1,34.14215830004659
13,0,0,14.020513747818761,0.0,2,0,39.90809250979079
17,6,0,16.120028568708427,0.0,1,1,41.26277945820277
19,4,1,10.07958398198603,13.034566469362261,0,1,57.09728771680223
4,2,0,19.541803841423665,0.0,2,0,39.63147433932622
21,5,1,15.3641925629836,84.26553556813556,1,0,71.18425909747954
3,5,1,12.561173409209786,49.899953007393265,1,0,50.0210888241407
0,5,1,15.016732921889847,72.15145436425203,1,0,59.175166128043315
1,1,0,8.621197926844843,0.0,0,0,49.644458525692926
4,4,0,1.4562289201978942,0.0,2,0,49.724301608077
20,2,1,8.966518154651109,16.20997878649474,0,0,50.76351263247631
4,0,1,15.737284786210843,7.301796141736805,0,0,44.47081204438315
16,2,0,12.401080198444818,0.0,1,0,63.81259638426065
10,0,0,11.315827636610633,0.0,1,1,41.96748989765117
0,0,1,7.76079964611136,82.84723515684885,0,0,88.88350762342898
10,5,1,2.220870870417322,117.17434429647197,1,1,104.74499140047607
0,3,0,19.12422810407395,0.0,0,0,46.13069953111846
11,2,1,10.960526290941964,34.61937237508337,2,1,51.56881750711347
13,1,0,9.852310090514045,0.0,1,0,48.21559837913388
12,5,1,8.641768664540638,80.00032405427,1,0,72.96277494858147
6,4,1,18.272612388133147,81.09740126086285,1,1,84.88132939884758
18,4,0,16.406754061896923,0.0,0,1,45.15982320029363
14,1,1,7.163802678945231,63.22668984491883,0,0,69.69284794240825
6,0,0,17.822714825217673,0.0,2,1,55.02118992540184
10,0,0,11.274647905393664,0.0,1,1,43.16025192558308
2,0,1,8.947289060063863,76.08630140464805,0,0,78.88524439810921
22,6,0,10.531938066012248,0.0,1,0,52.1937513959003
18,2,1,8.083513747425515,97.6086880327665,2,1,85.47526352027133
6,4,1,5.395614486256049,36.94041838071548,2,0,62.76140379110619
16,6,1,15.880654827542946,102.92810835420376,1,0,85.02048576857679
16,6,0,10.89647570484266,0.0,1,0,41.24323596954243
14,2,0,15.086047668226353,0.0,2,1,51.840727702250874
1,3,0,13.436066655647732,0.0,0,0,41.99983294950929
21,3,1,14.742705556766198,116.32505214748508,2,0,94.62196517413246
22,0,0,1.7700659729645665,0.0,2,0,61.95422827266092
23,5,1,7.666198753214915,13.329519920472732,1,1,57.92690962327096
23,4,0,14.846823777009241,0.0,2,0,42.40093878325272
22,2,0,5.62584652932016,0.0,0,0,59.32071329084614
17,3,1,13.865325419061158,96.7492315011092,1,0,82.3387270446165
1,5,1,5.046477099907126,60.51198348566612,0,0,46.409759575839374
11,0,1,12.082219917473472,1.9323333648616892,0,1,39.46884151320942
5,4,0,20.049951969680283,0.0,1,1,40.30995189544142
5,6,1,15.873000576658123,3.7376307682991605,1,0,45.84758304402825
19,5,1,2.7462952627963286,33.76745337534577,1,0,70.27883275946704
19,4,1,16.241857021580923,78.82320604373784,2,1,81.98540928966726
12,0,1,21.111191133647914,16.15228795898925,0,0,48.45758154550361
17,5,0,25.985080050808698,0.0,2,0,17.537181291358714
3,5,0,14.375378687343446,0.0,1,0,45.080863667437654
5,3,1,5.1779003805732255,51.56330623155655,2,0,78.63126574856147
20,4,0,14.173389890122147,0.0,0,0,44.55399133784071
10,4,0,19.980167991707322,0.0,2,1,40.6434541860892
13,0,0,11.064559101248483,0.0,0,0,42.19435361226853
11,1,0,17.215544614412792,0.0,2,0,48.82134513857922
4,5,0,7.80198500561156,0.0,2,0,45.93299930706929
19,6,1,13.861766265634254,71.35682164413461,0,1,73.62832617164115
18,1,1,0.0,114.55304421962266,0,0,98.5219201164691
16,2,0,7.24832309081641,0.0,0,1,49.63510356671868
8,6,0,11.96939676359072,0.0,0,0,49.29723229102117
15,1,0,10.18321634711782,0.0,0,0,48.46680687273335
22,1,1,5.496912528621268,50.64052946536053,2,1,78.54514046527832
15,0,0,9.50171900957522,0.0,0,0,52.81238046242088
11,1,0,13.648275242339984,0.0,2,1,52.39915985872496
6,4,1,11.568862064448906,12.265116971724414,0,0,43.92638067756518
12,2,1,12.304687849354345,73.38516127285436,1,1,64.22810379141863
8,6,0,15.659844015428693,0.0,1,1,42.97382633300028
14,6,1,10.284186496333767,94.40867975733347,1,0,85.81134525695231
1,6,1,18.795889415259573,53.02104230893292,2,0,62.77241554056113
4,5,0,7.053644669492937,0.0,0,0,43.34694368682017
18,4,1,21.640012765297595,100.92325086477099,0,1,79.25562500586383
9,3,0,17.565193152471313,0.0,0,1,35.925124146939474
10,6,1,10.22001109743889,28.48569028213092,2,1,62.18478905731488
13,0,0,10.553406478844597,0.0,1,0,48.8497027223279
10,5,0,13.03367795805868,0.0,2,1,42.77208829089219
18,0,1,14.993354649359883,13.697244919615192,2,0,43.51153079150555
5,2,1,17.472741376167285,98.46774325193819,0,0,76.55096148386792
18,1,0,5.297043759924584,0.0,0,1,51.426744330707976
5,4,0,14.187213110306235,0.0,0,0,35.27771593745127
8,5,1,1.417428737686425,110.88353584030146,0,1,97.49188240163647
14,0,1,11.113497570822583,96.10434146110603,1,0,88.99919395478926
21,4,1,19.269562518937292,87.33905328043875,0,0,77.03763462077511
5,1,1,4.911954838907508,116.29844568079194,2,0,94.29517275838741
14,0,0,4.003811069841688,0.0,1,1,48.1974596611037
1,2,0,13.10397549773988,0.0,2,0,45.54835701715326
1,4,1,18.93714582086301,11.808431713070696,2,0,42.93154125184033
18,1,1,13.62697725542661,57.361698037832205,0,1,65.16942202464153
17,2,0,2.4769105155922446,0.0,1,1,60.510017294432586
9,6,1,3.5843579347686294,14.737274047860002,2,0,56.42640197434315
14,2,0,12.488732164647097,0.0,2,0,30.31037095017831
9,6,0,6.103787903521163,0.0,2,0,56.513346933419434
6,5,0,12.68343146952828,0.0,0,0,48.03090839903925
10,2,0,12.979975566334696,0.0,0,1,45.81533286431255
7,4,0,9.551212446711446,0.0,2,1,37.96402175097698
19,4,1,21.073771469744067,24.003019236232902,1,1,39.883500707654065
9,3,0,14.95233602467146,0.0,0,1,37.315033106600566
7,2,1,18.05795439397088,114.2319116949089,1,0,75.86518654270479
12,2,1,16.60290879135811,92.78278593789378,2,1,70.27072791659839
18,0,1,11.249632190250662,63.503637039542994,0,1,58.77282711681762
6,0,0,11.02776374330326,0.0,0,0,63.391010753235506
22,2,0,10.511899815856147,0.0,2,1,58.607220766142596
11,5,0,15.40551126250122,0.0,2,1,44.89290614411144
15,1,1,8.748174113140681,10.392940429652885,0,1,51.369730760813745
22,1,0,20.62516471017284,0.0,0,1,53.11211587154595
10,2,1,8.270653481638035,31.56509871763458,2,1,72.42138183057213
4,4,1,13.072375361485143,104.81659785745516,0,1,75.30856972784727
17,1,1,10.854595939770256,28.32636530481902,2,1,58.211962668609516
0,1,0,9.746033428067367,0.0,1,0,45.74393696457446
10,0,0,22.861734262318063,0.0,0,0,34.55579387761703
23,2,1,9.804728292937684,89.14833923534087,1,0,77.03436639379814
9,1,0,10.476394095037868,0.0,2,1,45.933542811561836
16,5,0,8.67933200772055,0.0,2,0,49.742425472845554
12,6,1,12.205203078444615,5.322543300220772,0,0,48.82993415467202
5,2,1,11.493468163286531,79.37176693627177,2,0,85.09078812245286
7,0,0,6.403734346478477,0.0,0,0,43.421895334109465
12,0,0,9.878150678261719,0.0,1,0,54.83283586713932
2,2,0,15.048432713919809,0.0,0,1,34.361161709267705
9,3,0,17.13493424710977,0.0,0,0,43.18681347086744
9,3,1,12.1200030648274,15.45325581089116,2,0,59.05943561776577
20,2,1,12.294973953266046,52.68968763845307,2,1,68.15764778460124
2,2,0,10.195024641173617,0.0,2,0,44.31300405336578
20,1,0,9.487791490210585,0.0,0,1,49.688134374675684
9,3,0,7.402134850588488,0.0,0,1,62.29660511610217
15,4,0,4.216752728805243,0.0,0,0,46.89299665601591
13,0,0,8.487766629467316,0.0,1,0,52.7422119309348
7,3,0,16.520264336702567,0.0,1,1,49.50448520314247
22,4,1,9.877915286514114,41.89444414148449,2,0,58.6565263743374
5,4,1,10.26990658152979,75.72929040216968,0,0,87.17229325445064
0,3,1,10.172574001426764,74.90230647927888,1,0,89.66355573016455
18,3,1,18.22353832916367,36.38491467089162,2,1,61.908131724473364
14,4,0,7.358087147343312,0.0,0,0,57.882762056380585
21,2,1,13.385266691949967,81.90205006800338,1,0,59.127885210664545
10,3,0,11.65766933214918,0.0,1,1,35.1064740753542
0,2,1,12.339634125473843,38.19388354219229,0,0,57.820597134359765
0,3,1,13.221752035582252,68.6826208481601,1,0,63.1994893324314
10,0,1,12.285824701340351,19.297072713783955,0,1,56.93233884787757
5,2,0,15.965109433254597,0.0,0,1,19.44933050455582
22,0,1,11.853713360185356,53.52945803354488,0,1,69.20759639490592
2,1,1,20.72188196712849,105.41799349004356,1,0,73.91286414964475
21,2,0,12.22239969483423,0.0,1,0,40.887701678278226
5,3,1,3.4826655869986514,38.111622435646034,2,0,80.8056950021343
2,6,0,15.191551790718659,0.0,1,0,40.38222516565265
6,0,0,13.960484026298909,0.0,2,0,30.897507401292234
3,6,1,12.162725158809621,78.4061128062384,1,0,76.36764790907627
9,2,0,10.702143421894277,0.0,1,0,49.49566378954238
7,5,0,1.42690466770107,0.0,2,1,52.46697640732516
12,4,0,2.265779688671623,0.0,2,0,71.99771372766835
12,6,0,20.237596102487405,0.0,1,0,40.490715616588446
0,0,1,9.072486984503065,101.04133468112309,1,0,91.22480610283212
2,6,1,16.828102137761043,109.28031955484506,2,0,82.37017231789683
3,0,0,3.9848336337976917,0.0,2,0,61.97666515968572
4,6,0,6.765708523158672,0.0,2,0,46.94041696598437
2,4,1,15.39320473440858,104.89651573549843,0,0,70.89187069697711
7,3,1,11.487494821506836,105.46810853770809,0,1,88.84975484527102
13,2,1,14.688335859946895,55.05687179673968,1,0,64.91340282074334
7,0,1,11.931837170350962,31.053418647653007,1,0,62.68500550111394
7,5,1,10.961640179966956,114.7540739547438,1,0,81.46092494907029
11,5,0,8.599780859125548,0.0,2,0,51.96169122615608
13,6,1,6.029986720349996,30.323407331668847,1,0,48.03500436197315
7,5,1,19.013506448662493,24.681945672444012,1,0,44.58958977496623
5,6,0,19.836545530649406,0.0,2,0,33.49350790900452
9,6,0,6.80648522627908,0.0,1,1,53.52249400797197
0,2,1,6.479604489965259,68.48252038513893,1,1,69.91146241457966
11,4,1,10.261134287889538,113.24271487770879,2,0,75.443425565486
22,1,1,13.702175074315761,60.596306050350556,1,0,60.701029165726055
9,5,0,11.090908960216654,0.0,2,1,50.91518172147135
2,4,0,14.497600326238606,0.0,1,0,44.45058616890308
16,3,1,11.753755261943171,95.07620000058759,2,0,72.91300048293131
3,4,0,11.426844292753833,0.0,2,0,52.572235355506905
4,1,1,24.065393683849344,105.68134414100322,2,0,85.25941143400867
3,4,0,9.373983742023466,0.0,2,0,54.771436671458126
21,3,0,20.199734464122734,0.0,1,1,20.380254833315373
23,2,0,19.23431533840432,0.0,2,0,41.5097874626805
13,6,1,14.520467532923245,60.26278560094776,1,0,63.34092651330447
14,0,1,2.3693408177523736,108.9297689295181,2,0,74.94400634696709
15,5,0,12.155287451814809,0.0,1,1,34.95245247591117
14,1,0,9.426526213022266,0.0,2,1,53.85130542760066
13,1,0,12.100453457202368,0.0,0,1,46.80499959370192
23,1,1,6.685166038060588,76.1334548824015,0,0,76.94365935125369
17,0,1,15.781289745250263,52.76699219731253,1,0,55.64267226020882
2,0,1,16.924925135555327,105.43068890351752,2,0,87.01907965610084
9,5,0,17.85012151033471,0.0,2,1,30.881483367873386
23,6,0,10.08910641807733,0.0,0,0,39.8252947094772
9,4,0,6.702874489766133,0.0,2,1,47.09564568325921
4,0,1,13.758407082353923,7.578800567673718,1,0,34.43996701909411
20,6,0,20.780371610743707,0.0,1,0,31.322418772674258
14,4,0,12.34694817306767,0.0,2,1,53.61500747254833
13,3,1,14.2614854305605,29.038019819596535,2,0,46.999821924029035
10,6,0,10.82538277059001,0.0,0,0,52.58670337707585
2,2,1,9.482648970521186,13.617517554642408,0,0,57.25961950459335
9,2,0,15.291379693022494,0.0,0,0,41.419409218849864
10,5,1,11.469666163305671,76.49341522829367,0,1,61.24548947159255
22,3,0,14.01761455764665,0.0,0,1,44.29322202905996
7,5,1,14.537534286385139,112.24055187188955,1,1,65.76767955734867
3,4,0,13.737584195694541,0.0,2,1,39.778715901526915
10,5,0,14.7892765969387,0.0,1,1,45.114628937761864
23,2,0,7.734971336199543,0.0,1,0,55.76835810610291
11,0,1,7.429853218265842,91.62853817466691,0,1,79.9121135613269
9,3,0,11.786891966963719,0.0,2,1,40.7067436319447
16,4,0,11.907193398693762,0.0,1,0,39.970085552526335
15,5,0,9.388385866401856,0.0,0,0,43.74288823340698
7,1,1,13.205001482073378,56.88237893435253,1,1,69.337896201745
23,5,1,16.5410871541702,78.27783595714983,0,1,71.96510518789873
14,5,1,17.93755937076743,43.741689305236086,1,0,55.78340105964581
1,5,0,19.06130936323578,0.0,0,0,44.791239624544275
9,5,1,5.425991684714075,56.36590389836263,0,1,70.3915444571905
22,6,1,6.185007131457873,23.65597149670142,2,1,47.65284290929909
9,4,1,10.551773032791768,82.72818261241144,0,1,66.63085180310794
13,2,1,12.401432705036882,19.869005370182716,0,0,56.846433040418084
14,3,0,10.807909980715056,0.0,0,0,35.361800086745774
16,5,1,9.236803349087253,52.737132454786064,2,0,63.02075339422718
20,1,0,10.47790879901314,0.0,2,1,45.7044403651508
3,4,1,14.416569112162515,67.49265160026083,1,0,58.82229805824687
12,4,0,5.351887766039838,0.0,2,1,37.37656230805037
12,4,1,23.716785862935513,16.471727740975155,2,1,32.393518919365945
3,2,1,12.104967716921497,29.519626562134583,0,0,41.17005858695369
16,5,1,17.254236971143627,2.9342662087287907,1,1,47.11665489634014
2,0,1,9.099975525177463,71.27437235583115,0,1,75.84583757503836
10,5,1,14.871747962623843,35.14394335773258,1,0,49.325961019936805
7,5,0,12.500455364142878,0.0,2,0,34.060810409087914
3,6,1,16.284041969441468,75.57910555900908,0,0,77.75580037365684
19,6,1,11.00676541088124,44.830510870005014,2,0,65.40803609201943
5,2,0,19.757817835448392,0.0,1,0,34.225444609461384
6,0,1,4.53972076256478,38.419732599186204,2,0,74.31210671861123
20,4,1,16.746869150990115,38.98365304263728,1,1,56.347619811123046
21,0,1,12.59359877766524,39.924608898690764,1,1,61.44284952641358
0,1,1,6.908366508135282,114.41321255473511,0,0,81.18214150674291
6,4,0,21.76032935023555,0.0,1,1,25.461829357948638
17,4,0,21.243488632837895,0.0,2,1,25.444657653977043
18,4,0,1.6306462758827234,0.0,0,1,70.35974945156079
23,5,1,12.883921936729124,111.01890290107372,0,1,76.92889357846491
13,1,1,15.528312773653683,56.19427238141331,2,0,62.76673292141229
0,5,1,14.208524041589076,64.80585427562266,0,0,69.9921334438571
20,4,0,19.577648041392166,0.0,1,1,39.17129645677686
3,2,1,18.538163537573073,96.96461149007496,1,0,72.87307904853948
2,3,0,13.32593678158591,0.0,1,0,42.92685899722192
16,3,0,23.385518062058182,0.0,1,0,40.13115473977427
14,3,1,16.684232613537887,36.309069850114774,2,0,46.04236404907428
1,2,0,10.242927524110389,0.0,0,0,43.28136118789896
4,1,1,9.238262025858242,88.23744382565177,0,0,60.06259916551387
14,1,0,18.21670751486804,0.0,2,1,25.522259890131693
6,2,0,8.03522886734779,0.0,0,1,38.187423415117486
16,1,1,9.951308602707613,4.15656779775762,0,0,55.32372632979251
9,3,1,10.802140542725759,92.67035341288116,2,1,76.61129169996968
14,6,1,13.778266966380754,25.322146642994703,1,0,58.41939730211589
11,0,0,11.03270818519209,0.0,0,1,49.252917240046145
8,2,1,5.415145517599307,57.13134936088308,0,1,72.74462408243575
8,0,1,17.810398689953818,54.87164717203708,1,0,52.40405962080696
16,6,0,9.978006756074425,0.0,0,0,47.617093998943375
12,4,0,22.09967634399746,0.0,1,0,39.35609979830264
14,1,0,13.519950036299196,0.0,1,0,61.78947256826283
13,2,1,18.336037422010797,43.19095561118823,2,0,52.67990799592564
4,5,1,15.154307570903963,23.473528164414688,2,1,56.95004451730709
21,6,1,18.57528135728313,41.42573397101594,1,1,53.647746967105704
13,4,1,14.851694981322161,97.40581191899288,1,0,71.59267096556535
17,1,0,13.175844169959031,0.0,2,1,51.415603579807
21,4,1,17.466170459282583,98.55217377575646,0,0,90.65299915570654
22,4,1,24.429860572960262,103.35752643489931,1,0,73.72728603462602
16,4,0,10.651015306975623,0.0,0,1,41.014916729331574
18,0,1,15.97463493862507,3.682070976140892,2,1,47.24894657953296
11,4,0,11.973775387449257,0.0,2,0,47.656381189613434
17,0,1,14.530295102465173,99.97786833456318,2,0,96.10005150615031
7,6,1,12.210792787882669,43.8940011512528,0,0,66.53162241980199
17,6,1,1.2112855714479842,33.938675149505684,2,1,58.44082112554905
2,3,1,10.999066411309116,38.565216595487485,1,0,69.8961194761163
21,4,1,16.99777536404267,50.769167663990075,2,0,65.37386843672124
5,0,0,8.173966883657148,0.0,0,0,55.94399639927957
15,6,0,16.604732215357714,0.0,1,0,45.275350624274296
0,1,1,12.918045821951724,77.63220618657981,0,0,79.90323868190444
3,1,0,11.042547345728954,0.0,2,1,49.690949129453095
23,4,1,16.52907692641684,29.680961100118445,0,1,50.13005541300603
20,6,0,15.405157717821307,0.0,0,1,43.74962321465434
5,3,1,14.102735355990177,35.46508623354335,0,0,55.20298095039994
3,3,1,17.07950101390207,15.518144743134116,2,0,49.49883959121844
19,3,0,13.015491597942903,0.0,1,1,45.22314582914088
23,2,1,3.7766698350548804,35.59017679351696,0,1,61.91857195141248
4,4,0,10.109395634338403,0.0,1,0,45.45962376653823
15,6,0,2.977987886100671,0.0,1,0,52.58881580205396
6,2,1,15.286824131043169,102.59304906044214,2,0,64.42947268875938
17,5,0,16.48099919646484,0.0,0,1,50.0106505144873
10,5,1,16.708511210665208,38.20207104718659,0,1,57.78734874303691
3,5,1,14.44547349614902,93.0374910220148,2,1,71.11483179202946
7,5,1,16.839625646946494,71.96312788606838,1,0,71.44495052438491
12,6,1,4.116983308662696,101.45328093140394,0,0,83.15018411711013
19,5,1,11.462165391028561,33.235955994222984,1,0,53.397729802417466
0,6,0,4.925420055958925,0.0,1,0,54.05675693578072
22,5,0,10.208351935970555,0.0,0,0,58.2783063045636
15,5,0,20.081258679663787,0.0,0,0,41.1739931791166
21,6,0,17.46618591177347,0.0,0,1,34.82004118119076
22,6,0,15.311427032372109,0.0,2,0,39.93635303710405
3,4,0,11.091898856996785,0.0,0,0,52.91885927335565
2,4,1,7.032026077772091,27.813526093464425,1,1,62.34335190729097
18,6,1,12.935138418922145,105.21689474977526,0,0,89.15357694112494
4,2,1,17.553379159111532,46.14410363668047,2,0,60.25538953145381
3,0,0,14.04935744629617,0.0,1,0,49.9271694940207
11,6,1,4.07154605407719,72.9591462872141,2,1,93.38243159438765
21,4,1,12.523054485579177,24.65559912998522,0,1,42.79245558691334
19,2,0,2.433359039668259,0.0,0,1,72.3104619560097
12,5,1,16.02091916553004,80.73540654971481,1,0,77.93258481201984
4,0,1,8.534961259666424,115.10633367336575,0,0,109.45902489053799
8,3,1,5.8843930007353356,90.57718417119672,1,0,74.12848475825214
16,1,0,16.089653313661017,0.0,1,0,45.1878893467765
3,2,1,14.796889185919932,37.50686538992254,1,0,57.56490396782477
12,6,1,13.161994812071054,95.56379409757683,1,1,84.9860531748587
0,3,1,22.958539735755256,33.01768324870594,0,1,51.947394718934774
7,0,0,15.17499918127978,0.0,0,0,45.72188388958838
5,2,0,8.775215350363165,0.0,1,0,54.21120374509914
16,1,0,14.596019337424709,0.0,1,1,42.46870761979269
21,6,1,10.569613283017786,43.09789146742017,1,1,57.50193520055279
3,2,0,18.333794109485012,0.0,1,0,43.95896036400981
19,2,0,13.40488603415214,0.0,2,1,40.13360391095316
15,2,1,13.899616434002242,87.14828531915211,1,0,73.377952732683
23,1,0,4.78815794902353,0.0,0,1,39.64059831767274
21,5,1,12.306758097514761,63.694734063418366,1,0,67.89515772533625
2,4,1,11.718670728673704,37.216201725818266,0,0,51.22157947952878
17,3,0,6.878932723947244,0.0,2,1,49.233035781595504
14,2,1,10.892492568055776,52.47285065211544,2,1,55.96328283393237
2,4,1,14.178762217920392,20.699569346481127,1,0,50.74718445651369
6,0,1,11.978252003279934,115.03022961674446,0,0,92.87562671077433
22,6,1,4.939501542079832,97.03065219239315,2,1,80.24240288854851
13,3,0,10.633915834015284,0.0,0,0,39.02654573534697
8,1,1,9.659876054800629,54.399843803542744,2,1,72.5651719219528
7,3,1,12.967567615155914,31.09257890049786,2,1,62.81456397457154
20,5,1,12.427662809472112,38.92356603586607,0,0,62.072486336539335
6,1,1,9.941934689440766,24.52369962052944,1,1,51.906125366306235
3,3,1,9.746682782883244,66.22663927670163,0,0,65.34449097059283
13,4,1,12.336112939922499,97.35316794823314,1,0,76.55283266447572
23,5,0,16.814883774932813,0.0,2,0,41.07478089622832
4,3,0,13.393202613540929,0.0,0,0,30.482022210619554
6,5,0,19.11534662645357,0.0,2,0,31.842524874194424
11,5,1,17.665954894209452,55.31185791876442,0,1,70.23335070015682
4,6,0,19.48341248104576,0.0,1,0,41.07269406244661
15,2,1,18.84313825901528,48.39214530583435,0,1,66.67858471192154
6,4,1,19.814747583703614,13.338968899110458,2,1,51.94225161629079
3,1,1,6.23428594764383,12.931970267346781,2,0,52.039130740001646
6,5,1,15.237131389552342,85.51332202368862,2,0,70.36115332127392
22,6,0,18.091602764319482,0.0,1,1,48.25922128283372
22,2,0,18.995136609283094,0.0,1,0,45.87308619536496
12,3,1,8.146405934930236,27.5506940575766,1,0,66.02494021247638
9,5,0,15.28690262465719,0.0,0,1,42.662253002119364
19,0,0,12.376015324752096,0.0,2,0,46.239826863479344
4,4,1,21.23530116503806,60.70725174078154,2,0,57.214811682201635
15,5,0,5.063541878027747,0.0,2,0,50.52141866427061
16,6,1,8.153552092885672,65.58085804993229,1,1,65.94531173646209
17,1,0,2.946830875188274,0.0,0,1,52.0442506906686
5,5,0,12.723081435165412,0.0,0,0,43.5414616203633
17,5,1,23.319201346348258,18.949872626832338,1,1,39.30717263525321
14,0,1,11.77829190733354,45.85355785258568,2,0,67.95529485556295
21,4,1,12.50516661262127,58.5637163352959,2,0,54.21126965881899
4,4,0,14.751193853116023,0.0,2,0,45.898542410070526
14,6,0,11.418547574963545,0.0,2,1,38.49163878412653
19,0,1,13.830130095720401,81.3430693267915,2,1,65.6231580811027
6,6,0,13.96105834663907,0.0,2,0,37.73402442399921
17,3,0,7.772216739532366,0.0,1,1,52.54893671513655
2,1,0,11.529766442251658,0.0,2,0,27.715108593653664
17,2,1,15.709664632451231,102.36098863535994,0,1,79.60821792124314
14,5,0,16.642880582815476,0.0,2,0,42.04932584691777
4,6,0,18.492508280971375,0.0,0,0,32.44469356463673
1,2,1,13.67718033391397,78.88191357556767,0,0,73.12461355699092
17,6,1,13.778928556222203,114.32969019037164,0,1,74.28623514710031
5,4,0,15.750924326073125,0.0,1,1,42.04914063329747
11,1,0,9.02614893214346,0.0,2,0,37.77116871983401
1,4,0,8.821104740054189,0.0,1,0,64.34579874392794
23,5,0,11.376010711728007,0.0,1,1,52.790438032538745
13,0,1,5.624911502229482,46.7597703553882,2,0,68.83772156641255
22,0,0,14.034503858499544,0.0,2,1,36.130962948168246
3,0,0,17.24541018084132,0.0,1,0,38.99943643105584
4,3,0,8.44978177580823,0.0,2,0,46.36664145121424
14,0,1,14.175745949426355,19.870230018372773,1,1,52.54918860762433
14,6,1,8.854344745290033,83.69475036477712,2,0,80.39808755806304
18,0,1,6.91712249002537,29.669078883030497,1,1,61.64948573826372
22,0,1,22.277805218798335,31.843747737134265,2,0,51.061523033641805
19,1,1,6.988834319913789,15.21497945228087,2,1,53.37537256536578
3,5,1,5.603403409560775,74.39307198058947,2,0,79.29455446090502
7,6,1,13.073576985276564,14.088688960507532,0,0,44.36870692678635
21,1,1,13.342607392303831,41.42601897655135,1,1,50.31702964100525
13,3,0,15.336160705949704,0.0,2,1,57.51411718073433
20,5,0,22.006140267549533,0.0,2,1,40.72313917621282
13,5,1,8.114350924026848,107.34056598564482,1,0,100.52641001144235
1,1,0,9.107815810130498,0.0,2,0,45.515817361861885
11,5,1,20.044027486534283,21.46005700264981,1,1,65.76153220012989
19,6,1,16.69561882752892,91.06988361450752,2,1,74.15479987362843
15,5,0,16.00040668880866,0.0,1,0,51.36735364895446
3,3,0,9.050656522463406,0.0,1,0,48.022300708084714
5,2,1,17.62944110206126,31.455507053642254,1,0,53.22525501899243
20,6,0,16.015914100905178,0.0,2,0,41.265668841396526
23,6,1,12.947686340596828,59.263242068893895,2,1,61.44156456015377
18,3,0,9.07536094883254,0.0,2,1,55.581649429770266
2,5,1,12.533477771942227,21.964347699955592,0,0,52.58985055843509
14,2,0,20.24243444241636,0.0,0,0,45.44954577621428
19,5,1,6.5301612369815984,13.582279084288702,2,1,61.76002186623871
15,0,1,8.00100465968265,96.66190154690281,0,0,93.74557145558349
14,6,0,8.860987824646674,0.0,2,0,51.28058111979515
11,3,1,9.945894219951276,51.30905737745682,1,0,52.913685231666435
5,4,1,11.921316567394864,78.7170547670467,1,0,70.45226977865407
6,1,0,16.792855141009532,0.0,0,0,41.36410568718994
17,3,1,14.307070572087314,93.46763180638877,0,0,76.36733495225572
1,0,1,12.304205252517145,82.58046115505125,2,0,84.60696011663086
2,6,1,13.384967375401727,15.648690412763195,0,0,58.858884497026615
9,5,0,15.119954801815897,0.0,2,1,41.74472165699562
18,3,0,3.591470268852026,0.0,0,1,71.56758114970384
15,5,0,17.357920958773004,0.0,1,0,38.32298380457556
14,5,1,7.867935285567988,25.98878395668381,0,0,55.6601976983519
12,0,1,9.78244814411256,50.77099108518747,1,0,56.204702278248085
2,0,1,13.702176608517933,98.0593342685965,0,0,65.88569978464258
7,1,1,11.622970859980413,111.15136444994435,1,0,75.16400688030129
1,0,0,14.434652205466698,0.0,2,0,51.56063893341279
18,4,0,12.709139592282028,0.0,2,0,50.764704409558426
18,3,1,10.553338564691892,9.469246183181191,1,1,42.803161661964566
6,3,1,19.64379084688141,53.11599682731823,2,0,58.67459969752792
7,0,1,15.540327660050675,23.168542618060822,2,1,57.12848152295072
7,6,1,13.510586625678098,83.71374774759633,2,0,57.22436936961971
21,6,1,15.462599204296833,19.364537103109292,1,1,63.58519916602929
11,4,1,8.47335253646252,117.30914610763533,1,1,97.69981526810255
18,0,1,22.87385870908342,23.344282060856578,1,1,51.35552941693826
10,2,1,6.561813994584308,6.325646706685313,0,0,61.58117440420363
16,5,0,12.565843291467008,0.0,2,0,28.615019430673108
12,5,1,10.567868606911299,24.272554646284892,2,0,53.292523213430606
6,1,1,10.377928122864759,2.8815298191378913,0,0,57.77314756111892
21,5,0,9.728716218426204,0.0,2,0,47.16079192815514
17,6,1,8.141449995007493,116.3080525945539,2,0,95.13607128511985
18,3,1,17.941711024040597,32.09971768230216,2,1,63.46693100145656
22,2,1,5.9764860270855795,49.0467576146422,2,1,73.01416316181492
5,3,1,16.9178194934191,28.460028684713187,2,1,49.36508012733657
2,0,0,15.24268867360491,0.0,2,0,47.41149996547945
13,3,0,10.095544341603269,0.0,0,0,33.555562625131486
7,0,0,14.663036418969265,0.0,1,0,47.19238100070329
10,0,1,11.210504911517127,57.36251197117271,0,0,72.10556083898287
5,3,1,6.494968307453241,111.46983258899827,2,0,90.0260659267255
9,3,1,6.547831726645468,80.40209962287135,0,0,87.1947074522037
9,6,0,15.277207582348455,0.0,1,1,45.00725800544224
8,3,0,15.017851618425114,0.0,0,1,44.16134698202555
17,6,1,13.210057071596097,36.3774097878928,0,1,71.82268227628725
14,5,1,10.042417303297466,37.67558767412025,2,0,52.48981615340717
11,2,1,11.047842331844892,60.47898035673795,0,1,78.46644004553004
2,6,1,10.372234214179867,23.029341492273367,1,0,65.26619812668831
13,3,1,3.2652793241156637,15.891214710050846,1,0,64.71206423051846
4,4,1,12.306266251281397,44.6838099569926,1,0,57.55821808523332
7,0,0,14.612274306047505,0.0,0,0,46.05174521025254
9,1,1,12.338043993891029,27.691390130336245,1,1,48.387210042624204
3,3,1,20.84574586009601,64.20285374636055,0,0,56.297493718380224
9,1,1,6.977189275850099,94.81137693387157,1,0,83.6537704734667
6,4,0,8.6944814155314,0.0,0,0,40.97545821883183
20,0,1,12.66509497841835,94.99973800483167,2,1,76.25118094235835
20,1,1,13.218834050962158,1.8649938192091886,2,1,36.261664487194174
0,4,0,2.4939568748686387,0.0,1,0,58.22823160911203
14,4,0,15.013489999378013,0.0,2,0,56.06809396873053
15,6,0,13.241584197777993,0.0,1,0,61.98208323449528
9,6,1,1.403035280834544,78.06670229841949,2,1,72.93276198864777
11,5,0,11.41645365557539,0.0,1,1,39.004261657977985
18,0,0,7.9572923903066615,0.0,1,1,48.23438366246342
9,4,0,9.73338367843105,0.0,1,0,53.79200523788269
1,1,0,5.309496076610686,0.0,2,0,50.01642581228007
8,1,1,14.080943393367862,103.37960619887386,2,1,88.53848075758997
6,1,1,20.80888190285113,60.289269949768716,1,0,64.62305544254335
9,3,1,13.325117870851413,100.3743144315299,2,1,66.24031281333183
5,0,1,1.203079491181768,17.890725542499773,1,0,61.65475575347823
3,3,0,13.427980186663994,0.0,2,0,35.257030958255505
23,1,1,11.026806039004825,54.02054777702875,1,1,61.47483936497633
3,3,0,6.4949373262294845,0.0,2,0,47.41775553759306
16,4,1,13.768119156955136,110.21279335381357,0,1,89.39793714789079
17,1,0,16.398823640636778,0.0,1,0,42.551789229997716
14,0,1,8.657532590534313,108.85031423022068,1,1,83.34860781792736
21,5,0,3.781335945940546,0.0,1,1,69.64670809001473
0,5,0,1.9416388022856523,0.0,1,0,47.199953126843596
7,1,0,8.67157453207339,0.0,0,1,51.26580899411601
4,6,1,11.222482653700952,13.028037023056438,2,0,56.818326706732975
13,1,0,9.419972181812604,0.0,0,0,49.703398537020675
15,6,1,8.583589536688091,3.4535179069980204,0,0,43.04858615337393
21,0,0,14.839497635640775,0.0,2,0,36.426793472849226
9,4,1,14.31413023072962,84.47286051949537,0,1,78.96923060842823
5,0,0,12.997967013800961,0.0,2,1,53.85283623716241
22,1,0,16.08243892172053,0.0,1,1,42.60377053366218
16,2,0,8.718463236023409,0.0,2,0,38.373337958118796
18,0,1,6.5272038247071595,35.984987231250486,0,1,63.34236236695133
10,3,0,9.388331628863142,0.0,2,1,60.49528588740931
10,1,0,9.043486141591146,0.0,2,0,40.60341810848406
9,0,1,1.7435527197648675,50.049595330681974,1,1,69.4682243042775
17,6,1,9.272156802265146,31.256523450276745,1,1,59.872421416514435
5,6,1,17.524252775911126,15.261859616732787,1,0,55.914414750064886
23,6,1,16.004267153089312,31.16897017707075,1,0,49.75518548424932
4,1,1,14.6259192847804,103.19845158791927,1,0,84.17794249933522
11,2,1,12.658090216184895,85.8600168895232,1,1,86.93862671970479
7,2,1,19.244492630710155,109.70880124036826,0,1,67.03428703041331
15,2,0,6.6991605256601945,0.0,1,1,40.037605397011724
16,2,0,7.175864390185668,0.0,1,1,49.39483994027143
22,3,0,17.621476368442664,0.0,0,0,49.630907280695816
18,3,1,12.138024484193544,59.418951562369536,1,1,69.63396958811504
5,2,0,8.644108464779107,0.0,1,0,57.527548803783716
4,6,1,14.759623133782352,0.5129984637247498,1,0,30.63934458878989
21,6,0,9.807665191560075,0.0,0,1,50.8054672994696
11,2,0,7.812372522636326,0.0,2,0,26.860343113768042
2,1,0,7.673240935664548,0.0,1,0,60.361653105718936
19,3,0,13.60774680513008,0.0,1,1,54.50945663741065
15,2,1,13.029077483153312,86.86069926039909,2,0,73.2347979645474
0,6,0,19.583733833279755,0.0,0,0,21.74042839924246
18,3,0,10.549553766992485,0.0,0,1,45.77353156903616
14,0,0,10.464252756010438,0.0,0,0,56.44429327028372
14,0,0,19.19816765263458,0.0,1,1,43.836261939575316
20,0,1,16.928233966387953,37.19881057546462,1,1,70.15228754503872
11,2,1,12.724491518813696,0.9080795201518033,2,1,43.64995169922178
11,2,0,4.194936387093448,0.0,2,0,68.76797209342556
14,5,0,7.940726088583838,0.0,1,0,33.34971213454666
4,6,0,6.729526013061318,0.0,0,0,44.42149808126569
3,0,0,12.182258884496846,0.0,1,0,35.76865697477484
20,6,1,9.45829442729228,12.67717512900636,1,1,58.636565501484746
5,4,1,20.014524464211497,22.251608635238842,1,0,37.96060769208306
12,2,0,4.1428139311299566,0.0,1,1,60.615079041723874
6,2,0,6.193301415436435,0.0,1,0,56.41042673138828
5,3,0,13.22314392439926,0.0,1,0,46.737933313047435
14,1,0,14.60718024882085,0.0,1,0,43.27911573013528
19,6,0,0.0,0.0,1,1,47.44273080572221
10,0,1,3.3229492041737814,53.81884206233647,0,1,76.85006829986173
3,0,0,10.681981534296929,0.0,1,0,43.234857601686166
5,1,0,18.780218157424837,0.0,1,0,46.93973806271508
3,1,1,21.43880442608485,85.59295463627377,0,0,80.60823167923084
21,0,0,9.92751254918487,0.0,2,1,45.40268108816895
7,2,0,11.146765112897919,0.0,2,1,57.46223397727316
8,2,0,7.815671213576786,0.0,1,0,51.08252746346429
1,0,0,15.166031999430611,0.0,1,0,48.4564478435321
10,5,0,19.642647922469656,0.0,2,1,29.524207022304388
21,6,0,18.280103686900247,0.0,0,0,35.69680684084142
9,5,1,11.854996936722918,44.19240130096127,0,1,56.21727177955592
15,3,1,7.807341474323878,92.56918043156342,1,1,92.73547342451045
4,6,0,12.040985021549103,0.0,1,0,43.37382940984974
3,2,0,18.903933522167886,0.0,1,0,45.717889638729304
17,2,0,9.997414508266909,0.0,1,1,47.207918454396356
1,0,1,2.922854853261235,96.44142484790255,0,0,84.37467671825902
10,4,0,10.199953733412661,0.0,1,1,35.87690662927723
7,0,1,10.604871232558304,38.34212235376588,0,0,45.476194052441386
0,4,1,2.8935091936525126,77.03052892005368,2,0,77.74915560812572
12,5,0,13.160186659991595,0.0,0,1,43.0409785165554
23,1,0,14.530023316276989,0.0,0,0,37.15906742882229
1,4,0,21.29946307409155,0.0,0,0,39.93443494757833
19,2,1,5.338115215784438,22.8192638314396,1,1,75.23875803289287
12,2,0,15.65260715644382,0.0,2,1,55.23447127201336
17,3,0,16.834180755879384,0.0,1,0,42.21133959890505
2,1,1,14.598104654676549,12.087419379487624,2,0,48.50854442780342
20,5,1,6.965991835779377,36.14634862311212,1,1,67.69286218006515
0,2,0,6.675366596287441,0.0,1,0,52.118564782708916
21,3,0,12.485983761419075,0.0,2,0,50.63956059271443
15,5,1,12.45088829923146,43.44222532983557,1,1,62.93005428391364
8,1,0,9.202830876856467,0.0,2,1,48.87009528014885
0,3,1,18.458185067666278,90.90076478947627,2,0,67.31209130641027
14,6,1,9.996242087539699,36.160515047846516,0,1,62.934665123267294
2,2,0,2.5314962794048164,0.0,0,0,35.25486530674746
14,0,0,10.879717427475814,0.0,2,0,48.791103857291574
18,1,1,14.401366741228529,43.22136461181024,0,1,42.446193762376666
6,6,1,13.70980576030523,57.33743234172681,2,0,66.60157584036034
5,5,0,13.671112935699732,0.0,0,0,36.61021236512236
5,5,1,19.46994507178339,50.77970535483904,1,0,67.79708758226565
5,1,1,6.426047141489379,69.68965788043593,1,0,75.34208572731879
2,5,1,9.881458258246628,41.956765846109,0,0,62.17057091998852
5,2,1,19.725270190052015,55.69595862722909,2,1,62.337536777090705
15,5,0,2.163250565178579,0.0,2,1,46.73467340209122
7,6,1,11.731527763986152,2.9404548508883366,0,0,55.997257726168655
18,1,1,18.14460557618517,19.63787610119253,2,1,53.2842596444023
19,6,0,18.0700812546703,0.0,2,1,36.51659541789106
18,4,0,15.300581864231765,0.0,0,0,34.670189973202056
12,5,1,15.42719650880847,84.50323704362843,2,0,69.24598309528972
7,5,1,6.794884384724323,108.65579870783026,0,0,86.73229502441248
22,1,0,18.865885419645927,0.0,0,0,31.22947575128304
4,5,1,5.999691443571029,37.698144432967965,2,0,59.739710749785424
11,1,1,6.297934903133125,53.98091642059912,0,1,64.12254620653708
10,1,1,13.939370655818728,78.08601552845646,2,1,69.56066043231073
17,0,1,9.534927521414001,81.65243263567265,1,1,74.39634067986908
13,1,1,13.033483495198794,117.29962797412381,1,0,89.53287252209483
19,6,0,14.153835396401135,0.0,2,0,43.926880453681314
22,2,1,20.890548696877744,29.944179976441355,2,1,51.98455672785941
9,2,1,14.168622927832047,43.46302107923765,2,1,60.86794960018546
20,3,1,8.907328479207706,110.6931548685821,1,1,85.05744967579388
4,4,1,15.382439790930675,75.92514917776843,2,0,74.73763443825655
21,4,0,7.841228999589439,0.0,1,1,26.774962809443128
4,3,1,16.565777621880205,86.89027086777557,1,0,69.2886830956797
20,5,1,12.323139597846277,115.85164149980021,2,1,81.12429680482151
9,3,1,14.002719080784741,60.14760682850789,1,1,65.80446786348136
23,5,0,3.096730114426599,0.0,0,0,47.44793375605639
3,6,0,0.746272024092562,0.0,0,0,58.79418266574531
11,4,0,4.492878837932837,0.0,0,0,57.208364355431414
21,0,1,20.728854278492335,112.69118914607571,0,1,66.7868174239167
1,1,1,6.259225885764547,63.06451701270158,2,0,73.85317971175459
6,4,0,15.661549009944657,0.0,0,0,32.223584027821076
2,3,0,8.790461005446474,0.0,0,0,51.80493145783977
7,1,1,10.799849503903799,93.15131498120299,0,1,75.2307588146651
9,2,1,11.776398724653703,91.65029948542472,0,1,71.22276144741542
14,0,1,20.21889213905748,91.00850303516576,2,1,56.99427574731777
6,1,0,14.922527653957124,0.0,0,0,42.324512164306334
3,5,1,13.925165701601756,95.55454491913864,0,0,68.03995233005065
4,0,0,18.483492160555983,0.0,0,0,28.344813328945264
22,5,1,8.83401568119209,76.3506029234386,0,0,76.14320060652204
22,2,1,17.341714884757167,54.55835217775168,0,0,67.9760048522114
5,5,1,16.506512975793655,102.38979067410199,0,0,80.78699492455205
4,1,0,16.449496816217664,0.0,1,0,30.392516117439897
1,5,1,11.224916485442462,56.352011333317485,0,0,64.6490076151514
23,4,1,9.813425521112856,69.58428641785471,2,0,76.94827075929203
16,5,1,7.650881774152923,82.29903036791325,2,1,76.59282931718818
18,0,1,7.964088175167309,82.59858993589113,1,0,80.14249016191312
6,5,1,7.41493424470754,37.32445645802938,1,0,58.63353023528175
15,1,1,13.83423880913038,35.12300025596866,2,0,53.148092971974144
1,2,0,10.85831843364964,0.0,2,0,41.03644037966021
16,0,0,14.157000988400096,0.0,0,1,48.57051059120097
13,6,0,14.43941009826402,0.0,1,0,48.84913926558116
7,4,1,6.701219728558335,109.60522728483605,0,0,83.55947291150554
17,6,0,6.551157339453853,0.0,1,1,55.797984888017716
15,3,0,10.856698084133438,0.0,2,0,34.898845504415746
10,1,1,8.124396381931094,87.94565361442139,1,1,77.91247616245997
4,2,0,7.597939302368571,0.0,1,0,38.09227100813563
0,3,0,20.478435045374354,0.0,0,0,29.56238467736166
22,1,0,4.333226140612935,0.0,2,0,40.60811364041968
6,6,0,22.115322136390052,0.0,2,1,32.06190820579469
7,6,0,13.444381916795443,0.0,1,1,49.20250343113043
16,3,1,16.93119141508963,57.649137566845006,1,0,61.00535202807418
6,4,1,16.341664086651157,69.38131595389068,1,0,61.53887198702648
9,4,1,15.08479588633018,76.66985896721403,2,0,68.37857101216261
17,4,0,20.309158995715926,0.0,1,0,22.30232665479204
14,0,1,6.587916557616091,46.48835520850434,2,1,70.57511257633188
15,3,0,11.218108111107956,0.0,0,0,28.04443761506709
0,5,0,7.735765437496263,0.0,2,0,43.15347595704396
10,5,1,3.5196023448380878,110.56277499773184,2,0,90.25027275299969
11,4,0,8.69379440720888,0.0,2,1,51.609297321226194
15,6,0,21.362738891119108,0.0,1,0,39.821696617587676
3,4,0,11.132666512911428,0.0,1,0,45.69790492500017
3,2,0,21.9175785666678,0.0,1,0,49.12585129213943
18,3,1,22.42913581721602,3.274135611817681,0,1,54.32148417711525
16,4,0,26.97565181848041,0.0,0,1,33.47591741186457
19,6,0,21.52746509549153,0.0,0,1,36.9773419588008
6,1,0,23.790659326669036,0.0,1,0,34.689646429828514
23,2,1,13.62583770527862,23.657981208750208,0,0,47.49265837089827
6,4,1,13.141641168433367,81.13805159012492,2,0,75.89186648476544
15,5,1,13.474196806076751,97.15834694384736,2,0,88.39840390763695
3,2,1,12.00031102305182,10.396826890827239,1,0,29.117208000420415
22,4,0,12.748315675837715,0.0,1,0,43.444057334664905
7,0,1,15.76091282576709,28.648624067461988,2,0,64.32704352731011
19,2,0,9.670910723517308,0.0,0,1,50.40860187311198
7,6,1,5.111878810956447,81.8962594186571,0,1,82.8845478261025
18,4,1,13.818093987862632,57.07662009321996,2,1,51.11505634603147
10,6,0,8.535975828375918,0.0,2,0,53.788235699330585
1,1,0,9.053632512643308,0.0,1,0,55.83011514022154
4,2,1,11.286233848429143,109.36009358369151,2,0,85.84653984206513
16,6,0,10.139283902330625,0.0,0,0,41.64417055062472
4,6,0,17.550212462583463,0.0,2,1,44.502385989493746
6,6,0,11.166292302383281,0.0,1,0,37.76413323893683
13,2,0,17.802248189383587,0.0,2,0,31.396647464080623
6,5,0,13.030081244710768,0.0,0,0,50.993006926502595
3,3,0,11.557354990321649,0.0,1,0,54.52062475548428
14,5,0,12.79110243143397,0.0,2,0,38.82614622756324
16,5,0,5.541850679896331,0.0,1,0,41.24387818490585
17,3,1,13.690385947353478,63.226245963988234,2,1,59.154113662189786
22,2,1,16.245946481574805,60.33536344598225,2,1,64.70181838030402
2,6,1,16.954252134231126,21.694773777282403,0,0,39.71615797879821
10,3,0,5.23912957311066,0.0,2,0,61.079368909480685
5,3,0,4.405098988785118,0.0,1,0,47.75671895379348
21,4,0,9.315907374595817,0.0,1,1,50.47760709187326
12,6,1,18.92331178996439,91.16788094381269,1,0,65.82451200808023
2,0,0,13.10487696790123,0.0,2,0,49.188285925646014
16,6,0,8.126523801258989,0.0,1,1,53.82586769994825
1,2,1,4.735302665348099,80.00042421705994,1,0,65.78943135827907
6,0,0,8.58005347773192,0.0,1,0,42.69865082118061
17,2,1,8.242244357434611,115.37580420576428,0,1,87.53476412177967
12,3,0,16.67808859322628,0.0,1,0,37.456144061447404
18,4,1,17.062721246935222,44.079955262544004,0,1,63.750451156758096
13,3,1,6.750490639045318,66.18713272798627,0,0,67.98755708803048
20,0,1,15.765830307907999,60.313735961678454,1,1,69.21595174955426
13,3,1,15.25378449337714,78.61775304162845,0,0,74.19049402587835
1,1,1,6.1015959261853405,94.01371429907697,2,0,82.15997105652424
1,1,0,11.580906505860492,0.0,2,1,51.78607238906151
18,4,0,13.704099940787085,0.0,1,0,31.733296796864764
0,5,0,12.816177093586795,0.0,1,0,44.25352085869844
9,1,0,3.447294615957217,0.0,1,0,46.04828873745631
0,4,1,12.655912272583093,104.88926457994245,2,0,80.73118214609659
7,2,0,15.18132445715838,0.0,1,0,39.09969176165405
14,2,0,19.897970844337618,0.0,1,0,39.5614979532632
4,4,0,8.656043999264257,0.0,0,0,48.15105594869765
11,1,0,9.27273421735554,0.0,0,1,48.691847255906346
23,5,1,10.955666170636949,82.51027912401841,0,0,76.54113628137553
1,2,0,13.456079606584447,0.0,0,1,48.82202130971109
1,0,0,12.485088838114276,0.0,0,0,34.94208135375837
6,5,1,15.021539939835453,5.103710938124881,2,0,48.84398928934058
19,5,0,6.374067288924289,0.0,1,0,37.79967164266015
9,3,0,13.984268446482746,0.0,0,0,21.457678548767195
15,5,1,8.28892309887173,95.2076546886397,2,0,97.47124448858445
0,1,1,11.283330489722108,114.00404748621311,2,0,78.36403672049913
17,2,0,20.54006813628103,0.0,2,1,34.98363549407949
1,2,1,5.008785956169957,102.19144720903088,2,0,71.85013579920108
17,5,0,10.602662657803148,0.0,0,0,42.88223045346156
3,2,0,5.626771138446876,0.0,1,0,52.1529471153485
20,5,0,12.765339872758863,0.0,2,0,46.729954938732895
7,2,1,17.241164576950087,97.20134755795982,0,0,65.57330356723172
4,4,1,12.848275594221349,67.66219992310772,1,1,64.85394287600177
8,1,1,11.416420733321685,51.901810481400815,0,1,66.98254154968465
0,3,0,18.64201164526026,0.0,0,0,41.994780582114075
3,0,0,13.652512173860723,0.0,2,0,45.10402751480177
14,5,0,16.09783028155905,0.0,2,0,48.205148409606466
7,0,0,15.576286934225674,0.0,0,1,41.6670495182445
8,6,0,0.0,0.0,2,1,66.1379907082209
19,5,1,11.616655971895257,74.0279269224537,0,1,69.27127461650585
2,4,1,6.609627655593238,97.5547408095148,1,1,89.41260464962313
9,6,1,7.853415529215691,91.70881616286887,1,0,86.65631093639131
4,5,0,19.372930536626466,0.0,1,0,26.38843522815088
11,0,0,10.12597227338704,0.0,0,0,50.426457209700594
7,5,0,21.462840979030037,0.0,0,0,32.70861213349872
1,2,1,4.961557898645722,108.94909749282925,2,0,81.0921371063503
1,5,1,6.58164609861316,20.38244128567537,0,0,53.47312183830867
20,6,0,15.81175330475985,0.0,0,1,43.6441041501888
1,6,1,10.293142401207458,23.43404585698849,0,0,42.44822127862179
18,3,1,13.536636683005248,117.7067699801334,0,0,85.5831292725289
21,1,0,11.43846586815125,0.0,0,0,44.10861153781553
11,0,0,11.28711881016996,0.0,0,1,54.27572973352167
7,1,0,10.478819656339619,0.0,2,0,41.548613398493565
18,6,1,12.897466802038684,92.70372636578605,1,1,86.64691083474422
23,4,0,15.208191437639513,0.0,0,0,45.92783766484896
2,2,0,20.07211075486238,0.0,0,1,38.674380107625865
23,3,1,10.987437323285912,32.80012359897527,2,1,67.87938522826516
22,1,0,10.031808521820622,0.0,2,0,62.3548169170588
3,3,0,9.38769221770434,0.0,2,0,45.80545635595663
1,2,1,19.348919275162494,81.99809460315717,0,0,62.2995009239177
17,5,1,15.45162448556909,35.64401810083383,2,1,58.54598328453075
1,0,1,2.5048328678091494,95.22503200901845,1,0,74.9406323654733
14,6,1,2.2843964860180908,37.39446898261166,0,0,55.852313576715375
1,0,1,7.849710602509573,41.15222645912011,1,0,73.57849299286433
16,2,1,13.150727220271873,47.86210316986745,0,0,65.80603480328571
5,2,1,11.832649303906548,89.35076512236692,1,1,69.94129971033034
2,5,0,14.573892759218404,0.0,1,0,68.42126418781382
1,4,0,11.122782789083601,0.0,1,0,35.04469984510406
4,1,1,18.987093856894713,83.0465923424641,0,0,73.8344155727927
12,3,0,15.86055689387008,0.0,0,0,35.939562858120524
1,3,1,12.38788303557843,28.479797172335477,1,0,69.30618583070645
19,3,0,17.726697152670525,0.0,2,0,36.57121640510867
14,0,1,3.755468878423896,104.73457762030047,1,0,86.37582344803536
7,1,1,11.574626436673881,60.18560641083337,1,1,52.335203577265965
23,3,0,12.687561530639925,0.0,1,0,61.51111733771513
15,1,0,15.010182499762546,0.0,1,0,38.04825260293108
16,3,1,3.4241699858568975,49.950121512718006,0,1,73.58471358989411
4,1,1,10.697965465627592,36.709845709544396,2,0,59.32787761862776
17,5,1,14.002303981755372,85.46262202636623,0,0,69.29842289365314
13,1,1,14.38581063198668,41.06091695037505,1,0,40.041122572516024
23,4,1,17.930649207271006,98.54606509294915,2,0,73.32017986902679
11,5,1,15.807526662033725,55.642924791030744,1,0,59.65552920026899
16,2,1,11.695769753139794,75.47522163796278,2,0,74.60985473278961
8,0,0,15.374868744743774,0.0,0,1,59.86385093030539
0,0,1,10.993181822226838,53.52644055859285,1,0,70.09565363707043
3,2,1,12.733869763814264,20.441544886919218,0,1,58.84633661715225
20,0,0,15.974011750736812,0.0,1,1,39.77941882755068
17,6,1,11.773496034059788,59.601063156538,0,0,55.93538407363221
8,6,1,13.809948397659188,93.90999608270484,1,0,74.58642086048641
16,6,0,16.806543846585065,0.0,0,0,35.678870166393715
0,6,1,15.560824303695265,85.5143723636597,0,0,72.08080392987901
0,4,1,18.167359279406845,116.57456484731357,2,1,77.3138709225068
12,2,1,23.64224148976455,32.30336146923034,2,1,33.97082700088634
14,3,0,15.514638866784717,0.0,0,0,52.72411906833135
22,1,0,9.693537242976227,0.0,0,0,46.11887301084571
18,5,1,14.559115239099004,80.50887471859758,0,1,68.89052145306773
6,3,0,14.344092082452086,0.0,2,0,34.6864893759318
19,2,0,15.067553467551907,0.0,2,1,39.142749721369256
11,4,1,19.47508123618686,117.32666203100392,0,0,73.57780659165887
19,2,0,3.5794424550799686,0.0,1,1,42.58452115562158
4,2,1,19.56918995664867,26.68736111711205,2,0,49.98699875216663
0,1,1,21.252084340290565,43.049880268257134,1,0,49.31521619968115
1,0,0,14.840353316351074,0.0,2,0,49.11653548080592
23,0,0,14.960675406115666,0.0,2,1,40.148599783633415
1,2,0,10.791775963702506,0.0,2,0,47.28488823082455
22,6,0,12.031619949083526,0.0,2,1,46.064992771373916
17,1,1,15.48976079574076,97.32194855267215,1,0,79.7493668734813
3,4,0,15.167761963851621,0.0,1,0,36.13650651170538
20,2,1,15.603548650016936,88.41027314482685,1,1,80.65369147663935
3,2,1,15.133342858016418,88.28551312545063,0,0,64.35321303044087
3,1,0,16.49194987071185,0.0,1,0,42.14592895797933
13,3,1,15.933243349928237,110.2210661288941,0,1,71.19137310483417
6,4,0,6.878256673699342,0.0,2,0,48.53156950601049
6,2,0,16.1613402175394,0.0,1,0,49.197658643744944
4,3,0,21.292933082081134,0.0,1,0,42.40948612858753
14,3,1,11.866866240222988,22.429144497584367,0,1,61.82515956979441
0,1,0,19.49739973991239,0.0,1,0,36.976279407797
5,4,1,7.413523500442045,68.92193988377788,1,0,80.46326044963713
13,3,1,11.851186901947825,16.814189317871218,2,1,45.866208569077486
11,0,0,8.794209240950709,0.0,2,0,44.2970712735936
16,3,1,18.896106262118995,106.98035255221819,0,1,78.36651149207708
5,2,0,20.202382772044256,0.0,0,1,45.63809552640403
15,5,1,11.504019399562189,20.627718897500436,1,0,48.63775134078493
18,2,0,17.855307613309254,0.0,0,1,46.27685424886119
9,6,1,20.25313313951667,86.48726091686599,0,0,70.9175342924702
6,4,0,11.835405710191653,0.0,0,0,48.22671493095585
13,0,0,12.648758058984917,0.0,2,0,38.0439687601205
13,2,0,15.66807684813492,0.0,0,0,39.38787798666621
2,6,0,7.787310092398578,0.0,1,0,48.02108712810086
13,1,0,12.550487976072803,0.0,0,0,47.65959225696918
3,4,0,22.71393553100969,0.0,2,0,30.36955943073942
13,5,0,9.499932398748516,0.0,2,0,37.06424126174936
22,4,0,16.26913120353257,0.0,0,0,24.92254347220647
12,0,1,14.61902223068506,119.53006488829361,0,0,91.10679365498723
18,2,1,11.181170456485239,1.2937973372968914,1,1,54.06060819091803
7,2,0,13.10827546454696,0.0,1,1,28.435905326147246
22,2,0,20.763099622697148,0.0,0,0,38.9948867557587
19,6,1,14.767985732896506,25.127035231435645,1,0,48.96300263540844
22,0,1,15.549093116306315,82.21998783500413,2,0,81.07396579206524
17,3,1,20.00431148125878,60.40085294024387,0,1,58.45473592745465
15,6,0,10.552947815009158,0.0,0,0,50.921730503755754
12,6,0,6.765425450810774,0.0,1,1,46.18576220196067
22,4,0,20.841736957951397,0.0,1,1,32.82985502004885
20,6,0,12.682608913092153,0.0,0,0,50.99180186606208
10,2,0,16.468004250745068,0.0,0,1,50.45248608455666
2,4,0,8.188354071903198,0.0,0,1,38.2979942911899
0,3,1,13.942631526230825,14.31321557155357,2,0,57.99505388880536
5,0,1,6.515336075690714,76.98142237097045,0,1,68.93287718450617
1,0,1,12.318699198640463,119.0364935473186,0,0,68.15132372261016
5,6,1,8.760384074108602,89.74959491158565,2,0,79.49059762103812
2,1,1,7.611728325437243,72.38819453095897,1,0,78.30384967130725
23,2,1,10.484386653170382,47.35661925879138,0,0,51.061459688230215
2,4,0,0.5330467851589695,0.0,0,0,38.71143883374396
15,4,0,6.2004878111123345,0.0,1,0,46.08127469114466
8,3,1,15.91207078130164,98.47089539006431,1,1,71.7066560455343
4,6,1,13.738331947738635,27.600801561155688,2,0,64.62654531633623
16,5,1,6.629065265186963,14.829683238564591,0,0,54.98387535835004
23,6,1,14.739367847325331,21.352928610880703,0,0,56.558386487302094
18,4,0,7.608934639240574,0.0,1,0,50.59037466808759
23,6,0,15.609819352067092,0.0,2,0,55.061694831838565
14,4,0,11.421804632690872,0.0,0,0,38.72896966614375
16,3,0,10.374384248038364,0.0,2,0,45.9968647972919
3,5,0,11.544681881362727,0.0,2,0,33.211689792331626
20,6,1,24.797642283328543,106.57900268962845,1,1,78.95569735696955
17,0,0,8.205992402388247,0.0,1,1,57.347393391190046
6,6,0,13.132793331331893,0.0,2,0,51.475953788439945
8,4,1,15.906843547461854,35.302091158875264,1,1,53.632808615738874
14,6,1,7.187935754555327,96.01234766832395,1,0,70.93847362911609
0,5,0,4.028710812970339,0.0,0,0,51.08582953136559
19,6,0,8.994509285189135,0.0,2,1,42.38266574643675
6,1,1,15.797316005544339,53.110162095456886,0,0,68.3319279302338
1,1,1,10.289982741358585,80.94954506889614,1,0,71.68665032434792
7,1,1,10.844470343194875,93.634021298038,2,1,75.5118619078136
20,1,1,16.553848256460398,13.518708442022742,1,1,63.880335877788625
6,1,0,7.968284602525703,0.0,2,1,55.019931844428065
12,3,0,11.556223444269419,0.0,2,0,54.36250225099082
19,1,1,4.430794793415906,84.6509608939458,1,1,76.98635304555107
0,1,1,13.603595303628978,18.452917081505397,0,0,41.772767424833035
18,3,0,13.14753537284205,0.0,2,1,53.01634579680199
6,5,1,15.977681490836087,80.09293369277802,1,0,82.18720372896532
16,0,0,6.273719341643069,0.0,0,1,39.6890817761943
4,3,0,11.040562096137917,0.0,0,0,42.0276256171153
3,4,0,5.607648197709066,0.0,2,0,43.19981915488005
18,4,0,10.769466569221006,0.0,0,1,50.23576292189941
19,0,0,19.40894037720612,0.0,1,0,48.16361134392528
23,5,0,10.396236220130087,0.0,2,1,43.73654669881478
16,0,0,5.170400878775483,0.0,2,0,47.8940381213638
11,1,1,8.60060367512592,105.66260217695556,2,0,69.44748622534041
4,2,1,3.945240832913944,117.82333622900465,2,0,85.44804053311958
7,5,0,5.521135605963903,0.0,1,1,62.641606732035505
15,1,1,15.354934737477,102.51036603464561,0,0,82.53597372952568
8,5,0,4.768583813189482,0.0,2,1,58.59544785082965
11,6,1,13.561642951774388,32.552632723363864,1,0,52.62281297108217
4,6,0,12.128713379412867,0.0,1,0,43.112536443675936
10,2,0,9.342358754533329,0.0,2,1,47.675053978342575
5,0,0,13.136749900288883,0.0,1,0,47.08451155422376
2,1,1,7.311692453263722,52.18663726339581,0,0,78.42431063334274
3,5,1,16.204222004135232,9.568367192336336,1,0,40.00352966254225
12,1,0,8.508298507138344,0.0,1,1,47.08865971521559
8,4,1,10.068165556965566,13.37632307143718,1,1,45.281164034355044
2,2,1,9.473244973014465,40.44318628084024,1,0,45.83119991253709
12,5,1,15.44736782203883,70.85207666725145,1,0,74.80144787951893
3,4,1,14.722219567544496,63.740982128924216,1,1,79.51118597706211
0,4,0,0.0,0.0,0,0,61.12368245726294
3,5,1,13.271214681390894,79.04257644604469,0,1,73.89024368126456
10,6,1,3.277035840872095,94.68537342925146,2,0,100.3457618242698
22,2,0,10.293391439054185,0.0,2,0,50.43630783730718
5,3,0,11.4591298912665,0.0,1,0,52.25468148042924
6,4,1,10.239708852340815,89.19959989217045,2,0,79.15587075217724
5,5,1,14.504096110494583,18.429477362315478,2,0,52.19663174198102
8,3,1,15.600382830397661,100.09994444665108,1,1,76.4910582747038
17,2,1,8.132671035903547,113.16209318356238,2,1,94.76123831538246
7,5,0,7.951014987513395,0.0,2,0,39.90892882625094
15,6,0,11.820152231737415,0.0,1,0,48.89795902146744
21,3,1,4.28133959716922,52.48059822508155,0,1,63.118775069171036
22,0,1,9.615110124061607,35.87968148886936,1,1,63.94468137627147
13,2,0,18.740389166936787,0.0,0,0,59.16070188031429
17,3,1,4.468497173946423,77.61207404907672,2,1,84.1882414770341
22,4,1,10.299413203432959,118.56819278583723,0,0,97.65072447303989
18,4,0,9.038495935349417,0.0,1,1,54.98901862861927
7,5,1,22.026339406938792,84.71318338237484,1,0,48.422444677833056
3,0,1,9.310693966651733,40.18441237928701,1,0,60.56243568074156
2,3,1,9.60094557320752,30.16728898315574,1,0,61.46078275048255
21,4,0,6.846175360991348,0.0,1,1,32.811959234545114
13,6,0,12.046609017836255,0.0,0,0,43.09177897588677
7,0,1,13.350835275118438,86.0863238063322,2,1,73.81559452970943
8,6,0,7.570900761902029,0.0,1,1,39.09055719779343
6,0,1,16.943614003609827,12.88430049331585,0,0,38.197099910620835
19,1,0,13.355317921442545,0.0,2,1,55.01458057253356
14,5,1,16.25949634382591,34.90125520276757,1,0,25.561204171941007
21,5,0,10.359322360800403,0.0,1,1,48.884291454099774
7,6,1,13.215921654456666,7.443186209465953,2,0,56.340945923755555
11,4,1,10.934517525629591,21.09641423547189,1,1,53.41905590805775
2,4,1,19.288407747455746,92.64342740965499,2,0,83.26348068508551
23,3,0,12.58132068685531,0.0,1,1,41.51592385288261
12,3,0,12.043769741574994,0.0,1,1,38.12444828902079
13,3,1,9.708790004895429,119.820681324788,2,0,89.09472472225553
9,2,0,9.420181847639181,0.0,1,1,44.41142611958437
6,5,0,13.188610374119135,0.0,2,0,39.874524978909214
22,2,1,16.09793729686357,117.03936758535473,0,0,81.64170631115927
11,4,0,8.57720951044956,0.0,2,0,41.80229702370026
16,4,1,12.632896385880644,23.610839696880266,2,0,46.45438211379887
0,3,0,12.920847455095574,0.0,2,1,35.68742645194352
6,4,1,13.791817581878052,61.90300940129261,1,0,68.96486224026438
19,0,0,3.4625179906964068,0.0,2,0,44.238144979872196
2,2,1,7.376336501445059,71.82630298464407,2,1,64.30174375417896
2,3,0,5.170777399390497,0.0,0,0,42.27368737153057
19,2,1,12.164422133258729,97.73274953001801,2,1,81.12000626238203
7,6,0,7.495133150548445,0.0,1,0,54.3589212862087
6,6,0,9.518794407866261,0.0,1,0,53.393223751732094
13,4,0,6.0285973804457695,0.0,1,1,51.8915367397686
4,2,0,9.983817314160987,0.0,2,1,51.297254656750006
1,0,0,6.379481993906156,0.0,0,0,49.458102814490104
0,5,1,15.789542210164754,52.51614034577537,1,0,64.39377956113124
1,6,1,14.396139848977889,20.2957850869127,1,0,54.10835000131999
3,3,1,12.751146407371763,44.878744296390536,0,0,54.66953009694933
16,5,1,10.490290351597158,43.17496917959434,0,1,53.1138240373663
7,6,0,1.8115661684863742,0.0,1,0,64.36798994180215
1,3,1,9.708966872525771,52.491599253823715,1,0,66.60771866027697
0,1,0,8.19271728156313,0.0,2,0,56.860142806071956
11,0,0,13.236371086327608,0.0,2,0,35.610991348012654
20,5,1,15.098535844021859,50.250055167613404,0,1,57.26425298326285
8,3,0,13.623163312465433,0.0,1,1,33.088448416362056
1,1,0,18.315191545632942,0.0,2,0,45.51847031036735
5,0,0,9.15842882807455,0.0,2,0,42.757360269027295
11,6,1,8.951120593396782,85.04549916809115,0,0,73.17080059659976
4,2,1,17.189391144512886,85.46858668974792,2,1,86.80892218327348
23,2,1,12.83108197269067,81.00917108594105,0,0,78.41858889758697
18,4,1,10.76500629728892,98.09524260683304,2,1,85.95402220053741
8,2,0,21.232605724473913,0.0,1,1,28.39703007027308
22,6,0,14.888652736913413,0.0,0,1,28.22870339354317
7,4,0,11.047279130329583,0.0,0,0,53.927261223461755
3,2,0,8.5702759317635,0.0,2,0,30.22073449654544
22,1,0,18.632563357919345,0.0,2,1,36.08133165544713
23,6,0,13.034985104448346,0.0,0,0,38.07889026470841
7,4,1,12.122584597692136,79.17578587254818,2,0,65.61232838637368
14,6,0,15.38138213727545,0.0,2,0,39.16732474267094
4,2,0,16.400439284269872,0.0,1,0,33.43387731949344
15,0,1,14.749349922454485,94.73414322664905,0,0,66.62939138662125
16,6,0,16.41987787815972,0.0,1,1,43.90476220489362
17,1,0,14.25687179451341,0.0,0,0,52.125052778915745
13,5,0,14.774452917151134,0.0,1,0,29.290333405980384
16,4,0,8.341810725782825,0.0,0,1,49.89097571041138
13,1,1,21.051769408087793,70.8484036480752,2,1,67.28683922380996
19,5,0,5.8316167050464855,0.0,2,1,53.9068099861037
4,0,1,13.54688807248737,12.678209409279386,0,0,46.83006986287888
11,2,0,5.316164709106961,0.0,2,1,45.97050385012918
9,2,1,11.509356305820223,29.009443336842434,2,1,62.014506537368604
12,4,0,9.143531810659574,0.0,1,1,50.367547397647066
3,3,0,12.678779356719918,0.0,2,0,29.70257413918565
7,4,0,13.708788406788226,0.0,2,1,42.264468396631294
22,3,1,7.21833148502704,76.2591725960438,2,1,76.35995025726137
2,5,0,11.852927725242122,0.0,0,0,36.76786367131092
15,1,1,18.96837111228141,105.50018422084122,2,0,74.80281972515301
15,5,0,5.438674512492696,0.0,2,0,54.581364540492366
11,0,0,7.729731154189668,0.0,2,0,42.197542959950006
0,0,1,16.303773239576675,81.62901879862349,1,0,72.39104319237674
0,5,0,12.387774066232101,0.0,1,0,37.17352470812526
6,1,1,12.755774649122822,70.64816618557597,2,1,59.62879061997129
2,5,1,17.111511743461637,31.889142377250188,1,1,57.39671126678019
2,0,0,8.029656491008538,0.0,2,0,57.96826081701052
3,1,1,9.403323849512022,60.309228313951934,2,0,59.11576349781205
4,6,1,8.786790667665807,35.653826955113225,1,1,68.07361197029597
20,1,1,10.258984763322186,30.626648873303324,1,1,57.407957066459446
15,6,0,18.697610424738393,0.0,1,0,22.334319625909597
0,2,0,3.49459952237744,0.0,1,0,40.72474706119405
15,5,1,6.028905945449635,27.70217957032068,2,1,64.73875777095245
3,6,1,5.171584663534103,62.08974781697419,1,0,59.60255059439057
10,0,1,19.00846975342984,23.042818788321643,2,0,42.909745619399075
0,2,1,8.928000326501184,32.5142331275026,2,1,58.586724854275325
2,4,0,10.366631769575006,0.0,2,1,50.29085129022746
3,6,0,3.9268291103953175,0.0,2,0,53.33598781068678
10,1,0,10.688069819170407,0.0,2,0,58.998009216950635
11,1,0,16.332608604209835,0.0,0,1,35.40748417240003
8,2,1,13.264785241364816,86.9864999194341,2,1,75.6222746532908
14,1,0,11.460679743506873,0.0,2,1,49.45242232680906
17,1,0,4.1755723727412954,0.0,0,1,57.359008078062296
17,0,1,10.36023956346014,3.9768120564491127,0,1,56.513854529561826
13,5,0,12.73457381962941,0.0,1,0,41.33979301888487
13,5,1,7.040875714833477,10.775735644725568,2,1,58.35066701035065
11,1,1,15.274455789889405,55.45224052480436,1,0,54.7819008978277
5,3,1,16.42534273322535,73.82394121346162,1,0,67.07653012628862
11,4,0,9.356756456729524,0.0,0,1,51.52457594026139
0,4,1,15.629160968858521,66.02629354133784,2,0,73.40900008685382
23,6,1,11.451302012579834,45.540272806230895,2,0,66.33984712957161
8,4,1,17.735689907894066,31.735492227046258,0,1,52.64325850333424
18,4,1,22.170753300290404,114.89313879010467,0,1,76.84012401497601
22,0,1,6.531672590333766,23.79425611048373,2,1,62.49299455807271
11,0,1,15.84742201773333,5.089963030427023,2,1,61.617271008101746
20,4,1,18.524822830813637,15.105527082747017,1,1,52.303797873106234
11,6,1,7.146598298240838,119.70061191450472,1,0,94.23033496119244
3,2,0,9.124396658906699,0.0,0,0,36.74872141388153
0,4,1,9.06811450885398,38.43094469639409,2,0,54.4405131124291
3,1,0,11.33609380731939,0.0,1,0,43.33851390557219
22,3,1,10.218172468896892,92.06472322410931,1,1,86.32828395924521
11,5,0,11.008577059724589,0.0,1,0,38.69903886962402
7,4,1,16.189941641390842,2.6579199920169616,1,1,48.11793138302288
10,0,1,2.5209413905692184,54.792550822085715,1,1,73.1182308099691
6,6,1,7.13053289179312,50.89871469505488,0,1,69.94957335887244
20,6,1,15.349640381049333,43.411030118423774,1,1,56.186513754235726
23,3,1,14.763880743104373,78.40408773507117,2,1,65.85729616129923
2,2,0,6.707289029833047,0.0,0,0,41.84407135034126
17,3,1,14.798509751518345,67.10205261021838,1,1,71.5396646014261
8,5,0,18.63433478409888,0.0,2,1,39.47875374679872
1,3,1,11.754867427672451,2.6899183274435856,1,0,37.91965013552517
22,0,0,6.960194889680568,0.0,0,1,51.21808374785935
1,0,0,16.374771281571235,0.0,2,0,69.2865718340098
4,5,1,20.615227154854367,47.76772455627424,0,0,53.61473440346953
0,5,1,7.569298482802178,12.423274693824471,1,0,66.52554006994484
11,5,1,12.196260369750169,27.51611700768114,0,1,34.19137314326861
14,0,0,17.4507781744351,0.0,0,0,38.87561558360974
7,1,0,12.576793574815932,0.0,1,1,52.576866629869315
1,2,0,3.263518334959574,0.0,0,0,52.51362820638827
2,1,1,14.217088593928992,44.077008282860334,2,0,53.91222531871829
22,2,0,7.105956818385505,0.0,1,0,49.10382001721884
19,3,0,5.646387005029932,0.0,1,1,58.363765933802014
22,1,1,3.361260045071024,30.475806832485205,0,0,80.1250714840439
12,0,1,17.952036465828403,97.00595592700037,1,0,83.11450533666364
13,2,1,7.826443404912869,111.85044843430722,1,0,83.84869828634137
18,5,0,13.66668090123936,0.0,2,0,42.20366669821128
14,4,0,14.894772152897014,0.0,0,0,41.28069062961889
10,2,1,12.809094949076,75.69545878975609,2,0,64.308151352311
7,2,0,13.482853899869857,0.0,1,0,42.9732001670953
11,4,1,13.905240436997483,3.7422900595933983,0,1,42.99516776835344
1,1,0,12.69048843322697,0.0,1,0,35.24316310587217
4,5,0,8.19920242841988,0.0,0,1,55.145671085341625
17,6,0,7.753314189242054,0.0,1,1,52.16474848453622
20,0,0,11.47509227912037,0.0,2,1,40.69235815631481
2,6,0,11.369179759754918,0.0,1,0,47.08705259561807
2,0,0,14.146598662132874,0.0,0,0,35.966304708092615
2,3,1,17.5082503358258,47.14154972905793,1,1,53.07493597706847
18,4,1,13.719526802847453,32.10264410695354,0,1,60.761713796866154
7,2,0,7.945581404414195,0.0,1,1,52.41190169613576
7,1,1,1.0942209263469191,95.70145575563171,1,0,83.5146269108189
0,0,0,8.15531397060338,0.0,2,0,50.96746057956167
23,5,0,5.277548192367372,0.0,2,1,50.18295038613144
10,0,0,8.348138988196006,0.0,1,0,40.34338865607371
19,3,1,13.211384944326056,23.40785652923936,0,0,51.28572595851139
16,2,1,12.42195253919338,117.07219787335066,2,0,89.49396933744536
3,6,1,21.290888084691048,37.319438141598425,1,0,53.478376118934364
19,6,1,14.41540776041093,41.11711651091759,1,1,44.31771693760081
13,5,1,21.545836416573508,51.58277338596221,0,0,57.14608328950666
14,5,0,15.575697019949633,0.0,1,0,42.742848563721374
4,3,0,17.428533716525173,0.0,1,0,25.870940619949067
20,2,0,10.205488641895208,0.0,2,1,40.3712881328153
22,1,0,6.6274535833535415,0.0,2,1,53.631085197315876
9,6,1,9.755200545995603,28.85823074146341,0,0,68.37464130696888
2,2,0,11.940652346610007,0.0,1,0,32.323344520256725
20,3,0,8.859205579974894,0.0,2,1,55.74706182247309
21,0,0,6.994287877645744,0.0,0,0,34.36158586467518
12,1,1,14.084188462103798,85.02665831626844,1,0,84.67212218650359
13,4,1,6.973014169013739,110.37500920069436,2,1,86.14351030291321
5,2,1,4.332540259407347,102.91327024491878,0,0,81.83583121433738
1,4,1,6.389569430512021,74.96953114888771,2,0,78.96397384084186
22,1,1,10.828222558683759,67.17703808522111,1,0,62.149410585324596
11,0,1,7.045404461177384,61.09198836965061,1,0,74.87324204788666
6,6,1,10.85955048340745,82.74397535853565,2,0,74.28099978962393
16,3,1,15.002221526396049,84.21897592562172,0,0,41.99471290133236
0,2,0,14.872215234316755,0.0,0,0,36.61652153977736
1,2,1,8.695870454553445,53.87296969644338,0,0,68.42761691112511
5,4,0,5.480292064805253,0.0,0,0,59.147526825245016
10,3,0,9.121882674253964,0.0,0,0,50.354472298006684
8,2,0,15.278224048917751,0.0,2,1,51.18148315912234
4,6,1,16.44598114522284,62.31598297656604,2,0,56.502102869398676
8,6,0,13.764449605166766,0.0,1,1,49.80960382552796
8,1,0,18.0071802549771,0.0,1,0,46.549566928777715
12,4,0,20.646010598096865,0.0,0,0,25.43539418173082
13,6,1,9.58386035935236,90.89914699869395,0,0,87.9437369174429
21,3,0,19.432816269932452,0.0,0,0,42.072727347979814
19,0,1,10.697252396041282,42.09033862221588,1,1,58.9220135125873
7,0,1,17.09924348630032,1.9783247947674099,1,0,39.62351396150193
21,4,1,15.542862343363812,13.595531997163244,1,1,39.02000604944799
12,6,0,2.1147079037368783,0.0,1,1,58.354705645023245
4,0,0,7.168864325366049,0.0,0,0,51.68129229085369
8,3,1,5.89356041844821,95.74672159784451,1,1,88.45990902592393
17,3,0,3.0897648418705614,0.0,1,0,53.16009341110286
19,1,0,16.39657491697828,0.0,2,0,43.529033064783384
8,4,0,22.34385927560033,0.0,0,1,34.7577082947183
3,6,0,10.711637476504734,0.0,0,0,55.045044705555824
4,1,0,16.270783326831896,0.0,1,0,46.83431961891887
2,0,0,19.42312658845372,0.0,0,0,40.84429706828813
16,2,0,13.041658500913798,0.0,0,0,43.49011627552188
12,2,1,11.873434675424802,8.472787067658714,0,0,34.3231137238846
10,5,1,10.771560361289538,30.486184321384208,2,0,41.175834569134835
16,3,1,14.687794411024868,83.65068975344752,1,1,69.58109523397506
19,0,0,16.373470250162903,0.0,2,1,52.050752398894296
19,2,1,14.309024530195902,75.39498766305202,0,0,64.30212239259123
3,5,0,14.137315379084335,0.0,2,0,38.365838546024264
14,3,0,11.743985493960226,0.0,1,1,37.826019843291206
21,3,1,4.035227374636117,91.20756469264671,1,1,73.37136447010643
18,1,0,16.488581943782982,0.0,2,1,34.49719498981234
7,2,0,5.57687440192576,0.0,1,1,52.7675465463919
9,0,1,15.096928210429107,59.26696128118551,0,1,59.731168372099184
21,0,0,15.778683249964772,0.0,0,1,38.079347822487094
0,0,0,6.297839477546368,0.0,2,0,44.951572331875575
12,4,1,8.960996046974227,6.7772594780796025,0,0,52.09921094036519
2,1,0,22.607372756948724,0.0,2,0,40.03648136597102
21,4,1,11.602588810653092,95.9836852942466,2,1,64.36017687027814
0,6,0,5.898931622827407,0.0,1,0,44.19881409004762
0,4,0,16.004396198565203,0.0,0,0,41.481368596680305
7,4,0,8.136623972134094,0.0,2,1,52.001981363425756
4,0,0,2.3973798877295227,0.0,0,0,54.10364737424988
11,3,0,14.598847740232335,0.0,2,1,49.903765640451766
7,6,1,7.416910921084358,105.89611699831511,0,1,74.83531433459827
8,2,0,13.605941711112191,0.0,1,0,47.43670773043919
13,5,1,7.936549809488179,114.48428243295503,0,0,105.13062362478092
13,4,1,15.536020971348425,53.15512847957872,1,0,61.55724690632607
22,1,0,12.917491623029678,0.0,0,0,45.37379820864941
11,0,1,0.0,24.010770774376653,0,0,67.5578529070423
13,0,0,13.91006270352294,0.0,0,0,39.509255254141706
16,1,0,10.551343357848049,0.0,1,0,38.98410819447219
4,2,1,19.083588210954026,53.432603331104986,2,0,58.89871243642399
16,4,0,13.976039245079257,0.0,2,0,30.58710780106904
20,4,1,15.780789218765076,36.02875066523837,1,0,58.15316796177754
7,3,1,8.447295994895375,101.45490215219812,1,1,88.26758692694821
4,5,1,8.049661245910183,13.818714760899717,2,1,40.56616837318472
8,5,0,11.871753344697174,0.0,1,1,46.80663443710433
6,4,1,10.196919366030754,70.34645811942177,2,1,69.73192840526893
14,6,1,18.690045261050408,0.13676857080770155,1,0,51.91885790672729
20,2,0,11.233404706383363,0.0,2,1,56.492003770257654
14,5,0,5.875891250081358,0.0,2,0,57.03223854183353
3,2,0,7.862095431556696,0.0,1,0,58.39577451308968
7,1,1,16.825255423070022,87.0769899171771,0,0,69.09495401476536
16,1,1,11.163713278685366,101.84543300157736,1,1,83.79449066064184
7,0,1,10.896441160251193,14.004597620939458,0,0,49.16482842391717
14,6,0,17.30093784608898,0.0,0,0,33.18198499071202
16,1,0,7.426184055672291,0.0,0,1,49.72037799666074
7,5,0,0.8241185078633482,0.0,1,1,53.67474878673751
15,5,1,7.735666768216789,81.52724102392936,2,0,75.72742951980128
9,3,0,13.210445442731706,0.0,1,1,43.957722028738516
3,6,1,10.752442398309553,87.16701272290483,1,1,77.39289775370972
8,6,1,4.197851899577836,18.58911099898355,0,0,65.25097224089241
10,6,1,17.080297656757754,25.87417669121097,0,1,45.715918419756605
0,3,0,12.817484730422242,0.0,2,0,34.50894702595011
21,2,0,13.94507347356746,0.0,1,0,49.26794809789322
12,0,1,14.09805129891685,91.1472406578338,0,0,82.47573171903552
0,5,0,5.507378770750524,0.0,1,0,53.457722014316616
20,6,1,13.514394582147453,48.1555925816465,1,1,51.93260878957642
20,3,0,16.53726891601003,0.0,0,1,40.718270654044915
0,0,0,17.701551151853273,0.0,0,0,43.11912355053283
3,5,1,15.606316625064762,57.09322865209905,2,0,53.95083193674591
8,2,1,14.565648292960123,112.90926345072609,1,1,76.75009300768161
12,3,0,3.3128936761479295,0.0,2,0,51.17709058522477
17,4,1,11.925326736112648,94.55324029858282,1,1,88.01692627443852
10,1,0,7.217128252817768,0.0,0,0,51.0275977180081
14,0,0,18.410839409731793,0.0,2,0,35.69108075804055
0,0,1,17.651897461885248,79.05375271582446,2,0,66.93396969432548
15,6,0,7.247355946399034,0.0,2,0,43.87191303024392
21,6,0,11.770109081469922,0.0,0,0,42.28784678887627
12,2,0,13.242547217535535,0.0,2,1,50.18411764957197
10,2,1,16.50395628744517,98.4942991060131,0,1,60.90985938541839
7,2,0,3.621908750662733,0.0,1,0,62.622029770821825
22,2,0,0.951888430811838,0.0,1,0,71.75194885783247
0,3,0,12.190742554204107,0.0,2,0,46.5479117779485
6,2,1,0.0,73.81162993444359,0,0,74.18546222958284
3,4,0,12.792862049060322,0.0,2,0,54.071577760589925
20,2,0,14.961038867913711,0.0,1,1,45.254732636389804
11,4,0,18.180399541638867,0.0,0,0,36.247976352529975
22,6,0,8.887158743720036,0.0,0,1,40.11513720710193
15,1,0,12.805908230675781,0.0,2,0,41.508574188982266
13,0,1,15.257549198301621,55.378982758026105,0,0,63.717254999507276
12,3,0,6.121399957928213,0.0,0,1,57.26693036049181
4,0,0,16.57673898875799,0.0,2,1,44.01217152243671
13,1,1,13.37171162613825,119.2728405708594,2,0,89.68105988499094
16,5,0,8.97276834647095,0.0,0,0,45.151850836850116
23,2,0,12.70690286112798,0.0,1,0,51.67390634294987
13,3,0,11.303327574101303,0.0,1,1,44.303568488373536
22,5,1,15.900369751239325,99.41745511163428,0,0,91.77975050288813
22,0,1,10.197699549265337,76.91964124176016,0,0,68.54151031143971
12,3,1,13.135452466894296,57.80690647294532,0,0,67.88401112080143
10,0,0,8.895341909233437,0.0,2,1,65.39884612959234
3,3,0,7.310785806541337,0.0,0,0,57.48701027745042
6,1,0,12.857663959549242,0.0,0,0,50.67719158211355
21,6,1,7.516161664907153,18.928475405352707,1,1,57.98668954815914
3,1,0,16.002901457244114,0.0,0,1,42.62035442698361
9,1,0,14.961162660885618,0.0,2,1,41.640141728614516
16,0,0,8.174427718280565,0.0,2,0,43.96600934566264
5,0,1,13.068902159365912,8.51815322546631,1,1,35.24041119485348
23,1,1,8.151500498329916,93.23063276749292,0,1,86.23445876626016
15,1,1,3.9784359709916206,104.14836235400992,0,0,75.96494706923471
0,5,0,9.013874162764816,0.0,2,0,52.999986890793174
5,6,1,11.748415853636448,45.187988618296,1,0,58.94307096547408
17,5,1,14.607043624567668,51.66419665180035,1,1,53.75304842375661
20,6,1,12.747399652351694,79.07900565074894,0,1,83.72521429362004
22,6,1,16.538373075141145,99.75017790396197,2,1,65.08909891604716
20,3,1,7.09416914291713,22.732851534078677,1,0,51.95207262954281
1,2,1,10.116508060439202,108.27100032325372,0,0,80.22042494879409
17,4,0,20.221833508831626,0.0,0,0,40.019126353864245
2,2,1,2.3445997352458754,88.59486565079897,2,0,79.23108518884945
1,4,0,9.740228470370027,0.0,0,0,58.90153851947531
16,6,0,6.6425302611867565,0.0,0,0,38.71561478114633
11,1,0,11.023007978729606,0.0,0,1,78.86493733228326
15,5,1,9.827762562819416,43.452853404067454,0,0,53.876107222195756
20,6,1,15.010777190450415,47.872481576487814,2,1,83.39370423849489
1,3,1,13.277603297047524,35.16408372875392,2,0,65.42967925039991
12,2,1,5.471912140448598,19.55669118073489,0,0,56.5849904520787
20,1,1,9.059189634104563,4.159065896614047,0,1,51.02135830250646
10,1,1,11.999414754371568,31.72897980736068,0,0,53.47552010695284
12,2,0,15.696904420195072,0.0,1,0,45.218933380934416
11,5,0,24.16478142339963,0.0,2,0,29.772080655493017
21,3,0,15.513978944777085,0.0,1,1,48.26074531614495
1,1,1,6.937500397252572,71.47248968386697,1,0,75.92135068225065
21,3,1,11.530773723004017,13.927458799645427,0,0,42.73389893772074
19,5,1,12.904880975169045,51.78582864480859,0,1,66.21831070125991
19,0,0,9.403045648282394,0.0,0,1,50.40093405670983
9,0,0,14.351289029672719,0.0,0,1,37.78188613145805
12,6,1,0.643114557997567,38.94081939918917,1,0,64.6931473428523
8,5,1,14.765748106639997,111.41296181628675,2,1,86.28182485430179
6,4,0,9.618062887847637,0.0,1,0,56.03145547667999
21,6,0,11.451473841522375,0.0,0,1,44.700796107758094
12,4,1,19.3286146951325,79.98539894042382,1,0,74.97723973434285
17,3,0,5.692414121955389,0.0,0,0,59.7825589549099
2,1,0,13.363596393019153,0.0,2,0,54.735244625192266
18,5,0,15.969607895032237,0.0,0,0,45.56018574926163
15,5,0,12.851682291431503,0.0,1,1,37.504662530420504
23,2,0,3.929038472399119,0.0,2,0,58.98714721085282
3,5,0,18.751983136506635,0.0,1,0,38.46721463873182
12,5,0,10.94322974796822,0.0,2,0,50.29745732815157
12,0,1,9.362295749609858,24.040342893343016,0,0,50.892248051809226
12,1,0,10.447585589035402,0.0,2,1,41.84056682306922
1,4,1,10.089268044972084,73.91927625481308,1,1,67.18918841208688
11,4,0,6.049101636251119,0.0,0,0,39.5609242907496
7,4,1,12.824752930386591,59.41766755819137,0,0,60.84239988658358
14,2,0,9.013834960429996,0.0,0,0,39.52524539394895
5,5,1,15.354441360749147,119.46780169017443,1,0,89.06030660910639
10,3,1,14.587977468075902,54.26462909360514,0,0,53.80321017185266
14,1,1,20.12834705881905,15.601180787519349,0,0,39.00228736955747
1,0,1,10.941834283136597,85.16205651852992,1,0,76.07870076235945
18,6,1,7.983751244775918,43.50499920455607,2,0,78.33915355117274
17,4,1,4.651288324236426,29.82467363566777,1,1,56.1807664496655
1,3,1,22.966716930374066,75.41543606400903,0,0,51.964253271759894
1,1,0,15.310539982580668,0.0,0,0,32.256691949816705
20,0,1,8.537900394101044,37.53706261391522,0,1,54.422536817153684
6,1,1,20.46577544633568,44.672549649645276,0,0,49.00811835163709
20,0,1,18.78081191943016,55.85880450472604,0,1,77.96277226374846
11,3,1,5.243612487724313,82.55933473920908,0,1,87.43483436283876
8,1,0,8.232625624580141,0.0,1,1,45.8937567667371
6,0,1,11.33837577419815,51.010772285662455,1,1,78.60589578870454
15,1,1,6.649574519990189,84.10864773944374,2,0,74.21772104997751
2,4,1,11.51710268544573,118.21621044895663,2,1,83.87196308658213
9,3,0,15.55980973219894,0.0,2,1,38.78225473634254
8,1,1,5.133695708388533,70.23929709796971,2,0,83.69158015733906
3,5,0,13.465002739869686,0.0,2,0,43.66821071134082
8,3,0,17.842489877163526,0.0,2,1,52.78461541170108
12,1,1,14.00110119635261,98.19829731470209,1,1,81.64054978269826
16,4,0,11.621918226099542,0.0,0,1,52.97427021192267
2,6,1,8.65949120211872,13.322751588587645,0,0,38.20633912981332
20,3,1,16.154209360496758,2.988328846481343,2,1,29.529391567442538
21,1,0,6.115399439759822,0.0,2,1,36.77780433497861
16,2,0,13.213959055475613,0.0,0,0,41.0039545732137
22,4,0,12.127578665266578,0.0,2,0,32.987156232700755
10,6,1,17.628055131048544,95.2188153006274,1,0,84.14669500122133
19,6,1,9.08625619465555,90.35373806282968,0,1,77.76128441890319
17,6,1,9.511320940534414,45.71704043873097,1,1,68.31464015355952
13,5,0,5.7906756468428835,0.0,0,0,46.42928786005365
4,4,0,14.186421373002045,0.0,0,0,50.24927539003969
13,4,0,9.880920784838757,0.0,1,0,31.37455845349881
21,5,0,7.689630113650743,0.0,0,1,48.45717168163171
23,5,1,8.16591866661359,98.35898209859154,1,1,86.89866824940748
10,4,0,14.685527482314544,0.0,2,1,47.931598262072896
5,0,1,6.485197501384681,14.450269988546673,1,0,52.32799789865375
17,6,0,6.929170175101585,0.0,0,1,35.76867721883312
1,0,1,16.481807127586915,118.65735351602511,0,0,91.43498508080734
3,2,1,11.169397120852638,85.91224503350774,2,0,72.99558095169763
13,3,1,16.777225429921536,92.96530547447755,2,0,71.67300049125052
23,6,0,10.203220923454172,0.0,2,0,64.59109626347355
7,0,0,11.99437050301684,0.0,1,0,46.17731045901669
10,3,0,12.781496359681084,0.0,1,1,40.6235069489783
7,2,0,18.936431335734117,0.0,2,0,35.22032084185558
10,0,0,18.529364131051352,0.0,2,0,45.337875914039834
0,1,1,17.76618519096168,38.18523935857035,0,0,47.584893506179455
14,2,1,8.85590565032304,39.52883092371083,2,0,65.84400965322921
14,6,1,7.065852153083913,43.151967424404646,1,0,73.26124939405196
7,2,0,15.803957315304533,0.0,0,0,41.65046930101129
6,6,0,18.883798511504082,0.0,2,0,47.79558022904116
18,5,0,17.814093660593684,0.0,0,1,40.19798081982195
4,5,0,12.0652462866671,0.0,0,0,39.848164163732726
1,5,1,15.63904272437075,108.23675329034602,1,0,67.05501415968618
0,4,0,15.726938265425645,0.0,1,0,44.61933222775221
21,5,1,12.744713956897023,1.9954026493515675,1,1,47.87129649753311
8,1,0,12.961868123684997,0.0,0,0,52.481042462506984
2,5,0,12.490976684014024,0.0,1,0,52.086875950423604
21,0,0,8.059517333605488,0.0,1,0,65.09130977745922
3,5,0,8.569737812220236,0.0,0,0,43.49596123532338
8,4,0,8.492548192451808,0.0,2,0,51.05322524852014
0,5,0,4.00381611608748,0.0,0,0,46.2960588301527
16,4,1,12.71429963674205,109.90823993525744,2,0,90.7369623416949
16,2,1,11.797133135812203,74.09967312018735,1,0,64.08192717447248
18,2,0,15.809820678418513,0.0,2,1,49.661805600513745
6,4,0,18.303586414895562,0.0,0,1,34.4648284611826
7,3,1,18.621471824232646,40.66833728607363,0,1,60.46883791768434
22,2,0,19.092327291548756,0.0,0,1,49.37786138650696
19,3,1,8.21459486355496,15.507706775876017,2,0,41.42323804837733
0,3,0,4.840203610064183,0.0,2,0,40.35028903217964
16,1,1,16.653717890327165,102.83380674488153,1,1,79.54812289241804
19,4,1,18.910667191004503,28.065401109982943,1,0,50.721997045466736
13,2,1,19.77996223605213,54.84856138596455,0,0,56.035711331593426
15,1,1,14.424981048461879,70.18220826316889,1,0,64.21370106373821
0,2,0,2.016480261981865,0.0,2,0,46.54522965023834
0,0,0,13.828047317167963,0.0,0,0,46.586106680383416
0,4,0,14.777204339547051,0.0,0,0,35.46285379230132
3,5,1,18.260375106292948,103.6168504713051,2,0,79.58639494604641
23,6,1,19.14814346991617,91.20919862438963,0,1,67.00966661945375
15,1,0,16.548167016926673,0.0,2,0,38.37997752629232
18,3,0,9.063605508520723,0.0,2,1,57.475345119071264
7,3,1,6.854413427236709,88.88460412662074,2,0,88.26194829187091
22,5,0,14.669805759081534,0.0,0,1,35.28896035841807
4,4,1,8.037924447872173,30.448270808603798,2,0,52.24319305966975
21,5,0,19.375685534211854,0.0,0,1,45.722113762048714
0,5,0,3.4772053132403933,0.0,2,0,40.747384990534684
0,0,1,14.834433061973336,88.74878788048184,0,0,85.82650942485694
1,2,1,13.597674873712444,37.566630411536096,1,0,58.35140411826476
19,4,0,10.966166662344186,0.0,2,0,41.601343465762724
6,3,0,7.374418628476293,0.0,0,0,49.18442822739181
10,3,0,1.6911184877846868,0.0,0,1,64.5357809854791
11,1,1,9.342856569636583,32.45520621831319,0,1,41.83603915263765
18,4,0,9.430584093830067,0.0,1,1,55.665971852171396
8,5,1,17.55868329424228,88.691064209772,1,1,81.55130396200464
0,0,1,8.08572180859937,23.230497219781682,0,0,54.094881668323794
9,4,1,14.263853067818959,104.91148822026426,1,1,79.7352751516227
6,6,0,5.538800982791024,0.0,1,0,51.66054226171689
17,4,1,14.40124097041794,100.75604407644013,1,0,84.61187517196598
18,6,1,0.811498239076661,18.697147115523762,0,1,55.056952419863116
2,2,0,22.476480889653473,0.0,0,0,36.90271752694117
19,0,1,11.29466236601074,67.36739070462049,2,1,68.7437871753162
1,4,1,0.0,79.37507848822818,2,1,88.2120410400435
14,1,0,8.41125262220062,0.0,2,0,69.67436715661165
9,0,1,7.621688834570669,6.306945440411265,1,1,45.239082646521446
7,1,0,8.720909340668495,0.0,2,1,48.65396030377541
11,6,0,10.176793021005786,0.0,1,1,40.77212626825037
7,5,1,8.68691423337204,62.35643512172259,2,0,65.96454534122554
19,1,0,7.917939614658938,0.0,2,0,40.05798950405745
23,4,1,6.206585240005783,6.578974916135949,0,0,40.093527229419564
19,2,0,16.108947119665437,0.0,1,1,51.5756697167099
10,1,0,18.005678076181233,0.0,0,0,43.44407676650607
12,6,1,10.72713088381856,112.97143835737637,1,0,86.70131097676555
10,5,0,11.911816749838623,0.0,1,1,38.47891283280339
19,2,1,6.368345699037111,118.15175378921117,1,1,90.65871800515771
13,2,0,12.355103491682124,0.0,1,0,35.865058743447385
11,5,0,13.149818810769098,0.0,2,1,44.26208219042267
9,3,0,10.90300695143088,0.0,1,1,48.94744167519619
9,2,0,13.98037488884724,0.0,2,1,39.475697270110395
13,2,0,13.543543910255124,0.0,0,0,38.11069824230654
16,3,0,6.729303054547102,0.0,1,0,45.67813769163348
10,3,0,17.965237568644785,0.0,2,0,47.146360000808656
19,0,1,10.961768700852124,57.40024847823968,1,1,67.93366780829076
19,3,0,20.377858009584926,0.0,0,1,25.8423908005984
10,3,1,14.10210294709613,87.876886273363,1,1,80.26291931950756
21,1,1,21.854665651859165,20.85225800335028,1,0,49.16060167413063
4,2,1,17.87634584653223,100.63174046161285,1,0,77.41680765828102
22,2,1,13.13594814070431,51.77022888905111,2,1,75.77574566776218
7,2,1,8.384465666901882,9.944219365670133,1,1,51.96356749412653
13,6,1,8.492162626152524,17.660652664445994,0,0,57.83344038700161
6,3,1,14.665171424912607,7.939647237754897,0,1,49.80206543264287
10,3,1,12.715630418954587,81.19053642390253,0,0,80.26350643471437
8,1,0,9.054868820044572,0.0,1,1,45.973184456219464
16,6,1,16.16529973805021,11.561880326578153,0,1,40.95569117240704
1,0,0,12.193856651780163,0.0,0,0,53.02948420471937
20,3,0,16.19504907650363,0.0,1,1,49.41468185713572
21,1,1,7.1226496664922125,75.44736676137346,0,1,85.90713324527196
13,5,1,16.99735834004084,58.34729271774298,1,0,65.14821592810273
13,2,1,14.5049778467364,87.98335928100772,0,1,61.00014532324572
16,2,0,17.987848322309517,0.0,2,1,41.922374192893166
4,0,1,16.887152503581692,105.93260506155339,2,0,78.83621704922768
17,5,1,11.575232996460434,21.328342958089202,2,1,63.04033372271782
5,2,0,11.173127296783424,0.0,0,0,54.528956430516644
16,1,1,20.91515496295471,43.483248395872096,2,1,58.38948505833548
7,5,1,10.547157653090206,7.013680487283396,0,0,32.433100584018206
17,0,1,15.74216849418922,20.049456819240913,2,1,42.82503614830956
18,3,0,10.09306503905129,0.0,2,1,44.01128253128836
5,1,0,2.690584599311755,0.0,0,0,50.11658282663723
14,0,0,5.8633045109702335,0.0,1,0,51.64435372034496
11,0,1,14.029604424309918,77.25086887648199,2,1,82.65576029081271
7,1,1,15.505658498025522,84.85333262657777,0,1,78.52819718911104
14,6,0,14.046067046100802,0.0,1,0,36.41115141466839
23,3,1,17.729747506967513,18.552313236300826,0,0,40.68015703964579
0,6,0,13.956300776170645,0.0,0,0,36.483014173000186
22,1,1,8.123826468329577,85.04495389823528,2,0,77.33194305153651
20,5,0,14.97151090736882,0.0,2,1,49.467187714881725
12,0,1,12.848039804649815,31.41239800949823,1,0,63.42805243237479
14,0,0,9.122209975252304,0.0,1,0,44.69250722877628
8,0,0,14.362596507334306,0.0,1,0,43.268795477683305
3,6,1,12.39685083008723,86.12332831657156,0,1,88.61913039402253
13,4,1,8.974997245563262,84.4307759158862,0,0,65.4919294993875
19,5,0,11.110671132185098,0.0,2,1,51.215164013378825
5,6,1,19.067835677710704,30.31400365702205,1,0,54.59523796352656
17,2,0,18.904439080348237,0.0,0,1,37.50328826309905
17,5,0,12.940720696352706,0.0,0,0,44.49984189823242
18,3,1,12.286335789436428,66.13406312397245,0,1,71.67961233042132
8,3,0,4.834770063680796,0.0,1,0,48.77575229003008
9,4,1,20.59682556683142,24.842857336674623,0,1,42.11669482248679
9,3,0,17.181709436839835,0.0,2,1,35.55130382656489
20,0,0,15.759757853521634,0.0,1,1,57.289534406967
21,0,1,0.6263464145468038,38.332760636136356,0,1,64.39303917789398
9,3,1,12.20461325327898,37.05801624210989,0,1,59.81742535868932
23,3,1,11.364356458404561,107.61831706278855,0,0,89.85694552212868
13,5,1,15.414077191502994,11.92871364288294,0,0,45.15181788067304
9,4,1,9.74484593227102,18.88267767601397,2,1,54.099379063728925
0,1,0,10.841448917732405,0.0,1,0,50.34880128739587
14,2,1,15.097064694773517,95.80691601916676,2,1,69.67131313113701
15,3,1,8.132108164556605,54.59899201131168,0,1,55.31233654622155
23,6,1,9.129786582953399,32.46791300533171,0,0,53.21510667467845
17,3,1,12.966633198804809,50.4354043305879,1,1,76.10682648363357
0,4,0,18.692428516747867,0.0,0,0,35.44478706867037
13,5,0,16.042348686116735,0.0,1,1,43.21131316907197
17,2,0,17.37702034466249,0.0,0,0,30.491894642454646
11,6,0,12.316584031076454,0.0,0,0,55.883886109889914
10,4,0,19.475390118914873,0.0,2,0,37.01100521116799
19,5,0,3.294087877493453,0.0,0,1,48.725178049086956
14,5,1,22.111196092006736,92.03370665484154,0,0,68.45538161130301
16,4,1,22.75879487590018,69.0312764550566,0,0,81.05821060061433
11,0,1,14.283081747684452,1.7638197970412905,1,1,47.72309435806748
6,4,0,16.161313187177562,0.0,1,1,40.816598995798316
12,0,1,11.810000679973607,73.4757093173974,2,0,48.205960609723476
23,4,0,10.952158184633317,0.0,2,0,57.06223502173145
14,4,0,8.945648123178314,0.0,0,0,42.28436008729246
16,3,1,11.754939918677882,11.74625186448071,0,1,42.88602641484796
2,2,1,14.779667378028519,22.722310762885016,0,0,45.023093531295764
23,0,1,14.099419235817109,25.944611105658964,0,0,64.52126831717884
5,4,0,21.93301535845619,0.0,0,0,37.11628192152747
23,4,0,12.50137272901276,0.0,0,0,32.82240754434693
10,3,1,4.555857193274847,8.243001522370502,1,0,52.607288253495334
22,5,0,20.22155310611708,0.0,1,1,32.170467016431864
21,5,1,5.895228608701155,119.74622722671975,2,1,95.07132554317336
18,3,0,9.203045372472879,0.0,0,1,44.54621970505486
21,0,0,13.358715706754515,0.0,0,1,31.758660841055164
14,6,1,14.085875411316124,86.45846673681595,2,0,73.33185247671044
20,3,1,4.772808405347239,56.33525470224283,1,1,70.44472867848143
4,4,0,8.2676388181319,0.0,2,0,38.357948530346306
1,6,0,4.596087693637326,0.0,0,0,35.64255476936639
13,2,0,15.108565316612802,0.0,0,1,45.17406251795339
19,4,1,17.91689942351443,68.54206793434209,1,1,62.41106143360907
18,0,1,5.89080977876743,20.786161607690325,1,1,55.84106207091489
12,6,0,16.978299765239328,0.0,0,0,47.38401743018847
12,0,0,16.653893721623312,0.0,2,0,26.167431137970745
14,3,1,8.704646050442484,35.85784920406679,0,0,61.06895191744103
20,2,0,2.0871048206608656,0.0,0,1,58.63094018483076
20,0,1,6.643719904026354,27.318331119885965,2,1,57.78525846003844
2,3,1,9.023712065456039,50.05648504842331,1,0,53.97159419548523
14,6,1,19.70835423404597,8.77662989012601,0,1,37.018495722001184
9,1,0,11.408487124918896,0.0,1,1,42.26149377918466
19,2,1,6.965860120048481,64.67318247588577,1,1,59.43109707489443
12,1,1,12.739242774759703,97.65485187878437,0,1,81.95879794112986
23,0,0,5.523261645672088,0.0,2,1,50.607016500926456
10,1,1,14.571700251031746,119.30565103607965,2,0,79.95617381285936
16,4,1,7.11167970364118,28.93582538022793,0,0,67.32238647435128
2,5,0,7.837381299047121,0.0,0,0,44.554222127412864
22,4,0,13.877460242159462,0.0,2,1,55.73726944950986
3,5,1,20.751168414011097,45.1157421136748,0,1,52.03814746354834
9,5,1,22.988937801179482,87.78351902062609,0,1,59.696749288029515
20,2,1,6.800672471102288,114.66684453835758,1,0,82.2980302710836
23,6,1,9.016968366423404,90.66922309933646,0,0,80.24930061592937
11,1,1,14.577661425186795,39.61472982835737,2,1,48.63914382427488
11,4,1,17.843946741543526,61.186998074376895,2,0,63.295499712809935
1,0,1,1.179581552061384,26.056797603169226,0,0,59.97205831465212
23,5,1,12.436684094531497,74.42865727404978,0,0,67.71307517838831
0,0,0,9.564285117180523,0.0,1,0,47.015528285210344
0,1,0,2.3798940048484454,0.0,1,0,61.13355569205451
11,2,0,5.31416110003815,0.0,0,1,46.404719178604054
0,4,1,9.161127701795266,111.0389170735908,1,0,88.00775176003854
3,0,1,12.294075099912277,9.45849990414008,1,0,52.02960829818977
15,1,0,17.040514301320723,0.0,2,0,31.688840184923347
16,2,0,13.771740575410323,0.0,1,0,48.16470461012452
7,5,0,16.737697185838265,0.0,2,1,48.13288144257924
19,6,0,12.133621679236311,0.0,1,1,53.02225034780765
14,4,1,8.475270265315007,88.34532436843185,2,0,70.27064705216924
5,3,0,11.08125023064713,0.0,2,0,37.824081649630365
17,2,0,15.477586737346055,0.0,2,1,42.18313774782603
14,5,0,17.162810846633917,0.0,2,0,40.37978724381335
19,0,1,11.260626577780766,35.70759750845796,2,1,58.64366865361646
3,0,1,7.3544236880848075,77.01976632160513,0,0,73.22049637832163
5,1,1,13.678290797436182,25.155405813111976,2,0,54.34840152664518
7,1,1,14.389904819211102,83.62203461087097,2,0,52.3231918066769
8,3,1,18.163595430265588,51.620506129468005,2,1,63.8009468543836
21,6,1,8.606185635201976,23.641029368827652,0,0,68.16449864854086
17,4,1,8.661013728671564,28.805341794124928,1,1,53.728651843079405
13,2,0,15.780800987697877,0.0,2,0,43.99420716741296
12,1,0,9.962832144954454,0.0,0,0,60.47508722911308
21,4,0,9.751579086604478,0.0,2,0,47.46644742170172
10,1,1,18.270699350701218,97.50955069807544,0,0,76.95519101400556
5,6,1,5.144971968594136,5.499765252262279,2,1,67.54255247864272
3,3,1,22.281015698877557,47.233275691703945,1,1,69.99825989613765
7,3,0,8.936822934460865,0.0,1,0,39.36441851204796
15,6,1,16.33364201400356,30.110059145283714,0,0,49.179661135224556
11,2,1,11.456001690373126,53.025504346791585,2,1,71.5428382272042
10,3,1,13.35681142436068,67.99597076878368,1,1,72.09006043777637
11,3,1,10.686067501191188,70.19498494167433,1,1,76.66772533679355
23,1,1,16.28288326016487,80.37999852417934,0,0,49.134177517179
23,0,0,10.263380629902167,0.0,1,1,31.158268681853908
3,1,0,9.135267640774494,0.0,2,1,61.96550680715767
2,0,0,21.06670912934996,0.0,2,0,44.337622316731064
5,4,0,12.14691348506846,0.0,1,1,48.1116040199989
20,0,1,8.621522194902298,78.77832422809672,0,0,65.73687712521136
11,2,0,4.548567050440507,0.0,2,0,48.04124213639946
20,6,0,21.3278901551799,0.0,0,1,42.494904815952026
15,3,0,9.240373117723742,0.0,2,0,36.543045996263984
13,4,1,22.309191192505736,75.98699907684758,1,0,58.10606455291273
6,4,0,13.99427175706441,0.0,2,0,46.807788181134725
8,2,1,12.714426001512257,0.6821489780403489,0,1,49.78515178226862
3,4,1,12.849219061639989,24.82280334340666,0,0,49.2242176632589
12,1,0,23.079754696383475,0.0,2,0,44.3943392857027
6,4,1,1.0389071528956926,68.42811121548066,0,0,85.71693272440992
7,4,1,13.071707597537525,1.8177541342826942,1,0,30.83682150770788
0,6,1,10.673981962349714,101.09051412974027,0,0,94.94622200577444
19,6,0,10.934533074584685,0.0,1,1,55.58369964618212
22,0,1,12.74655926070952,117.06947944248853,2,0,87.4296200916707
11,2,0,10.668729252519366,0.0,2,1,45.36661915468582
12,3,0,12.940653335941528,0.0,0,0,50.9622229561659
22,2,1,11.88211268922473,106.94025298371268,2,0,87.19314898716864
12,4,0,5.432209109076755,0.0,1,1,48.48181123187225
14,5,1,13.906830189054396,35.84952664403421,2,0,69.27203812351594
10,1,1,15.580272258497903,100.07422607344535,1,1,60.72414814263404
12,6,1,9.289671912459582,68.87234278570529,0,0,66.35444098701441
12,6,0,21.339480391120354,0.0,1,0,41.51064355134373
17,6,1,18.67785872832047,116.32913119838977,1,0,80.35607693850584
14,0,1,16.219761495855856,119.70112177245262,0,0,89.5163069595113
12,2,1,16.15910372014007,60.578611543355464,2,0,52.118111167589205
1,0,0,12.15048476304944,0.0,2,0,43.24407392135878
21,0,0,17.706860523672102,0.0,2,0,50.03745890755547
21,0,0,19.85377306031051,0.0,0,1,27.167328676343196
4,3,0,16.040120064059742,0.0,1,1,40.24416003096711
7,0,0,9.148583290938173,0.0,1,0,43.43458532110571
23,2,0,11.801592808566998,0.0,1,0,48.465632979534014
7,6,1,14.868350164880448,64.08483639304215,2,1,68.67976701188424
19,6,0,16.18872452023072,0.0,1,0,42.825811362221074
18,6,1,11.612613927282247,100.51205192323539,0,1,78.57029412244528
20,0,0,9.165957264464641,0.0,1,1,48.17337540928421
0,4,1,19.92103493688916,68.50398495668016,1,0,61.722362967778004
11,4,1,6.638401427405212,67.92634784103177,1,1,73.20379799239936
13,0,0,7.293341221835409,0.0,0,0,60.821063861282504
20,6,0,5.36436095249293,0.0,0,0,41.09044741039778
5,2,1,7.28224590187838,85.51133954040748,1,0,81.83642361200631
7,6,1,18.236724385595018,87.75247311359685,0,1,63.587084079541455
4,0,0,18.404163782566016,0.0,1,1,55.91660424889595
18,4,1,11.62977232767415,108.18875596554504,1,1,84.27487347426609
23,0,0,14.481571977783902,0.0,1,0,33.271756876709034
3,6,1,11.94747711188042,97.54953590489244,1,0,77.72904879873698
5,4,1,6.0401158702352244,111.3435675639078,0,0,77.46681463459683
7,0,0,23.090535038372167,0.0,0,0,31.46172029471175
21,1,0,18.873699825349885,0.0,2,0,44.82705833765832
10,2,1,13.772097026648542,112.20321636274716,2,1,94.14334849477855
6,0,1,7.720550388038651,74.82805232430977,0,0,83.65886576555896
7,0,1,10.875328114151102,18.086535043801256,0,0,51.79101319157376
14,6,1,8.537872242900155,18.276920967670044,1,0,59.127069293016696
9,6,0,12.487911204642344,0.0,2,1,51.4777219113277
3,3,1,13.549615872996743,88.26966091273013,0,1,93.05250327927035
19,6,0,10.294372530948188,0.0,2,1,41.93269972718475
10,4,1,4.727936235464989,95.98197868730172,0,1,96.88647233355323
6,0,0,22.660294928579418,0.0,2,1,28.135453621514813
17,5,0,13.187633734156755,0.0,0,1,53.88938945275585
17,0,1,14.282960000972135,15.931736831619743,2,0,44.18450012354139
3,5,1,9.887953069625071,84.70014368719859,2,0,71.26483781331028
1,2,1,4.189944423353932,38.445654080632984,2,0,62.82682677972004
1,0,0,11.583497345510818,0.0,2,0,39.52525277369314
18,1,0,10.383889955065499,0.0,1,1,50.10132838809096
15,4,1,15.547671903597886,54.1485662137371,1,1,71.32619378935092
19,5,1,16.53038786688085,69.66069893485253,1,1,49.26444133576206
15,3,1,15.825147398546854,101.65247325834851,0,0,76.52142858905604
9,1,0,16.941361679585746,0.0,2,1,32.75441823426792
14,6,1,21.01832903738299,66.83691988978588,2,0,68.81891819583151
17,5,0,13.94925869767778,0.0,1,1,55.20381484318589
9,2,1,17.496079104049173,62.5162389885894,0,1,61.48668178039994
21,3,1,14.469302869178641,4.9329193399591365,2,1,39.524646314625
21,6,0,2.499823000110414,0.0,2,1,40.0785096140727
19,2,1,11.227398586561456,93.24082800296367,0,1,94.24269131595125
23,0,1,7.661442465481082,118.192218360082,2,0,100.78956471295542
9,1,1,13.157166653521804,12.644229329288805,1,1,33.071681181913334
2,4,1,8.044949203431814,52.86446360364522,2,0,72.31039613461829
11,6,0,15.028404450151683,0.0,0,1,34.08019533925348
17,5,1,16.905140490697974,105.77563143560975,0,0,74.42914553735119
18,4,0,18.017850230100795,0.0,1,1,30.597913661910745
9,2,1,20.096307807621336,27.749552054384836,0,0,32.628928806221104
7,3,0,3.619879579645536,0.0,1,0,51.73940761751773
10,0,1,6.004999825265908,79.70919455487528,1,1,93.25751804879668
19,2,0,26.639075931165593,0.0,0,1,26.28045476502021
1,4,0,17.04761859929772,0.0,1,0,48.4924477192102
7,6,0,13.122239855235058,0.0,1,1,52.88855542679295
5,6,0,12.160187551559478,0.0,1,0,51.04584921380937
19,5,1,11.715699264525403,54.51557099920337,2,1,80.67954926615096
11,0,1,2.3312672123228992,117.90630017187985,0,0,102.04384812864107
2,5,1,8.138354476882538,22.440856630503085,2,0,70.78085560148281
6,1,1,11.440762027476707,95.19816549762018,2,0,69.99021648850106
1,4,0,8.420700622698067,0.0,0,0,54.226303324748045
11,6,1,9.074320047252925,5.3766364014072066,1,0,61.70956118638674
23,6,0,24.79365710990309,0.0,0,0,28.98905440055989
13,4,1,10.741734792167996,36.424238452441806,0,0,31.265801347647344
20,2,0,13.390600041333656,0.0,2,0,34.14883133685672
17,3,0,13.212681425018609,0.0,0,0,38.63170132139476
21,4,0,14.947297493115418,0.0,1,0,47.53161625008616
7,3,1,9.613586170649489,69.17429130470616,0,1,66.98865433098696
22,2,1,18.23490624019341,118.18124317784022,0,0,81.8004722175729
5,2,1,14.217810968033678,57.6850887622029,2,1,58.980867138208374
10,4,0,5.564178131376669,0.0,1,0,49.52032074864905
16,0,0,11.462480003851857,0.0,0,0,45.30021892473826
6,6,1,11.139258396641047,85.27193922677071,2,0,70.87475378034026
6,0,1,10.909172723346886,23.304988352674933,1,0,60.99944118602997
3,6,0,14.546484011115421,0.0,0,0,54.40533376220429
0,0,1,15.173625945896104,44.306512377975416,0,0,49.177411776127514
12,3,0,14.58326541406993,0.0,1,0,45.07191566957885
23,2,1,13.694576790387815,37.392291131068426,2,0,45.69540404467618
5,4,1,12.428188538280876,109.14391282891697,0,0,69.23601910198826
10,3,1,1.2439649794384628,36.029681440206886,0,1,74.90755198241699
22,6,0,15.889463144690865,0.0,2,0,58.347674802667555
18,0,1,14.441770475532383,112.90954181030983,0,1,80.33800296536528
0,6,0,7.0761936166437955,0.0,2,1,64.00542356498262
12,4,0,13.402911391983206,0.0,0,1,39.092068702824896
3,5,1,15.239692405401117,105.62812398043985,1,0,77.90221725789893
5,0,0,17.856235326125304,0.0,2,0,54.05689597186915
5,0,0,14.551507215869435,0.0,2,1,36.057482325288575
14,2,1,13.608009034081837,16.52615435758472,1,1,57.231179698204095
4,2,0,16.733861587503714,0.0,0,1,38.82669051994019
6,5,0,10.467299899029419,0.0,0,0,40.860516565790284
5,6,0,14.060016097975263,0.0,2,0,39.681551237100855
8,2,1,8.894434028980886,44.65361248995467,1,0,46.16682182489707
15,5,0,17.551483538106517,0.0,2,1,51.047530611016654
9,0,0,3.9514444287166395,0.0,2,1,53.64924603815114
7,5,1,16.083685870751623,50.942364076048165,2,0,58.77888392890451
12,0,0,12.088544809240036,0.0,1,0,39.78561858437951
14,4,0,16.826936653631464,0.0,2,0,44.032659115898426
0,2,1,8.097278148043511,93.96241665218604,1,0,88.47663055405422
21,2,1,12.44991789408148,84.85204991304107,0,1,72.54192393056574
21,1,0,12.30315044865639,0.0,0,1,52.86619784805352
14,2,1,14.16941780025228,69.29678436773006,0,0,70.11913707441762
13,6,0,6.762190246760097,0.0,1,0,48.84320726374882
16,5,0,15.181075440421768,0.0,0,0,50.15404156012576
10,2,1,2.770529359638216,47.36289017084323,2,1,65.29726652563625
8,2,0,8.660789714413182,0.0,2,1,38.059110733850744
8,3,0,4.186349964304005,0.0,2,1,51.22620542240238
3,4,0,16.141096998428132,0.0,1,0,42.36935238850375
20,1,1,14.00065388754518,63.519770634507026,0,1,64.25281859069847
7,5,0,14.280193234493684,0.0,1,0,53.095003843843955
6,6,1,19.365946981242796,70.49021709226808,0,1,68.18275784930874
23,5,0,10.420291654190988,0.0,0,0,45.74325695388305
12,3,1,15.047928407063301,19.05034704154748,0,0,49.58520354303745
14,2,1,12.330111735882376,119.83794142977531,1,0,87.72422626407202
5,2,1,11.568827226656959,11.099194597059396,2,0,53.83807784448339
6,5,0,18.53312916039448,0.0,1,0,40.59377161772367
17,3,1,22.409396817010204,58.98187759930712,2,1,56.48044003322929
10,0,0,9.842666685682929,0.0,1,0,36.45223525840998
3,4,1,16.168597957599417,13.535847824076352,2,0,41.124301696289756
20,0,1,13.595584563234054,83.93041356126315,1,0,75.71518999440026
9,6,0,13.655562112252209,0.0,0,0,45.57958478044855
16,2,1,13.235888645167439,80.81288191484914,0,0,60.81314743997131
8,2,0,10.33461004269421,0.0,0,0,42.23697437623397
13,0,0,0.0,0.0,0,0,47.56197557803363
18,1,0,19.674046622992442,0.0,0,1,50.177832905373
21,6,0,8.526337061638005,0.0,2,1,50.18799579024514
4,3,1,10.792214275246959,47.024508708765566,1,0,66.26758965773622
16,6,1,10.89853549990956,100.94610701102854,1,0,81.0785444276478
21,6,0,8.080983033733112,0.0,1,1,43.52459835796474
15,0,0,13.20120070997811,0.0,1,0,40.87552021255567
3,2,0,11.778437822889575,0.0,1,0,49.51903840740838
4,5,1,8.417320105852308,12.930110457873955,2,0,50.71090446293625
4,3,1,12.746510083256775,15.047882265877238,2,0,54.09423896447692
2,3,1,11.834766535208177,87.20446397227337,1,1,77.19753460078492
18,3,0,16.63919285644051,0.0,2,1,44.05301077014685
23,4,1,5.298086061591336,60.936496968010545,1,1,74.86176261608762
12,6,0,7.9730533955410845,0.0,2,0,44.41231459184848
14,6,0,15.626488054187025,0.0,1,0,40.01144633783275
18,4,1,8.801285282758885,56.08376380400272,2,1,74.8590631461193
9,4,0,7.482988687274583,0.0,0,1,63.624494629252496
11,2,0,9.048545294956945,0.0,0,0,55.105101684166044
14,0,0,11.495106416553085,0.0,0,0,23.492471876085695
7,4,1,11.514105319664791,87.53631397058196,2,0,70.36244297147834
1,0,1,10.950207819488334,17.535781814382855,2,0,53.295091748352675
13,4,0,6.857174257756752,0.0,1,0,40.72852259943931
19,3,1,15.865794636267658,88.0963387305815,1,1,63.98038416849776
1,5,0,18.63109881128839,0.0,1,0,36.74538642127488
5,6,1,2.4478565680663458,53.13037978315888,0,1,74.39992937938845
6,3,0,4.232296912882369,0.0,1,0,56.55445512429557
19,4,1,17.014284873874935,41.70097050147979,2,1,53.04513798537801
12,3,0,19.848981703128693,0.0,2,1,35.567814761686265
12,2,1,1.3541051414763174,82.33598641437106,0,1,75.98485686568524
15,0,0,16.07718250639417,0.0,1,1,46.195028853071165
6,0,1,20.189399432243896,16.137217096355123,1,1,48.01562482157897
17,5,1,7.687938670835942,35.25846820413673,1,1,68.44647704567328
0,6,0,19.898339134466053,0.0,2,0,40.11934919815341
2,0,0,11.110028595599971,0.0,2,0,35.6223387373939
19,2,0,13.5731854528656,0.0,0,1,41.35034025719409
15,4,0,8.403833427264555,0.0,1,1,55.132289933096416
4,4,1,17.005142630106945,111.46496245910589,0,0,66.52478495839266
10,5,0,16.172260588077336,0.0,2,1,41.383565432001944
1,4,1,20.623546778649118,28.731082689708014,1,0,50.83824492120816
16,0,0,19.203036845551125,0.0,1,0,55.66706989652381
18,1,0,11.954249778913823,0.0,2,1,40.627683963006426
6,3,0,27.541893075909485,0.0,2,1,31.993070088162614
8,0,1,18.7539632423685,44.97724697100664,2,1,69.23968006316899
5,2,0,14.702580175228285,0.0,0,0,38.531354315229805
9,2,0,7.014228011731942,0.0,2,1,57.986263363185714
6,6,0,4.349836353861825,0.0,1,0,54.661416179373155
5,2,0,4.774860714616697,0.0,0,0,49.412013717883866
10,6,0,7.331672565377271,0.0,1,0,52.74759888538024
20,4,1,18.88651327945114,6.080421227940951,0,1,40.83884176515751
18,4,1,14.435444566687616,54.731860690304586,0,1,80.67030875897437
7,5,0,8.933134083157709,0.0,1,0,31.329039761970417
22,5,1,11.320654945516463,70.97789847716022,1,1,68.52600799272356
5,1,1,10.71126798536057,110.48388347542583,2,0,83.07509491120251
21,2,1,16.000253352618316,85.98160379458754,2,0,71.22141703480621
7,3,1,7.606011187820849,93.31644585127411,0,0,90.21934415327328
12,6,0,13.748431930581214,0.0,2,1,40.42495977227073
4,0,1,13.500428879733501,20.813927410533523,0,0,55.42085255236321
18,3,1,7.755659949235441,109.46221036778756,0,0,88.9589779063811
7,1,0,19.940030146051743,0.0,0,0,45.755787480411556
20,1,0,10.522143967384357,0.0,0,0,45.48482448857264
1,5,1,7.03624937721882,74.10269460802874,1,0,77.88460243991356
12,1,1,16.264399897600967,54.537712864210775,2,0,60.08916174637542
3,5,0,12.272477885773212,0.0,2,0,37.29358920590789
21,6,1,14.042141563295273,47.724574516814585,1,1,73.26217988122946
10,5,1,6.0766009990423,71.70641879220247,2,0,69.13849440451534
16,1,1,16.06208125820986,111.69171223504344,1,0,77.41453216868241
21,0,0,22.86214182262277,0.0,0,0,29.855708580573033
12,3,0,5.685831351077685,0.0,0,0,53.66750648908055
1,3,1,13.771044029947642,53.75890888774654,1,0,58.973497686013765
5,5,1,8.073451523249938,3.9928053418187925,0,0,62.06065777993044
5,2,1,25.448030297987316,42.14260923525472,1,0,53.6630940686587
21,1,0,18.19816239075125,0.0,0,0,38.226703904569916
21,6,0,13.410536715149851,0.0,1,0,36.99356636993771
11,6,0,5.860662620652898,0.0,2,1,49.425815896417696
21,4,0,7.06971962611871,0.0,0,0,53.50446807645361
5,4,1,15.731372528408944,2.7666999131380354,0,0,43.016169266844635
16,6,0,5.187539011412546,0.0,0,0,49.727131586542015
9,3,0,5.344430776289659,0.0,2,1,42.5606972315484
5,1,1,12.04415632583939,1.5976976722808178,0,0,63.86904635283637
6,4,1,12.667083347717872,84.6638170438884,0,1,72.88977943145704
10,3,1,13.900157035971468,9.97534192429464,2,0,36.375104559017586
8,5,1,9.802373510914432,76.75167232257253,1,0,65.4208122553203
5,5,1,16.600732730655427,36.1062767602544,1,0,51.6037891113347
8,3,1,7.690926435117866,25.451068777964686,1,0,73.31333973724485
3,2,1,15.133221767782207,75.36977724449233,1,0,67.90962431202175
23,2,0,13.070603393340626,0.0,1,0,41.54510328314986
9,4,0,15.003245428142662,0.0,1,0,49.754941853336604
2,4,1,17.90999025962769,98.6811449840629,2,0,82.55188691087649
13,3,1,9.723338274475593,31.93472840749247,1,0,63.67118581423793
21,3,0,8.694612340902857,0.0,0,0,49.643317630809356
8,6,0,3.5580312192420838,0.0,0,0,43.31888455008924
20,1,0,1.9049895203858185,0.0,2,1,47.46787426041518
14,1,1,11.12012920965261,119.67798602836945,0,0,75.26376886443718
17,5,0,11.462385595651932,0.0,0,0,44.038388829980136
7,6,0,6.569584380280867,0.0,0,0,46.34705256343906
0,4,0,7.644501500657792,0.0,1,0,44.65682387560419
8,2,1,19.617269286479644,72.36743356366442,0,1,66.86889024867605
22,2,0,16.379198901514066,0.0,1,1,36.63912003141209
18,3,0,5.691965626391883,0.0,2,0,47.72270638645471
18,0,1,9.788259744405474,64.35963011489703,1,1,65.80460459349283
21,3,0,14.030013458282017,0.0,2,0,43.52119072747581
8,1,0,8.867744878197293,0.0,0,0,50.82290260149624
7,1,0,7.956523422972838,0.0,2,0,37.87851610041363
22,3,0,10.308771081087341,0.0,0,0,50.37870690899996
13,6,1,17.45330442666237,35.164839116220435,1,0,55.4590703473046
7,1,0,17.907006512593696,0.0,2,1,44.023404865332694
6,6,1,8.32276591103865,40.47142297706216,2,0,63.57263597399854
21,3,1,14.302755473171556,33.554354085121936,2,1,58.19433125245216
1,6,0,11.967941235611248,0.0,1,0,42.10031834087099
1,2,1,6.958822537569747,73.51716504216853,1,0,78.71089469973926
17,6,0,10.514627433749784,0.0,1,1,55.74483367155094
0,4,1,5.678829060011804,48.82816697338996,1,0,63.58374849781211
4,4,0,17.815276185765477,0.0,0,0,37.07502162352496
23,3,0,19.762360213276516,0.0,2,1,44.23415262501247
10,3,1,9.947134592129547,1.573147647198394,2,0,43.16083126909921
17,3,1,8.754603437278433,40.68714156199185,2,0,56.48291152872529
11,5,1,17.27297218824288,29.314665419747087,2,1,54.819130741457116
2,5,0,18.08074470490009,0.0,0,0,37.09166400274735
4,0,1,6.4279429905374235,33.05233114823054,0,0,71.19993309715575
18,4,0,11.259776656236749,0.0,0,1,42.262486740559915
2,5,1,11.70530806064383,64.53449374877697,1,0,61.66990210202587
14,5,1,8.146118631725406,65.68791587348717,0,0,71.43558966135267
8,3,0,13.92990847043724,0.0,2,1,47.33951574614744
8,2,0,8.500273324580245,0.0,0,1,50.762318140436996
22,4,0,9.298696273218123,0.0,2,0,51.87234488016106
14,4,0,11.493286350824794,0.0,1,0,41.38012248338957
14,2,1,4.554688588873205,87.39372492562707,1,0,91.02800017737161
8,2,0,1.7177336501167861,0.0,1,1,40.383027680603064
9,2,1,16.591361833191634,74.19585835956427,1,0,61.448608992182635
16,0,1,8.298384554440766,58.88802894994467,1,0,69.27904314903228
0,0,0,22.674320415125194,0.0,0,0,31.28359830532547
5,0,0,21.859189625418303,0.0,0,0,35.03504903331736
14,2,1,9.467606891404722,82.19901781763447,1,0,68.34229232576602
14,3,0,23.695264977913133,0.0,0,0,34.37853381985921
2,2,0,16.687872646937883,0.0,0,0,45.354319913153944
18,6,1,8.773430985284618,67.23628027077412,1,1,67.22955202170584
13,1,0,0.0,0.0,0,0,47.968260566716715
5,2,0,15.440775688001633,0.0,1,0,38.960033094531134
18,1,0,12.156479374405729,0.0,1,1,54.105756936144516
23,2,1,14.156807928718495,28.049682529430754,0,0,62.2565301490568
10,4,1,10.855819117477754,118.77076448225361,1,0,84.06023263298849
6,2,1,6.280715347005678,113.84022251664493,1,0,93.88580127184677
7,2,1,9.864866677894131,31.862533155877642,2,1,58.11331706722471
14,4,1,15.533186429725198,53.0174585531912,1,1,71.40194987132513
1,5,1,10.228123163128945,107.3745529897038,1,1,85.93112532547552
11,1,0,10.197910713286962,0.0,0,0,45.229237962121154
0,0,1,4.403064559711769,114.57846202895652,0,0,104.37902933323386
0,1,0,12.456002408891376,0.0,1,0,37.64478885167841
10,4,1,6.440340292562352,86.88267427560486,1,1,82.81029747742133
17,6,1,16.592630998490563,71.94072805410782,2,0,77.83372987775877
21,1,0,8.329495498849091,0.0,2,1,53.665685422204625
2,0,1,10.521479547521215,86.13510641843759,2,0,70.62737371867593
5,3,1,22.81991782872186,2.9052611420448082,1,1,31.227550806439126
10,6,1,10.467128886497061,27.70438192185565,0,1,45.05492633957677
13,3,0,9.79712591933462,0.0,1,1,59.025671936867376
23,6,1,14.928109929494653,14.096448802710881,2,0,38.92812246173581
16,4,1,3.0736909888717356,4.0753325323744205,0,0,59.67462561142629
12,0,0,18.25404660889263,0.0,2,1,28.984671511141343
1,2,0,16.969700217277975,0.0,0,0,61.88096716001215
1,5,1,14.622258724373626,15.944033946055436,1,0,38.059427899612245
3,3,0,0.0,0.0,2,0,55.3401737135626
15,1,0,10.702941507621116,0.0,0,0,56.134127113444684
7,1,1,5.635668869973335,11.38834458232807,0,0,48.85280203326432
5,4,1,17.6205339197977,86.98262714742295,2,1,75.85766197336945
16,3,0,17.262805436280058,0.0,1,1,38.93509960720571
19,4,0,13.940049449153868,0.0,1,1,46.95349436634358
10,2,0,5.984444014299936,0.0,0,1,58.858604244341635
21,2,1,19.47147105262465,45.82236176022667,2,0,52.033689058965656
17,4,1,10.688694304902562,65.48982223815943,1,0,81.34576528260733
17,0,0,21.026855334502827,0.0,1,1,40.99794753116971
20,3,1,13.326935334313243,37.17728593394319,2,0,72.93822879347944
4,2,1,14.53404009458324,23.328881863968583,1,1,44.882306079359395
18,5,0,9.69847807718735,0.0,2,1,42.10460400577508
22,5,1,19.034777888909044,19.836832380840296,1,0,44.85693857900491
23,2,0,15.042169421468042,0.0,2,0,33.26504174943517
13,1,1,19.214458462573106,70.45762508106613,1,0,71.6956708610962
18,1,0,12.8877059927352,0.0,0,1,44.08311635112601
21,1,1,11.764806703721002,37.71108768162998,2,1,49.61804164758033
20,1,1,14.975650814494054,44.47553535296634,0,1,52.00357786560986
21,5,1,19.21270254545604,70.9295673356643,2,0,57.49546964040067
19,0,1,17.08367153619586,117.55521369409784,2,1,89.86666340302996
9,0,1,12.691119035771363,38.19276228212364,1,1,61.87198161055652
17,3,0,2.713907461860501,0.0,1,1,51.76834851997718
9,1,0,16.051930196856617,0.0,0,1,39.23606768671496
19,5,1,4.806476012730041,13.55497408036815,2,1,53.98921632959336
19,5,0,12.175028780761691,0.0,0,1,59.50888732827737
22,5,1,11.421169063147124,117.17770448504905,1,1,85.00405033092059
14,3,1,4.911157584671934,58.18365537984273,2,0,78.29573651795589
11,3,1,13.862515449369166,95.9898072225487,0,0,74.87193781531806
3,2,0,22.771588701036386,0.0,0,0,50.24271223734183
15,1,0,10.436972344100402,0.0,2,1,36.89688758658089
13,3,0,15.82939831206565,0.0,2,0,48.792726129863794
12,6,1,23.778449193710543,82.34309997910489,0,1,58.722178034773336
16,1,1,16.31306609504437,73.84927151325886,0,1,85.5031805364215
20,0,1,8.775783461711358,62.177139258058595,1,0,75.32014471453587
3,3,0,13.18507398061374,0.0,1,0,30.82159851699889
10,2,0,14.403900915546576,0.0,0,0,36.02515230831978
17,5,0,19.16906566636981,0.0,0,0,45.145965813513165
19,5,0,18.07025170319043,0.0,1,1,45.806133811092224
18,6,1,0.0,79.20418447551644,0,0,87.38646464485687
19,2,0,7.718977239019117,0.0,1,1,50.077493738816734
20,6,1,11.649866386931993,81.86046904619413,2,1,71.77989247891857
23,0,0,6.923564687311524,0.0,0,0,58.155126346626076
14,2,1,0.0,50.50235871298126,1,1,65.76257232665087
5,1,1,8.371907561246612,23.471371195056314,2,0,56.944921188527545
13,6,0,11.981946962561691,0.0,1,1,40.4533072935204
17,4,1,9.373576585942804,79.87104884437483,0,1,69.85665094035117
2,2,0,7.015283724618297,0.0,2,1,45.71577390766123
18,1,0,12.207323123924144,0.0,1,0,39.35203742761593
13,5,0,13.71544087626065,0.0,2,0,48.42535477511349
22,4,1,9.65701443017264,42.86522089596799,0,0,50.468400100785274
5,5,1,18.85871911236836,42.44556331593684,2,0,58.21711131855328
21,3,0,12.288572079397381,0.0,2,1,40.095010670325074
10,1,0,7.642431651825598,0.0,0,1,49.12916234488861
13,2,1,6.377313388250829,112.01307940830948,1,0,87.76797117341212
15,4,1,10.935150983706691,74.77702635598615,1,0,68.43006660614044
13,1,0,17.567103267687273,0.0,1,0,50.651305213197865
21,0,0,7.881556454284332,0.0,1,1,45.727696495704514
4,5,1,14.979397419983506,103.06948490486279,2,1,84.71882049171573
17,3,1,12.472784550071564,58.735431508775726,2,1,71.31027273876406
23,2,1,21.966164847523384,85.07755475172276,2,0,65.02353906091098
5,3,0,13.951257318302847,0.0,0,1,33.775876152679736
6,5,1,8.508868802870703,47.972232972,2,0,57.926023495409034
11,0,0,15.681847643823431,0.0,1,0,52.68490784537787
17,3,1,15.850109954479851,112.92124052625908,2,0,85.78275198746826
23,1,1,10.014944938520927,38.916079711439174,1,0,61.71951560028581
19,0,0,6.18002147834995,0.0,0,0,45.51976345361141
19,0,0,14.680175956132853,0.0,2,0,57.11043468954455
10,3,1,12.31757588382501,15.286134688076833,2,1,43.551225196113776
15,3,0,4.417249541312232,0.0,0,1,52.58387320087075
5,3,1,13.272604994953063,54.68207420066296,0,0,67.53509738938482
11,5,0,8.815035509893969,0.0,2,0,37.50232161925034
4,3,0,4.421989790687595,0.0,0,0,45.394568757648116
0,4,1,10.239418283058491,95.213510511111,1,0,76.47283105608716
20,5,1,18.414593671034318,43.459255587814795,1,1,62.374346184875925
19,4,0,18.040307500440285,0.0,1,1,37.065040626238094
12,6,0,16.733760510036838,0.0,1,1,30.123476356141843
0,1,1,13.346164450460616,31.347741711116356,2,1,43.036516416337605
2,5,0,14.978986016775497,0.0,1,0,36.88081675861798
2,4,0,12.493222907390008,0.0,2,0,33.08455346637438
17,4,1,6.4747458689276565,119.5132223128735,1,0,97.79897904293367
4,0,1,7.472490505737827,73.59026717558164,1,0,81.24132388310046
6,3,0,8.964095372211478,0.0,1,0,47.88516345918351
20,6,0,19.006795383181647,0.0,0,1,37.68964392667284
21,4,0,17.383453655602224,0.0,2,0,47.02600931262392
18,0,1,6.6006121833658735,104.7901119161682,2,0,91.99748711898233
7,2,0,12.266955577080997,0.0,0,0,37.29299849491164
13,3,1,9.986964286236361,104.62213798088666,0,0,76.84007029779504
4,5,1,11.224497303496582,33.655097994449626,1,0,63.452040118448906
20,3,0,9.319785905238865,0.0,0,1,49.708613350137085
2,5,1,19.028458114031388,46.75182331891533,0,0,61.00625345305241
17,5,0,11.905467315631823,0.0,2,1,38.32423536827178
12,1,0,13.080784023006366,0.0,0,0,38.52209164453765
18,1,1,13.121291030666615,85.80635369536287,1,1,78.24630170103626
10,6,1,6.8611491251949,62.22213969547329,2,1,65.83315636293929
3,4,1,12.542768489202636,27.659748958974383,1,0,42.48717782309362
18,5,1,17.311584108934206,96.89911603506494,0,0,69.73093152102008
15,6,0,19.36345492740353,0.0,0,0,37.868128372584884
11,2,1,6.2609251614027865,43.54543469675673,0,1,78.84295401024646
8,0,1,4.406993813056356,101.91033827501914,1,1,80.43545255976527
8,6,1,12.31067290020761,103.6635326129387,1,0,80.9402093547602
11,4,0,17.54593787867517,0.0,0,1,57.30667228785492
6,0,1,13.797982271418439,84.63685533446863,0,1,64.8372540396133
6,3,0,15.401480380399027,0.0,1,0,47.962732538977654
6,0,0,5.1987548954673874,0.0,1,0,45.15318553196676
0,2,0,9.140062578650028,0.0,1,0,50.90149513581937
22,2,0,1.0194384710354907,0.0,2,0,72.8615865411563
5,3,0,11.287559753770207,0.0,1,0,52.3023521843625
3,3,1,1.1789027957836407,74.17638986666744,2,0,81.23348497508864
3,5,1,18.663308509202388,3.4487813497696385,1,0,33.66744050372038
23,2,0,19.774107339544674,0.0,1,0,37.777347690624936
11,5,1,12.703217460308828,96.19467451087897,0,1,73.98270094642783
7,6,0,4.4371344616103485,0.0,2,0,39.845854803983805
9,5,0,13.878563269565884,0.0,2,1,26.86579140230212
2,1,0,21.29566279230471,0.0,2,0,31.31974015213834
7,4,1,14.378677498434637,98.60499177501666,2,0,77.75643097830867
5,1,0,17.9249199524546,0.0,0,0,49.61461089641374
19,3,0,9.574173441518901,0.0,1,0,41.43514771226875
1,4,1,7.643949760833082,103.08692492135815,2,0,86.49818144256912
10,2,1,11.645689954186754,43.44909950555552,2,0,47.281090327692056
18,0,0,2.3664732252963514,0.0,1,0,46.70360410794698
20,5,0,23.320442806569723,0.0,0,1,16.765009746680136
12,5,1,12.698250232402465,93.32456692013692,2,0,95.37799214714715
5,0,0,16.33386477183504,0.0,1,1,43.51684568489709
8,2,1,9.692457358018967,52.36139176631566,0,1,66.90381268195368
5,1,1,4.284568150708561,109.45039420258252,1,0,94.16174092238009
15,6,0,19.129074153404378,0.0,2,1,59.95559854924407
7,6,1,6.379498593616841,50.02030925751873,2,1,63.921316202560604
15,4,0,13.74419381784621,0.0,2,0,36.158449797894335
15,3,1,14.215424056597262,11.811798641579587,0,0,63.76324209159202
22,0,0,12.369756518394418,0.0,2,0,35.257106677004415
8,1,0,8.077078819089007,0.0,2,1,58.92335400995975
23,0,1,11.251838814868846,42.67706891425118,0,0,60.34494648885595
9,5,0,7.249745869788098,0.0,2,1,52.666980957221284
16,0,0,16.04588846279469,0.0,0,1,30.6695848834466
15,4,1,14.85773463749107,20.815046226334992,2,1,71.14769219920763
19,6,1,11.892987834510514,113.73421407450921,2,0,82.23474007436634
11,2,0,9.158242641524847,0.0,2,0,42.06258132408215
19,4,0,22.536589498910082,0.0,1,1,41.35769525791151
8,6,1,5.489680069233319,13.22046109452248,0,1,50.075704715630465
11,2,0,4.276934515695789,0.0,2,1,54.97413116123235
11,3,1,11.589970096859885,85.17461004291631,1,1,65.45128437202362
16,1,0,10.709763367145468,0.0,1,1,47.59705600949798
14,2,1,17.48791227377191,41.744875905274924,2,0,50.79505268081286
1,6,0,15.230582274733361,0.0,0,0,36.54900188653226
19,4,1,12.147627934910199,69.74374844478231,1,1,62.161608476027205
18,1,0,14.501688914097366,0.0,2,1,50.485559781017976
2,3,0,14.410828741248292,0.0,1,0,40.668156424190784
23,4,1,22.517783600909752,39.64634307932859,2,0,49.39090865224722
15,0,1,13.266816952477173,107.47284632095666,2,0,85.41856972826162
2,5,0,8.594614336602529,0.0,1,1,57.24556720625461
11,1,0,12.992505499141053,0.0,0,0,37.2199662207216
20,2,1,0.0,70.48858422664719,2,1,81.43614488213353
6,2,1,11.83676229289819,32.2728076607837,2,1,49.54884269409467
22,3,1,17.46491235552994,70.25766626725964,0,0,63.950139721977685
10,6,0,15.010920594352108,0.0,2,1,51.51195889544738
5,1,1,13.492780218228374,24.275303254864724,0,0,33.93370512242724
8,1,0,15.24619577785247,0.0,0,1,35.42001176954325
12,2,1,17.51628272438858,0.23727972178301027,0,0,39.219416230234444
16,6,0,19.126167036490937,0.0,1,1,42.74405375289537
22,6,0,14.237279501447293,0.0,0,0,53.36819525422505
4,3,0,10.419442827436542,0.0,2,1,33.08619899809126
23,4,1,0.43239004720112106,103.00238532157806,1,0,102.02876055752871
12,6,1,16.890867135038647,113.69029209573374,1,1,85.4452373755963
3,5,0,14.576012568019516,0.0,0,1,41.41416493268781
22,4,0,12.763297437579004,0.0,2,0,33.03707930793645
8,3,1,8.559742524028813,101.62527160616526,2,1,79.1415596494416
14,6,0,16.82576001670278,0.0,1,0,49.74093537228982
16,1,0,10.713817870859339,0.0,0,0,46.6403383515318
0,2,0,11.82788944477008,0.0,2,1,44.091233297662626
5,4,1,11.720057054158783,77.79661209215799,2,0,65.08092268814937
16,0,1,14.249258590827491,31.884014706958112,1,1,60.6370962022302
7,3,1,6.256839944849356,89.94734815428647,1,1,80.2784222601873
0,5,1,14.81275930953673,62.324787584208316,2,0,63.0704908816414
0,1,1,8.395558215959865,21.467402270773373,0,0,55.03526760301754
19,5,1,8.570981465504222,48.26748568915664,2,1,59.874841915363604
3,2,0,16.426200237788745,0.0,1,0,35.336650135675235
2,6,0,7.024857694522147,0.0,0,0,37.22390699897578
13,4,1,16.417212005052328,57.64348733153326,2,1,57.08568496163447
2,1,1,12.506833623544525,18.148761690195528,2,0,36.945315651957976
15,5,1,3.7586162556496383,66.6273349263332,2,0,79.19828388067957
13,0,0,18.8223792582325,0.0,2,1,34.601027159138496
15,1,0,13.551268636317472,0.0,0,1,41.02057368036273
11,6,0,13.97062932944935,0.0,1,1,43.52641932250516
18,6,0,17.036211552923795,0.0,1,1,34.95349786968315
15,0,1,19.49610372280649,70.60503565466081,1,1,54.71484872758613
9,2,0,13.005134481080637,0.0,0,1,46.370503092873044
0,0,0,15.086436612480341,0.0,0,0,58.042931132336776
6,1,0,13.85592965308713,0.0,1,1,51.196350999721346
3,6,0,10.285661466491602,0.0,1,0,57.010431901307015
0,1,1,4.082818485524278,57.84944344180532,0,0,61.593556412558556
6,4,1,13.074610295521042,66.15486635241797,2,0,66.16281110207143
4,5,0,18.89468915322278,0.0,2,0,38.300217480605234
1,6,1,14.916664816788284,85.17576706666526,1,0,84.3055827898423
7,2,1,6.662884045117791,54.29134337102228,1,1,76.00627530144372
12,4,1,17.48760752822453,86.71627305415629,0,1,70.04751421012814
4,3,1,10.452650740718298,58.31226834962965,0,1,48.74027297824379
6,0,1,1.5398706375249773,79.53797007942046,0,0,72.33593453088497
0,1,1,17.089519075912605,31.573189389780705,2,0,57.442583717235046
1,5,0,7.273096879534436,0.0,0,0,46.61560887551998
3,4,1,20.90364186558955,56.15949026888665,2,0,57.05122591689401
10,3,1,17.738867002987092,36.26355514191106,1,1,58.410206660213824
15,5,1,10.8610036316842,7.477440022040813,0,0,57.98276290854843
18,4,0,14.296799228772315,0.0,0,1,37.33195545987357
15,2,1,24.11959282827552,1.1706073449719323,2,0,40.847272262958995
14,2,1,17.000035189184924,46.779630417344656,2,0,70.66444655360428
22,6,0,13.191000123922946,0.0,1,1,55.87098856909709
6,6,1,26.44576997103135,76.05039025600834,1,0,56.21447900418082
19,0,1,12.587905054782443,118.49147233689605,1,1,88.76070057578349
22,5,1,14.909074094394182,102.96014386381296,2,0,85.11480290592617
13,0,1,7.318934054703704,117.01005734530318,0,0,90.25957603914969
20,6,1,3.6264056720255518,114.1124501202414,0,0,90.04468858889541
3,4,0,10.56098854025823,0.0,0,0,32.70753655799153
21,4,1,12.192040421842593,33.833686094327,0,0,50.16754533819194
13,4,1,13.646317922049294,35.6385096827952,0,0,50.993801978827946
5,4,0,4.9011447661287635,0.0,1,0,40.98807274690311
1,1,1,15.303371610589737,101.59806917799723,2,1,79.19261485041186
17,5,0,7.848072379781616,0.0,2,1,55.6540059992339
10,3,0,15.043671796972074,0.0,0,1,39.61126045145715
7,3,1,16.67463241421825,106.91891123328534,1,1,61.452285506354855
9,2,1,10.022454549736855,85.72429966294418,1,1,76.03855777545567
23,0,0,7.1809053386620025,0.0,1,1,51.447168330985825
10,3,1,19.71824658691814,17.98372751429919,2,0,47.17064536053641
1,2,0,16.364560471495977,0.0,2,0,36.139197704159876
6,4,0,12.759881669237036,0.0,2,0,35.15214075252041
3,2,1,19.342138818399263,42.502069075350605,1,0,61.49321079290189
16,6,0,12.416308619877569,0.0,2,0,47.880780988710704
19,4,1,8.897463949026745,95.87637168067079,2,1,75.98889804438896
20,3,0,6.991489678136201,0.0,2,1,37.39733503987584
15,4,0,11.461004323231785,0.0,0,1,47.61205056971298
18,4,1,15.858602389907965,119.99485095361086,2,0,77.13095251525328
10,4,0,18.948796075539093,0.0,2,1,42.90250061061146
15,4,0,12.117551080172374,0.0,2,0,46.56865064542421
2,6,0,18.065624639678386,0.0,1,1,57.162766986838236
12,2,1,10.928652842489845,88.37068648026695,1,0,76.56359983696449
13,3,0,8.09200990672073,0.0,0,0,64.53246330046787
0,1,1,5.468433830998058,99.73816518562113,0,0,86.18891326823776
13,3,0,9.468800188290668,0.0,2,0,42.08954606129803
17,6,1,5.656712862751725,104.06816744639416,0,1,78.45463264077055
8,4,1,22.047558155951002,64.7650493261386,1,1,53.01348631883904
13,1,0,14.196482131546727,0.0,1,0,47.07545359832469
6,6,1,11.521925754178442,80.8581533527156,2,1,75.11609052331765
6,5,0,20.610008811727873,0.0,0,0,23.802875509927325
3,3,1,5.488663155142476,64.39485483340829,0,0,81.30857913053481
7,1,0,11.314285820521281,0.0,0,1,57.76382373566317
19,2,1,21.998368960509307,7.690226823771744,0,1,25.302570525803503
22,5,0,11.279797466376664,0.0,0,1,54.07235894204442
15,4,1,24.234068892022638,90.77455215390071,1,0,80.84858077653134
14,1,0,15.928024197207693,0.0,1,0,27.889081186541574
14,1,0,18.529629543161164,0.0,1,0,36.43820523010398
11,6,0,18.674474117274354,0.0,1,0,33.26405249177222
10,3,1,12.008012301240187,26.56781915679947,2,1,62.483499913321545
14,4,0,9.558941677022117,0.0,0,1,44.03533907318504
18,2,1,11.422798400597934,46.02811409924277,2,0,58.335102162895915
9,0,1,7.065337483431866,105.6223672588128,1,1,89.685687299981
13,2,0,11.67018558385103,0.0,1,0,58.140805603345285
11,4,0,11.977969753775195,0.0,0,1,44.924462351079924
6,2,0,20.44617497659602,0.0,2,0,34.877188943491326
6,4,0,14.966378553637387,0.0,1,0,40.75207399117705
1,3,1,23.81308778893436,50.10909647444186,1,0,58.752869385740865
10,2,1,1.202279511780258,59.07783577554408,0,1,64.06435639385991
17,1,1,5.914781499850287,53.034050963866136,1,1,68.69858643692994
16,1,1,10.223273361673169,78.54882678596017,2,1,66.8115823974309
23,1,1,19.462472320071026,36.53281414403608,2,0,42.59252656249903
0,5,1,11.452113998583263,107.11576640969545,2,0,67.77139756054508
18,2,0,4.660865821743743,0.0,0,0,47.15138096338856
19,5,1,10.774377819255186,40.999370401805265,0,0,69.36010278534238
10,2,1,6.01200871122543,110.75339828038302,2,1,73.08703359059884
6,2,0,5.031871159250973,0.0,2,0,55.31625128165965
8,6,1,21.9941390882695,9.968759879448093,0,0,35.70307268555169
16,6,1,10.241955666596741,18.64032761677608,2,1,44.82339072504107
20,2,0,12.865764314012567,0.0,2,1,47.45839382463345
15,1,1,11.535218264159568,67.4790615486508,2,0,79.8740328226544
12,5,1,10.74252187695776,64.15405687157123,0,0,80.84384803575647
15,0,1,7.796694838561832,9.838932462395746,2,0,54.47586420135355
1,3,1,10.446826979141765,19.689144641756194,1,1,52.97146280307511
14,4,1,13.686177392620735,47.54573521781316,1,0,63.82449177486111
1,4,0,19.09317656031977,0.0,0,0,59.5411569726662
23,0,0,16.73717818277037,0.0,0,1,39.26881781036542
21,0,1,5.904665512724583,60.329309928532965,2,1,80.47102418893114
12,1,0,16.942662091183024,0.0,0,1,36.70688905940321
8,0,1,14.377190057636845,76.2845202622764,1,0,63.55279814370932
17,3,1,8.876394996932522,73.35425301326072,0,0,87.72407540044154
15,6,0,12.910485480932843,0.0,2,0,44.69287025901515
16,2,1,14.861435918249494,24.11139186881917,1,1,53.34637037435532
12,3,0,12.235264739114378,0.0,0,0,49.58737180744334
5,1,0,14.401216670783606,0.0,2,0,36.33783555839867
1,0,0,7.685244915380997,0.0,2,0,45.34561887163575
6,4,0,21.964160221232564,0.0,0,1,32.29229694911686
12,1,1,2.353576355108874,69.77527383410201,1,0,80.1959081064856
10,3,0,14.889256116640707,0.0,1,0,46.02167666456983
12,4,0,13.833817315051613,0.0,2,0,39.12885169862007
6,5,0,15.214716967258571,0.0,2,0,59.05035638464015
22,1,0,8.458148241758689,0.0,2,1,48.0144527100031
8,4,0,17.84598514166528,0.0,0,1,41.54546565203578
20,6,1,11.460096591608439,48.78282267412438,1,1,73.65385146690537
9,3,1,6.068925304650327,35.52281651752766,0,0,55.578421381274325
10,0,0,6.5259480586202185,0.0,0,1,45.612267105177786
14,1,0,12.62352534418794,0.0,0,0,47.1852160418455
6,5,0,4.017392382692544,0.0,0,0,39.98085319352346
5,5,0,21.002529917212108,0.0,0,1,36.29835333606379
9,2,1,17.24460640271318,61.593709391288385,1,1,79.16912737377935
19,1,0,21.13422160425499,0.0,1,1,52.72451247233009
3,2,0,20.607117445544503,0.0,2,1,45.69203638680632
10,1,1,10.240467675992036,6.977830362629214,1,0,58.71188608122271
16,5,0,7.653352686749117,0.0,0,1,52.82436554786465
16,5,1,0.0,5.192178425701295,1,0,53.3651412389367
10,0,1,9.968829375535172,36.97386015022906,0,0,73.11440172613521
1,5,1,20.828264279179763,91.48995230075322,0,1,62.768276362129356
0,5,0,7.860746712513977,0.0,2,1,56.45909672059369
11,4,1,10.950395025681221,106.05926532867304,2,0,79.28691386842438
19,6,1,9.227148754585585,59.7885508157748,1,1,64.95248048686408
0,0,1,13.874975768038578,10.096502105964053,0,0,51.74308236810241
21,4,0,18.430423421071552,0.0,1,0,56.52746809979497
16,0,1,4.303946912427417,29.317136888617043,1,1,73.2471305045025
0,6,1,5.261120091847037,44.66192533094956,2,0,69.13286448081371
8,3,1,19.433100196371775,63.1872990726858,0,0,62.07205537027418
5,0,1,15.665334372259048,77.51248340934552,0,0,75.84891097061484
22,5,0,10.703097193257706,0.0,2,0,57.358831301280304
13,5,1,20.53541380963205,22.676225969031787,2,0,32.423887777536656
7,3,1,5.174855568050478,20.758777098221564,1,0,57.10960761924234
6,2,1,16.656067455955164,90.59244624294044,0,0,64.96303128137673
13,0,0,11.658809455680004,0.0,0,0,43.92351260614355
0,6,1,15.032719180064465,20.005369879947366,2,0,39.91246720470073
6,1,1,0.06423943937363319,51.76508660030761,1,1,58.61784222371112
3,5,1,10.696483200528254,29.701968172820422,1,0,46.28449230389616
14,4,0,15.683983580181858,0.0,1,0,38.024749172059195
16,4,1,11.683348908025856,98.88168266274265,0,0,84.95427065203344
11,4,0,18.276488864004257,0.0,2,0,33.86761161490634
3,6,1,18.109025035703933,20.983127638279345,0,0,40.93123750530815
8,0,0,7.20718187389704,0.0,2,1,52.39998708006484
20,6,0,16.119963256668402,0.0,0,1,44.39834070012276
4,0,1,7.036686713858798,108.13551955591369,0,0,100.83557000319519
3,6,1,12.270077205773783,83.63612171779856,0,0,81.9340708474486
2,1,1,15.280641246538105,55.60331932680164,1,0,54.029452278428636
19,5,0,7.823585343697091,0.0,0,1,43.37659507895556
2,0,0,15.934630927821912,0.0,0,0,48.22413773848363
13,3,1,9.473221269240485,48.44256734688196,2,0,57.2839144544097
23,3,1,9.09651236293826,38.38027410521952,2,1,58.56116183540572
15,6,1,15.533254917698578,98.94520665510211,1,0,63.52061068275816
9,0,0,7.820135281582907,0.0,0,0,38.29090582641029
4,0,1,7.565822653184525,34.06565886686645,0,1,70.94536885643308
0,4,1,17.20578020015041,91.4697393493572,1,0,74.58732746399458
3,0,0,12.54278575962467,0.0,1,0,39.93369669836842
22,5,0,4.729402523483526,0.0,2,1,47.3084704474732
3,0,0,16.278206891941053,0.0,1,0,55.699833802250794
0,6,0,9.966993838782775,0.0,1,0,41.771885608618916
19,3,1,4.984933302192674,27.143264995757313,1,1,64.2991255910546
10,6,1,0.0,108.06654498683204,2,1,99.79497025653065
8,0,0,16.51707148516204,0.0,2,1,53.34610874819098
17,1,1,7.700409669442145,42.62615683429706,0,1,56.95032303649793
12,3,1,5.780776143507493,11.970075029047056,1,0,43.369363119392276
21,0,1,15.197014151929958,7.917893553818898,2,1,36.784259935797536
11,0,0,16.02895798154427,0.0,2,0,48.02507883604035
17,2,1,8.064485007026853,16.145536622788164,2,1,70.1345924260002
21,5,1,16.56320329802989,41.35319719771435,0,0,62.3493980326463
11,4,1,22.27446460556564,22.325323555271268,1,0,39.718319559842904
6,0,1,18.733316354855486,21.380559116141082,2,1,56.99914767948912
23,0,0,17.95528547598478,0.0,0,1,36.883000728098104
5,4,1,13.57064561066265,113.052711884619,2,0,77.05828202679608
0,2,0,9.781408972355388,0.0,1,0,44.523424088291975
13,5,1,11.72056973551622,84.66672958909224,2,1,70.6079129434323
23,2,1,14.203708018313812,79.10372066421968,2,0,65.70816221172868
2,2,1,5.712440206725499,70.20653451851369,0,0,84.77639543031145
20,1,0,8.1530904619677,0.0,0,1,44.351332924423595
19,1,0,4.861249285087077,0.0,1,1,38.412677968635315
22,4,1,13.175933111457065,111.23012801057953,2,1,88.07676133892434
10,3,0,12.415269611977685,0.0,2,1,37.430722467512645
6,4,0,8.736456672656933,0.0,2,0,40.631668466868014
12,0,0,16.102496026898706,0.0,0,0,47.72792434482998
3,3,0,6.776998170358457,0.0,2,0,43.774979573378175
20,3,0,8.550826299113801,0.0,2,1,44.53656028799245
15,6,0,15.90263242456253,0.0,0,1,42.61530200084701
11,2,0,16.64407890063069,0.0,2,1,39.39400009105238
12,0,1,8.021368986455784,83.90550459390352,1,0,74.51609147023457
17,4,1,13.160213023716203,98.1848666484359,1,1,60.09300178063364
12,1,1,8.105963796104842,88.07019648793383,0,0,77.95689529898885
20,6,1,11.01330233211348,62.715230616341195,1,0,81.04732597119637
22,2,0,12.719186970757818,0.0,0,0,49.86180281371598
22,5,1,14.801830994079673,4.287954288270499,2,0,41.655308981858965
14,4,0,13.587795067465548,0.0,0,1,47.89120370634928
17,3,0,13.365811702701214,0.0,0,1,49.32623905287867
7,4,0,6.607508314464973,0.0,0,1,42.97750593387754
0,1,1,13.941383196537489,8.25053664377263,0,1,56.791979223437146
9,0,0,14.755326755981496,0.0,2,0,44.50033461494405
20,5,1,15.444672650435663,30.435382524735658,2,1,50.79800804706125
3,6,0,8.402399102645564,0.0,0,0,61.001576894010796
13,6,1,16.57792808291804,80.65228055409042,0,0,53.41930984338427
4,2,1,5.413825691115874,105.13660486709296,0,0,78.06027644280101
10,2,1,9.845909229779755,81.79562982850078,2,1,80.88456276846581
3,2,0,10.622404588529179,0.0,1,0,51.89474792055387
17,4,1,5.687954687483504,116.30837052350117,1,0,104.33188484094363
19,4,0,10.54644494247598,0.0,2,1,28.51499121961005
18,5,0,13.107404571724006,0.0,0,1,51.38366969046202
16,6,0,2.8711390908333208,0.0,2,0,42.74029672079638
5,2,0,10.026558081145772,0.0,0,0,50.329952041183084
12,4,0,3.257995338683381,0.0,1,0,51.87346823800912
2,3,1,22.20769392158472,18.622440559781097,0,0,50.550898976796525
8,6,0,13.062456084669918,0.0,0,1,42.66704138629247
12,2,0,12.629146419155038,0.0,1,1,52.98481026307561
16,1,1,13.160367058295703,41.916447104636546,1,0,52.517789048860564
2,2,0,15.022603153004162,0.0,1,0,42.33036423298207
19,4,1,16.890774249172644,102.51114736342039,1,1,78.90856266515725
11,6,1,4.182230355926684,69.94230508524122,2,0,89.54763258413716
21,5,1,18.550887987133784,7.228291279137493,0,1,49.35278154874443
12,0,0,18.22912647008627,0.0,2,0,42.05157915047311
13,3,0,11.66826694571229,0.0,0,0,50.78383643150555
16,1,0,11.406356546584002,0.0,2,0,54.56415450418962
19,2,1,0.0,60.04234001413466,2,0,79.01111223090986
3,6,0,5.780044188992057,0.0,1,0,42.174017487546614
12,6,1,14.594246381315786,17.37946580569552,0,0,54.43441697207986
0,1,0,18.00308733154946,0.0,1,0,40.37101516213781
11,0,1,15.644184610583986,75.33068804614449,0,0,66.02647949310003
19,4,0,11.621424671108553,0.0,1,0,39.42095658822141
20,2,1,21.629363502842224,12.264815111862921,0,1,46.623852418604876
6,3,0,17.025877781835693,0.0,0,0,45.475304377637414
9,6,0,10.030867906275473,0.0,2,1,39.330777327430035
13,6,0,22.91055325976707,0.0,2,0,27.822657955204072
9,6,1,6.519163826466998,17.97148790935171,1,1,71.20767902084845
4,5,1,4.6407988973127186,69.36094733481987,2,0,82.44871452234626
7,6,1,9.894473064380385,111.52631338779418,2,1,86.81242013866162
9,5,1,8.206799109897075,13.909253310706337,2,1,58.15276074788429
12,6,1,10.175341927565505,18.76892978509373,2,0,49.68698636000697
22,3,1,15.990453482005577,68.02112534813321,0,0,64.63585254764305
13,0,1,11.830102141976608,40.799606165590674,2,0,59.9875251919642
9,5,1,11.958516161901073,107.46727335139913,2,1,90.76115508631902
15,6,1,12.294074081044522,85.53166762690351,0,1,63.79421380532091
18,2,1,0.4383725351260672,17.650536741703604,0,1,52.664924794386245
10,2,0,4.423697460409664,0.0,1,1,41.663109501695104
11,4,1,10.07344367285289,77.0750450123322,2,1,80.74245167281946
5,4,1,7.785355993261312,59.23612061487453,2,0,68.69704811260848
20,4,1,10.84106256426941,30.78557309216287,1,1,49.77108064694468
20,2,1,19.020641898040452,77.96527294958744,2,1,65.29916500564427
4,5,1,11.627752513034013,107.8183000813466,0,0,78.37975994349313
8,5,1,5.3891589113850715,4.617150875536069,2,1,40.828399181984395
6,6,1,8.034501063676633,45.01800050544783,2,0,74.41150696413827
22,4,1,20.552879544961268,112.27914146247568,2,1,76.66065121272338
1,0,1,19.662469857295076,45.949133501240524,0,0,65.61981425803553
4,5,0,14.97938717824441,0.0,1,0,31.426261307586486
7,0,1,4.18758464652335,12.17329487119779,0,0,59.944790502626645
13,1,0,13.534024675520747,0.0,1,1,32.63274283559131
5,1,1,13.91848549575351,84.01446121751431,2,0,92.833327109802
12,1,0,12.1277010419512,0.0,1,0,31.462174782431248
17,5,0,9.149944721953203,0.0,2,1,62.0481178302595
19,3,1,10.186844780651278,67.66475264097835,1,1,70.37459326313592
2,1,1,8.80142546406464,82.38395817409305,0,0,75.33130102517426
3,0,1,6.274630208204879,18.81482947771447,0,0,61.28021324582004
2,1,0,18.82993917734122,0.0,2,0,32.43186231967648
21,4,1,16.411568975148477,67.44422381737505,0,0,71.75708771201215
15,5,0,10.57535278708345,0.0,0,0,53.40642914905304
12,2,1,13.760891541838847,26.85077891966413,0,0,53.484354972765374
18,0,0,13.948504451952676,0.0,2,0,45.841613935745286
14,3,1,23.71441779038031,105.59778637578177,0,0,88.42485224253733
5,5,1,16.362843404578523,38.69797396867244,1,0,60.66343822248461
12,0,0,16.173848093640522,0.0,0,0,35.80327630709765
16,5,0,12.189905065346673,0.0,2,0,51.25233981829984
0,1,1,9.827880207949121,117.79466081814721,1,0,84.06235543160125
14,1,1,18.913551263308076,115.9462736260617,0,0,74.59794510705296
11,4,1,15.261360587830922,74.03253596167869,1,0,72.80348124791921
1,0,0,7.852290229728004,0.0,0,1,40.643286711792356
6,2,1,14.26933277169919,17.07369629264481,1,0,49.93148207252533
10,0,0,16.18693044210406,0.0,0,1,47.44047395779086
8,1,1,1.5208452185356922,47.79584111153448,2,1,85.78955179939324
6,5,1,7.388066037076664,77.472826869049,1,0,81.31171056195653
15,1,1,13.813824130199531,10.738905164773405,1,0,35.947808642117955
9,0,0,2.3776934808562196,0.0,2,1,42.58754298130361
11,1,0,3.169344170573531,0.0,1,0,66.27528344672191
19,0,1,10.647691298028693,25.12352644950957,0,1,50.20104863331012
2,4,1,14.457721295474713,75.93403762838788,1,0,57.8790128769627
8,6,0,14.688918534505591,0.0,2,1,35.210711053813526
1,1,1,19.911997763457304,66.52911429474098,0,0,68.70863507190616
22,5,1,12.411319439447494,112.25242818442482,0,0,85.26201231604253
4,2,0,10.13673573269739,0.0,1,0,52.06928782052826
19,0,0,5.463202069223758,0.0,0,0,50.36539288636241
4,4,0,10.076861917864822,0.0,2,0,38.115682562483514
7,1,0,15.537646539983637,0.0,0,0,28.271884854522007
14,3,0,15.763611017435592,0.0,0,0,35.71241306246401
19,3,0,13.323095033642463,0.0,1,1,45.315665564697824
4,4,0,14.735574676473583,0.0,2,0,33.74312724883502
5,0,0,18.381917795372956,0.0,1,1,48.15768230796837
21,1,1,12.376359215599793,50.598747361817125,0,1,54.807926955980406
7,5,0,18.836594188751175,0.0,2,0,26.714962053989993
5,6,0,8.36676580350327,0.0,1,1,48.31188127576452
17,0,1,11.633544777297546,63.37134725532103,0,0,73.95891487635333
2,2,0,9.595833850697899,0.0,2,0,59.263817429630286
20,6,1,15.96352565869504,98.17881292825123,0,1,63.69738604125607
21,2,1,6.927577767042757,111.40405538080967,2,0,99.83887616410865
20,3,1,10.391172622482545,62.736035935449394,2,0,70.12734077928899
7,6,0,2.701617545886732,0.0,1,0,47.870671326563176
2,6,1,14.971880427849307,111.66470168120198,2,0,87.55164303217614
10,4,1,18.233951378627417,23.032742171079413,1,1,59.31737827369044
8,4,1,16.553539756500484,22.766704622963587,1,1,36.29296571038469
23,4,0,16.063138067348888,0.0,0,0,38.702034365063525
15,1,0,16.197001979899742,0.0,0,0,37.68499793790008
22,6,0,15.498469142182525,0.0,2,1,47.60912959135459
18,0,0,15.071978112530397,0.0,2,1,54.62265293392648
17,0,1,15.394567288143131,54.1282432767827,1,0,62.21643136976343
2,4,0,8.721589350462207,0.0,0,0,45.68521976723106
1,5,1,10.999032782400768,46.94163778408924,0,0,66.19323361252282
1,5,1,12.351216303542564,3.467620251239514,0,0,44.45687836442629
14,4,1,10.32147430650243,64.48617074744604,0,1,51.95657828285994
4,2,1,4.168451819825801,32.52721777030452,0,0,67.18598476178144
23,2,1,5.824955065530312,13.483060154055003,2,1,62.944513537418544
3,2,0,13.14988057511737,0.0,2,0,53.06966769305752
22,1,0,16.52887954360959,0.0,0,1,32.52894092423009
16,2,0,12.046709545798533,0.0,0,0,50.2198973971354
2,0,1,25.824109309270973,79.0556371407846,2,0,74.27232523975208
1,2,0,7.401187849223649,0.0,1,0,69.32398650502813
9,6,0,14.224710710328491,0.0,0,1,47.45169008143862
8,4,0,18.456013053247208,0.0,0,0,48.10607720068507
7,0,0,17.328385605827894,0.0,1,0,33.19629413728112
12,2,0,15.275334308873092,0.0,1,0,33.792536200142436
3,1,0,17.351269869210547,0.0,1,0,49.01763747383961
3,1,0,12.2769717382885,0.0,1,0,28.891343990715207
16,4,1,20.31440872410275,48.25000659096847,1,1,56.878764328221614
23,6,1,18.41579553177131,32.29143083979574,0,0,63.01415572707144
6,4,0,7.738861996447267,0.0,1,0,54.50960070747888
22,3,0,13.607839688171934,0.0,2,0,49.76228297738878
8,1,0,4.263516852365738,0.0,1,0,51.19341918178121
8,1,0,19.608944866178547,0.0,2,0,36.03374956460661
2,5,0,13.121157205158672,0.0,1,0,61.74127681768458
10,4,1,18.743864220335062,107.26169910948693,1,1,87.41565655487824
11,3,1,11.453212476160852,99.53620380497112,2,1,87.44515683854571
15,4,1,2.7186625061734446,33.097581612004426,1,0,64.63198916719865
3,5,0,25.186837705349955,0.0,1,0,30.177574914852542
4,5,1,12.6554427359362,47.74674088981199,1,0,70.22408735928823
10,0,1,6.998956882991001,96.53798009251562,1,1,80.73406243623867
1,2,0,17.72881144195444,0.0,0,0,41.4465985600078
3,0,0,22.17928640622148,0.0,1,0,42.18211105834023
15,2,1,10.987809127714932,79.09295326998287,2,0,75.5680192364449
22,4,1,11.50378794636514,4.0188667573893255,0,0,59.60352945506023
13,1,1,13.190231173557896,6.708018551218742,1,0,36.23597490064856
3,1,0,6.445146842239499,0.0,0,0,50.38257510567944
23,3,1,8.546662752093152,62.68114577544056,2,0,87.2055855145052
12,3,1,20.909629321825108,66.91227911363254,0,0,68.86802147424993
17,4,0,11.338967810502426,0.0,2,1,44.35247260608037
4,0,0,7.812215109873949,0.0,2,0,55.140794230348504
13,1,0,9.739790518183627,0.0,1,0,46.82626348702325
1,5,0,17.36411843665067,0.0,2,0,52.83967733653283
15,4,1,2.1205155743753057,115.73079100238353,2,0,100.37938884322104
4,6,0,13.273249486769247,0.0,0,0,37.44926708125149
21,5,0,24.31109372521231,0.0,1,1,37.45801866609663
1,5,0,22.155313136445148,0.0,0,0,40.62475487345005
15,3,1,14.866013904093364,24.752373038959515,2,0,55.5153875501958
3,6,0,18.582213050219902,0.0,2,0,42.68422496713219
16,2,1,18.534131423981375,51.058898360260784,1,0,62.56126717821393
11,6,0,11.370739982554507,0.0,1,1,49.25561102548126
23,2,1,16.623969016821533,11.17195051412156,2,1,39.84150499551252
15,3,1,20.942915093936783,39.24834986730471,1,1,48.33079133196649
8,4,1,5.681188784379344,110.36687241701533,2,1,87.05012442378461
2,2,1,14.883254387407984,112.6914734738659,1,0,83.29965722154328
14,1,0,13.80737724044276,0.0,0,0,41.946893413938064
10,6,0,12.515822424871056,0.0,1,1,53.81038451641247
1,3,1,12.073166528326903,54.79109626877456,2,0,56.83732503934566
13,6,0,13.158349862652143,0.0,1,0,30.59628971487514
5,2,0,13.577860989247425,0.0,1,1,59.87246470501769
5,6,0,17.593076464315892,0.0,2,0,34.38551440014799
0,4,0,14.3825733161359,0.0,1,0,52.29696078070687
8,5,0,11.11061702661814,0.0,1,1,50.980223828024506
5,5,1,7.800392712544854,84.47756386991307,1,0,72.06873394844303
1,1,0,9.637787410864812,0.0,2,0,46.22600422016763
10,5,0,13.305830514395153,0.0,0,1,42.09970316713161
5,6,0,8.469646310588365,0.0,0,0,51.07532236831098
3,4,1,16.729385443573108,82.50185622756419,2,0,64.35272297104913
11,6,0,14.150275703364276,0.0,0,0,42.26764897339836
1,5,1,17.717637100285053,19.242286132471968,2,0,47.262674815925614
23,4,1,8.80590389516487,103.94700686668885,2,1,93.15129577164538
11,3,1,7.844661676758755,79.51472856811495,1,1,73.26552030543048
23,6,1,17.680286131338327,18.486602283251035,2,0,39.52085884240601
21,1,1,12.64976978333777,34.513549748276986,2,0,52.60221256096594
23,3,1,10.987414355490548,116.83954010863624,2,0,90.04014198996933
13,5,1,15.493302478261981,48.92957037473031,1,0,45.55799210014195
10,6,0,15.307246193228636,0.0,0,1,52.33272438318677
17,1,1,5.721181316333539,62.895643189644815,1,0,72.59374204590823
1,0,1,18.923225615430447,24.666207942983913,2,0,51.960320879470494
20,2,1,9.947965282923132,95.0060277512294,0,1,82.0472123200624
7,6,0,20.500090238709525,0.0,0,1,33.26103333700371
0,3,0,5.332256932181687,0.0,2,0,42.07660361136736
5,0,0,13.586994412401557,0.0,1,0,38.52657392822729
5,0,0,11.071893995307619,0.0,1,0,34.09424877002333
0,2,1,2.1238266178290814,38.56839970530395,2,0,69.58590242649923
16,2,1,15.291039890258316,105.46655297710433,2,0,78.37843557520483
2,0,0,2.3803148662749702,0.0,1,0,40.82116999715542
20,3,1,10.54166569516487,30.538456235561604,1,1,52.32307999483887
10,3,0,17.521377388580937,0.0,1,1,46.1999830799832
17,1,0,9.349820113524807,0.0,0,1,57.86432647592909
8,1,1,7.481329242422402,60.914476637025416,2,1,60.06393384763756
3,4,0,16.00178235281005,0.0,1,0,59.489684597966274
4,6,1,10.752409747353003,14.018445444507721,2,0,43.62922142433997
